customer_id,city,state,signup_date,shield_member
KC100000,Mysuru,KA,2024-11-27,N
KC100001,Bengaluru,KA,2023-04-01,N
KC100002,Nashik,MH,2025-10-10,N
KC100003,Delhi,DL,2024-06-07,N
KC100004,Nagpur,MH,2022-11-05,N
KC100005,Jaipur,RJ,2026-03-25,Y
KC100006,Jaipur,RJ,2024-11-24,N
KC100007,Indore,MP,2025-07-06,N
KC100008,Chennai,TN,2026-03-15,N
KC100009,Lucknow,UP,2023-12-04,N
KC100010,Delhi,DL,2023-04-14,N
KC100011,Chennai,TN,2026-02-13,N
KC100012,Mumbai,MH,2023-04-02,Y
KC100013,Delhi,DL,2025-05-28,N
KC100014,Mumbai,MH,2023-03-14,N
KC100015,Hubballi,KA,2025-10-29,N
KC100016,Delhi,DL,2024-08-13,Y
KC100017,Jaipur,RJ,2024-10-28,N
KC100018,Warangal,TS,2023-06-13,N
KC100019,Pune,MH,2023-03-06,N
KC100020,Pune,MH,2026-07-24,Y
KC100021,Jaipur,RJ,2022-11-08,N
KC100022,Nashik,MH,2025-02-25,N
KC100023,Hyderabad,TS,2023-07-04,Y
KC100024,Mysuru,KA,2024-10-24,N
KC100025,Chennai,TN,2024-10-03,Y
KC100026,Delhi,DL,2026-08-03,Y
KC100027,Delhi,DL,2023-10-23,N
KC100028,Jaipur,RJ,2026-03-30,N
KC100029,Delhi,DL,2024-09-14,N
KC100030,Hubballi,KA,2024-10-09,N
KC100031,Mumbai,MH,2023-10-22,N
KC100032,Nashik,MH,2025-01-19,N
KC100033,Aurangabad,MH,2023-04-24,N
KC100034,Nagpur,MH,2023-08-08,N
KC100035,Nashik,MH,2023-03-16,N
KC100036,Hubballi,KA,2024-10-29,N
KC100037,Mumbai,MH,2024-12-19,N
KC100038,Hyderabad,TS,2024-10-29,N
KC100039,Bhopal,MP,2025-03-18,N
KC100040,Warangal,TS,2024-08-24,N
KC100041,Coimbatore,TN,2022-12-17,Y
KC100042,Bhopal,MP,2025-02-07,N
KC100043,Warangal,TS,2023-06-22,N
KC100044,Nashik,MH,2026-04-30,N
KC100045,Mysuru,KA,2023-09-15,N
KC100046,Nagpur,MH,2024-06-26,N
KC100047,Bhopal,MP,2026-07-26,N
KC100048,Coimbatore,TN,2024-08-09,Y
KC100049,Nagpur,MH,2025-11-02,Y
KC100050,Lucknow,UP,2024-11-21,N
KC100051,Jaipur,RJ,2025-08-13,N
KC100052,Hyderabad,TS,2022-12-21,N
KC100053,Hubballi,KA,2023-09-03,N
KC100054,Delhi,DL,2025-06-07,N
KC100055,Pune,MH,2023-11-01,N
KC100056,Aurangabad,MH,2025-01-06,N
KC100057,Coimbatore,TN,2026-05-09,N
KC100058,Warangal,TS,2026-01-02,N
KC100059,Kota,RJ,2023-03-25,Y
KC100060,Nagpur,MH,2022-10-17,N
KC100061,Jaipur,RJ,2026-01-22,N
KC100062,Jaipur,RJ,2026-02-08,N
KC100063,Indore,MP,2025-08-28,N
KC100064,Mysuru,KA,2025-12-02,N
KC100065,Kota,RJ,2024-04-16,N
KC100066,Pune,MH,2025-07-10,N
KC100067,Bhopal,MP,2025-08-24,N
KC100068,Nagpur,MH,2026-04-21,N
KC100069,Warangal,TS,2024-08-22,N
KC100070,Pune,MH,2023-05-27,N
KC100071,Chennai,TN,2022-11-30,N
KC100072,Warangal,TS,2024-08-01,Y
KC100073,Kota,RJ,2024-12-20,Y
KC100074,Hyderabad,TS,2024-10-04,N
KC100075,Jaipur,RJ,2026-05-21,N
KC100076,Bengaluru,KA,2026-08-13,Y
KC100077,Lucknow,UP,2023-08-15,Y
KC100078,Nashik,MH,2024-08-19,N
KC100079,Mumbai,MH,2025-08-05,N
KC100080,Hyderabad,TS,2024-11-03,Y
KC100081,Bengaluru,KA,2024-09-06,Y
KC100082,Nagpur,MH,2023-04-03,Y
KC100083,Pune,MH,2025-07-14,N
KC100084,Lucknow,UP,2026-07-04,N
KC100085,Chennai,TN,2025-06-22,N
KC100086,Indore,MP,2026-04-26,N
KC100087,Coimbatore,TN,2024-10-04,N
KC100088,Aurangabad,MH,2023-05-09,N
KC100089,Mysuru,KA,2025-05-23,Y
KC100090,Hubballi,KA,2023-02-19,N
KC100091,Mumbai,MH,2024-06-16,N
KC100092,Nashik,MH,2023-04-12,N
KC100093,Chennai,TN,2022-11-03,N
KC100094,Pune,MH,2025-11-15,N
KC100095,Indore,MP,2025-06-14,N
KC100096,Coimbatore,TN,2025-09-25,N
KC100097,Kota,RJ,2025-11-02,Y
KC100098,Bhopal,MP,2025-06-08,Y
KC100099,Bengaluru,KA,2023-09-06,Y
KC100100,Pune,MH,2023-07-09,N
KC100101,Pune,MH,2024-10-07,Y
KC100102,Warangal,TS,2026-05-16,N
KC100103,Nagpur,MH,2023-04-20,N
KC100104,Chennai,TN,2024-08-30,N
KC100105,Nashik,MH,2024-10-14,Y
KC100106,Bengaluru,KA,2022-11-20,Y
KC100107,Chennai,TN,2025-12-16,N
KC100108,Nagpur,MH,2024-12-10,N
KC100109,Nagpur,MH,2023-04-19,Y
KC100110,Bengaluru,KA,2025-02-03,Y
KC100111,Bengaluru,KA,2024-02-12,Y
KC100112,Warangal,TS,2023-06-07,Y
KC100113,Mysuru,KA,2026-05-10,N
KC100114,Mysuru,KA,2022-12-25,N
KC100115,Kota,RJ,2023-09-29,Y
KC100116,Pune,MH,2023-03-16,N
KC100117,Aurangabad,MH,2024-11-19,N
KC100118,Warangal,TS,2023-11-22,N
KC100119,Warangal,TS,2024-07-15,N
KC100120,Indore,MP,2025-09-28,N
KC100121,Chennai,TN,2025-10-14,N
KC100122,Chennai,TN,2024-10-03,Y
KC100123,Delhi,DL,2023-08-26,N
KC100124,Kota,RJ,2024-08-14,N
KC100125,Hubballi,KA,2023-03-07,N
KC100126,Nagpur,MH,2023-08-03,Y
KC100127,Bengaluru,KA,2023-07-09,N
KC100128,Nashik,MH,2024-05-03,N
KC100129,Mysuru,KA,2024-06-08,N
KC100130,Mysuru,KA,2024-01-27,N
KC100131,Pune,MH,2022-10-23,Y
KC100132,Mysuru,KA,2024-04-12,N
KC100133,Hyderabad,TS,2024-05-30,N
KC100134,Delhi,DL,2025-11-03,N
KC100135,Bengaluru,KA,2023-06-16,N
KC100136,Chennai,TN,2025-07-29,N
KC100137,Aurangabad,MH,2026-06-24,N
KC100138,Pune,MH,2025-08-19,N
KC100139,Mumbai,MH,2022-10-20,N
KC100140,Hubballi,KA,2026-06-15,N
KC100141,Bengaluru,KA,2023-10-09,N
KC100142,Mumbai,MH,2024-04-27,N
KC100143,Mumbai,MH,2024-06-24,N
KC100144,Delhi,DL,2024-09-12,N
KC100145,Indore,MP,2024-10-15,N
KC100146,Nagpur,MH,2023-03-19,N
KC100147,Hyderabad,TS,2023-05-31,N
KC100148,Bhopal,MP,2024-08-27,N
KC100149,Mumbai,MH,2025-07-04,N
KC100150,Bengaluru,KA,2022-12-26,Y
KC100151,Coimbatore,TN,2023-01-27,N
KC100152,Delhi,DL,2023-11-09,Y
KC100153,Pune,MH,2023-03-31,N
KC100154,Lucknow,UP,2025-10-05,N
KC100155,Chennai,TN,2023-01-20,Y
KC100156,Warangal,TS,2024-02-11,Y
KC100157,Bengaluru,KA,2024-11-01,N
KC100158,Warangal,TS,2026-03-27,N
KC100159,Bhopal,MP,2022-12-08,N
KC100160,Hubballi,KA,2023-11-03,Y
KC100161,Pune,MH,2023-10-19,N
KC100162,Pune,MH,2026-08-09,N
KC100163,Kota,RJ,2024-08-12,N
KC100164,Chennai,TN,2024-05-13,N
KC100165,Indore,MP,2024-02-24,N
KC100166,Indore,MP,2024-01-04,N
KC100167,Bhopal,MP,2026-06-02,N
KC100168,Pune,MH,2024-04-21,Y
KC100169,Aurangabad,MH,2023-08-25,N
KC100170,Nagpur,MH,2025-05-25,Y
KC100171,Aurangabad,MH,2024-09-21,N
KC100172,Warangal,TS,2023-07-28,N
KC100173,Jaipur,RJ,2026-04-26,N
KC100174,Coimbatore,TN,2023-04-16,Y
KC100175,Indore,MP,2022-10-19,Y
KC100176,Chennai,TN,2024-10-06,N
KC100177,Mumbai,MH,2025-05-31,N
KC100178,Bengaluru,KA,2026-04-07,N
KC100179,Bhopal,MP,2026-01-27,Y
KC100180,Chennai,TN,2023-10-05,Y
KC100181,Aurangabad,MH,2025-02-14,Y
KC100182,Mysuru,KA,2025-07-02,N
KC100183,Kota,RJ,2025-10-07,N
KC100184,Bengaluru,KA,2023-08-26,N
KC100185,Jaipur,RJ,2023-09-30,Y
KC100186,Pune,MH,2025-09-28,N
KC100187,Warangal,TS,2025-09-12,N
KC100188,Jaipur,RJ,2024-02-23,Y
KC100189,Lucknow,UP,2023-03-17,N
KC100190,Mysuru,KA,2025-10-22,Y
KC100191,Lucknow,UP,2023-10-07,N
KC100192,Bengaluru,KA,2024-07-11,N
KC100193,Bengaluru,KA,2024-04-03,N
KC100194,Coimbatore,TN,2026-03-02,N
KC100195,Pune,MH,2023-06-29,Y
KC100196,Kota,RJ,2026-05-20,N
KC100197,Hubballi,KA,2024-12-30,N
KC100198,Bhopal,MP,2026-08-09,N
KC100199,Pune,MH,2025-12-10,N
KC100200,Pune,MH,2023-03-23,N
KC100201,Mumbai,MH,2026-05-18,N
KC100202,Hyderabad,TS,2026-03-12,N
KC100203,Lucknow,UP,2024-03-24,Y
KC100204,Bhopal,MP,2024-05-26,N
KC100205,Delhi,DL,2022-11-08,Y
KC100206,Hubballi,KA,2025-07-02,Y
KC100207,Mysuru,KA,2023-07-30,N
KC100208,Mysuru,KA,2025-11-02,N
KC100209,Warangal,TS,2023-09-15,N
KC100210,Chennai,TN,2024-11-10,N
KC100211,Aurangabad,MH,2024-07-28,N
KC100212,Delhi,DL,2024-05-27,N
KC100213,Warangal,TS,2024-02-04,Y
KC100214,Nagpur,MH,2023-07-29,N
KC100215,Mumbai,MH,2023-01-02,N
KC100216,Warangal,TS,2026-07-06,Y
KC100217,Delhi,DL,2023-02-04,N
KC100218,Hubballi,KA,2023-08-22,N
KC100219,Lucknow,UP,2023-08-14,Y
KC100220,Pune,MH,2024-11-05,N
KC100221,Indore,MP,2024-06-05,Y
KC100222,Nagpur,MH,2026-03-04,Y
KC100223,Hubballi,KA,2024-05-29,N
KC100224,Delhi,DL,2026-02-05,N
KC100225,Pune,MH,2024-01-06,N
KC100226,Bengaluru,KA,2026-01-26,N
KC100227,Bengaluru,KA,2023-07-21,Y
KC100228,Chennai,TN,2023-01-24,N
KC100229,Kota,RJ,2026-02-10,N
KC100230,Jaipur,RJ,2023-09-07,N
KC100231,Indore,MP,2024-08-21,N
KC100232,Mysuru,KA,2024-11-19,N
KC100233,Delhi,DL,2025-07-02,N
KC100234,Aurangabad,MH,2023-07-04,N
KC100235,Bengaluru,KA,2026-03-08,N
KC100236,Hyderabad,TS,2024-03-21,N
KC100237,Indore,MP,2024-09-17,N
KC100238,Delhi,DL,2023-07-27,N
KC100239,Nashik,MH,2025-03-07,Y
KC100240,Warangal,TS,2026-03-04,N
KC100241,Pune,MH,2026-01-26,N
KC100242,Pune,MH,2026-03-02,N
KC100243,Aurangabad,MH,2024-10-03,N
KC100244,Hyderabad,TS,2023-06-10,Y
KC100245,Aurangabad,MH,2022-11-22,N
KC100246,Hubballi,KA,2025-07-09,N
KC100247,Bengaluru,KA,2025-12-31,N
KC100248,Coimbatore,TN,2023-10-06,N
KC100249,Aurangabad,MH,2024-12-14,Y
KC100250,Chennai,TN,2026-06-02,N
KC100251,Hubballi,KA,2024-11-17,N
KC100252,Indore,MP,2026-06-12,N
KC100253,Pune,MH,2024-06-25,N
KC100254,Mysuru,KA,2024-01-03,Y
KC100255,Jaipur,RJ,2023-07-03,Y
KC100256,Mumbai,MH,2022-11-28,N
KC100257,Coimbatore,TN,2024-12-15,N
KC100258,Bengaluru,KA,2023-03-09,N
KC100259,Mysuru,KA,2026-06-27,N
KC100260,Mysuru,KA,2026-07-06,N
KC100261,Nashik,MH,2026-08-01,N
KC100262,Hubballi,KA,2026-07-07,N
KC100263,Bengaluru,KA,2022-12-17,N
KC100264,Mysuru,KA,2025-04-21,N
KC100265,Hubballi,KA,2023-01-27,N
KC100266,Indore,MP,2023-12-16,N
KC100267,Coimbatore,TN,2024-12-26,N
KC100268,Bhopal,MP,2025-01-23,N
KC100269,Mysuru,KA,2025-10-09,Y
KC100270,Mysuru,KA,2026-04-23,N
KC100271,Indore,MP,2023-04-02,Y
KC100272,Warangal,TS,2024-10-28,N
KC100273,Aurangabad,MH,2023-03-30,N
KC100274,Indore,MP,2026-02-11,N
KC100275,Aurangabad,MH,2024-09-27,N
KC100276,Mumbai,MH,2024-09-11,N
KC100277,Chennai,TN,2023-09-04,N
KC100278,Coimbatore,TN,2024-04-26,N
KC100279,Delhi,DL,2023-08-31,N
KC100280,Coimbatore,TN,2022-11-21,Y
KC100281,Lucknow,UP,2023-03-19,N
KC100282,Bhopal,MP,2023-08-15,N
KC100283,Bhopal,MP,2023-10-21,N
KC100284,Bengaluru,KA,2023-01-03,Y
KC100285,Mysuru,KA,2026-08-03,N
KC100286,Delhi,DL,2024-10-22,N
KC100287,Delhi,DL,2022-11-05,N
KC100288,Hubballi,KA,2024-12-26,Y
KC100289,Bengaluru,KA,2024-04-06,N
KC100290,Mysuru,KA,2023-04-21,N
KC100291,Bengaluru,KA,2025-08-17,N
KC100292,Coimbatore,TN,2024-07-26,Y
KC100293,Kota,RJ,2024-07-21,N
KC100294,Bhopal,MP,2024-12-15,Y
KC100295,Nagpur,MH,2024-03-31,N
KC100296,Hyderabad,TS,2024-10-23,N
KC100297,Mysuru,KA,2026-06-02,N
KC100298,Lucknow,UP,2025-02-16,N
KC100299,Warangal,TS,2024-05-06,Y
KC100300,Kota,RJ,2023-06-18,N
KC100301,Kota,RJ,2026-01-09,Y
KC100302,Mumbai,MH,2024-09-25,N
KC100303,Kota,RJ,2025-09-17,Y
KC100304,Nashik,MH,2023-01-26,N
KC100305,Jaipur,RJ,2024-04-16,Y
KC100306,Bhopal,MP,2024-11-06,N
KC100307,Bengaluru,KA,2023-03-10,Y
KC100308,Lucknow,UP,2024-08-06,Y
KC100309,Jaipur,RJ,2024-01-13,N
KC100310,Warangal,TS,2024-01-12,N
KC100311,Delhi,DL,2024-02-16,N
KC100312,Pune,MH,2023-06-28,N
KC100313,Indore,MP,2024-11-10,N
KC100314,Jaipur,RJ,2023-06-07,N
KC100315,Hubballi,KA,2023-10-19,N
KC100316,Chennai,TN,2023-03-19,N
KC100317,Bhopal,MP,2025-02-21,N
KC100318,Hubballi,KA,2022-10-30,Y
KC100319,Indore,MP,2023-12-02,N
KC100320,Mysuru,KA,2023-05-23,N
KC100321,Nashik,MH,2024-08-23,N
KC100322,Chennai,TN,2023-02-06,N
KC100323,Chennai,TN,2023-03-10,N
KC100324,Mumbai,MH,2024-01-10,Y
KC100325,Hubballi,KA,2024-09-05,N
KC100326,Kota,RJ,2026-07-04,N
KC100327,Delhi,DL,2025-05-22,N
KC100328,Nagpur,MH,2026-02-10,N
KC100329,Warangal,TS,2025-07-17,N
KC100330,Jaipur,RJ,2024-03-06,Y
KC100331,Bengaluru,KA,2026-01-31,Y
KC100332,Hyderabad,TS,2024-08-26,N
KC100333,Lucknow,UP,2024-04-14,N
KC100334,Coimbatore,TN,2025-07-23,N
KC100335,Chennai,TN,2023-01-22,Y
KC100336,Mumbai,MH,2024-08-06,N
KC100337,Nashik,MH,2026-05-11,N
KC100338,Hyderabad,TS,2023-03-01,Y
KC100339,Bengaluru,KA,2026-01-09,N
KC100340,Lucknow,UP,2025-03-06,N
KC100341,Aurangabad,MH,2024-08-18,N
KC100342,Mysuru,KA,2023-02-03,Y
KC100343,Indore,MP,2024-05-01,N
KC100344,Mumbai,MH,2023-08-31,N
KC100345,Nagpur,MH,2023-01-29,N
KC100346,Coimbatore,TN,2024-12-13,N
KC100347,Hyderabad,TS,2024-07-12,N
KC100348,Delhi,DL,2024-11-20,N
KC100349,Aurangabad,MH,2025-09-26,Y
KC100350,Jaipur,RJ,2025-02-09,N
KC100351,Lucknow,UP,2025-05-30,N
KC100352,Warangal,TS,2025-05-04,N
KC100353,Mumbai,MH,2026-02-10,N
KC100354,Delhi,DL,2025-08-18,N
KC100355,Hubballi,KA,2025-08-03,N
KC100356,Delhi,DL,2024-05-07,N
KC100357,Hyderabad,TS,2024-07-23,N
KC100358,Mumbai,MH,2026-03-23,Y
KC100359,Aurangabad,MH,2023-08-26,N
KC100360,Warangal,TS,2026-08-03,N
KC100361,Delhi,DL,2025-04-29,N
KC100362,Bengaluru,KA,2022-12-22,N
KC100363,Bengaluru,KA,2026-06-29,N
KC100364,Mumbai,MH,2025-02-16,N
KC100365,Warangal,TS,2024-04-19,N
KC100366,Pune,MH,2024-06-21,N
KC100367,Coimbatore,TN,2023-08-23,Y
KC100368,Hyderabad,TS,2024-08-23,N
KC100369,Bengaluru,KA,2025-03-01,Y
KC100370,Bengaluru,KA,2026-01-03,N
KC100371,Warangal,TS,2023-12-22,N
KC100372,Lucknow,UP,2025-06-06,N
KC100373,Jaipur,RJ,2024-10-26,N
KC100374,Warangal,TS,2026-04-10,N
KC100375,Pune,MH,2023-09-24,N
KC100376,Bengaluru,KA,2024-09-24,Y
KC100377,Mysuru,KA,2024-04-06,N
KC100378,Mumbai,MH,2026-05-13,Y
KC100379,Bhopal,MP,2026-05-29,N
KC100380,Coimbatore,TN,2025-08-25,N
KC100381,Jaipur,RJ,2024-04-12,N
KC100382,Nashik,MH,2024-10-15,N
KC100383,Nashik,MH,2025-07-04,N
KC100384,Jaipur,RJ,2025-01-13,N
KC100385,Coimbatore,TN,2025-05-13,N
KC100386,Coimbatore,TN,2022-12-25,N
KC100387,Coimbatore,TN,2024-03-20,N
KC100388,Indore,MP,2024-10-01,N
KC100389,Warangal,TS,2023-05-08,N
KC100390,Lucknow,UP,2024-11-28,N
KC100391,Kota,RJ,2023-11-15,Y
KC100392,Indore,MP,2023-09-18,N
KC100393,Mumbai,MH,2025-01-23,N
KC100394,Chennai,TN,2024-05-02,N
KC100395,Jaipur,RJ,2024-06-13,N
KC100396,Coimbatore,TN,2024-05-27,N
KC100397,Nagpur,MH,2026-02-04,Y
KC100398,Warangal,TS,2023-04-19,N
KC100399,Hubballi,KA,2026-04-18,N
KC100400,Jaipur,RJ,2026-05-07,N
KC100401,Hyderabad,TS,2025-09-03,N
KC100402,Kota,RJ,2025-06-27,N
KC100403,Aurangabad,MH,2025-05-11,N
KC100404,Aurangabad,MH,2024-08-14,N
KC100405,Nashik,MH,2025-09-09,N
KC100406,Pune,MH,2023-12-02,Y
KC100407,Jaipur,RJ,2022-12-17,Y
KC100408,Kota,RJ,2025-08-29,N
KC100409,Aurangabad,MH,2026-07-25,Y
KC100410,Lucknow,UP,2024-02-26,N
KC100411,Bhopal,MP,2026-07-26,Y
KC100412,Pune,MH,2025-08-24,N
KC100413,Coimbatore,TN,2026-06-30,Y
KC100414,Nagpur,MH,2024-08-08,N
KC100415,Mumbai,MH,2025-11-04,Y
KC100416,Delhi,DL,2023-02-03,N
KC100417,Delhi,DL,2023-11-26,N
KC100418,Hyderabad,TS,2024-08-16,N
KC100419,Lucknow,UP,2024-08-18,Y
KC100420,Pune,MH,2025-11-05,N
KC100421,Nashik,MH,2024-02-15,Y
KC100422,Nashik,MH,2023-10-17,N
KC100423,Chennai,TN,2026-06-22,N
KC100424,Jaipur,RJ,2026-06-11,N
KC100425,Bhopal,MP,2024-03-05,N
KC100426,Aurangabad,MH,2023-06-27,Y
KC100427,Nagpur,MH,2026-07-25,Y
KC100428,Bhopal,MP,2025-09-15,Y
KC100429,Indore,MP,2025-04-17,N
KC100430,Bhopal,MP,2022-10-20,N
KC100431,Mumbai,MH,2025-09-29,N
KC100432,Warangal,TS,2024-05-07,Y
KC100433,Jaipur,RJ,2024-08-12,N
KC100434,Kota,RJ,2025-04-14,N
KC100435,Mysuru,KA,2025-10-15,N
KC100436,Lucknow,UP,2024-06-16,N
KC100437,Pune,MH,2025-09-23,Y
KC100438,Pune,MH,2024-07-02,N
KC100439,Hubballi,KA,2026-07-29,Y
KC100440,Nagpur,MH,2023-10-04,N
KC100441,Nagpur,MH,2024-02-27,Y
KC100442,Bengaluru,KA,2023-02-16,Y
KC100443,Indore,MP,2025-12-04,N
KC100444,Jaipur,RJ,2024-10-26,N
KC100445,Bhopal,MP,2024-03-11,N
KC100446,Jaipur,RJ,2024-03-16,N
KC100447,Aurangabad,MH,2026-05-18,N
KC100448,Hubballi,KA,2023-04-28,N
KC100449,Lucknow,UP,2025-04-15,Y
KC100450,Coimbatore,TN,2024-10-12,Y
KC100451,Pune,MH,2023-07-18,N
KC100452,Coimbatore,TN,2023-11-25,Y
KC100453,Jaipur,RJ,2024-04-19,N
KC100454,Warangal,TS,2025-01-03,N
KC100455,Mysuru,KA,2024-01-08,N
KC100456,Nashik,MH,2025-01-24,N
KC100457,Nagpur,MH,2025-03-10,N
KC100458,Aurangabad,MH,2023-08-16,N
KC100459,Bengaluru,KA,2026-06-10,Y
KC100460,Chennai,TN,2025-12-27,N
KC100461,Hyderabad,TS,2025-10-30,N
KC100462,Nashik,MH,2023-11-14,N
KC100463,Bhopal,MP,2025-10-08,N
KC100464,Hyderabad,TS,2024-12-16,N
KC100465,Bhopal,MP,2025-06-06,Y
KC100466,Hubballi,KA,2022-12-30,N
KC100467,Coimbatore,TN,2025-08-04,N
KC100468,Bengaluru,KA,2022-10-16,N
KC100469,Nashik,MH,2026-05-16,N
KC100470,Mumbai,MH,2024-10-18,N
KC100471,Mumbai,MH,2024-09-25,N
KC100472,Chennai,TN,2023-07-18,N
KC100473,Hubballi,KA,2023-02-08,N
KC100474,Pune,MH,2022-11-03,Y
KC100475,Mysuru,KA,2023-08-01,N
KC100476,Pune,MH,2025-10-27,N
KC100477,Aurangabad,MH,2023-12-11,N
KC100478,Mysuru,KA,2024-06-13,Y
KC100479,Hubballi,KA,2025-01-13,N
KC100480,Hubballi,KA,2025-08-28,N
KC100481,Mysuru,KA,2023-05-26,N
KC100482,Delhi,DL,2025-09-01,N
KC100483,Warangal,TS,2025-02-12,N
KC100484,Nagpur,MH,2022-12-07,N
KC100485,Lucknow,UP,2023-04-02,N
KC100486,Chennai,TN,2025-04-06,N
KC100487,Indore,MP,2025-09-20,N
KC100488,Aurangabad,MH,2025-04-16,N
KC100489,Kota,RJ,2026-01-22,N
KC100490,Warangal,TS,2024-10-14,N
KC100491,Bhopal,MP,2023-10-27,N
KC100492,Nashik,MH,2025-10-12,Y
KC100493,Chennai,TN,2024-09-09,N
KC100494,Mysuru,KA,2023-08-21,N
KC100495,Nagpur,MH,2024-07-12,N
KC100496,Nashik,MH,2022-10-18,Y
KC100497,Pune,MH,2023-04-07,N
KC100498,Mysuru,KA,2025-12-02,Y
KC100499,Nagpur,MH,2026-02-11,N
KC100500,Warangal,TS,2026-07-14,N
KC100501,Bhopal,MP,2023-04-05,N
KC100502,Nagpur,MH,2025-09-06,Y
KC100503,Delhi,DL,2025-06-25,Y
KC100504,Bhopal,MP,2026-01-28,N
KC100505,Jaipur,RJ,2022-12-14,N
KC100506,Pune,MH,2025-06-23,N
KC100507,Warangal,TS,2023-09-16,N
KC100508,Kota,RJ,2025-03-31,N
KC100509,Chennai,TN,2022-12-03,Y
KC100510,Indore,MP,2025-03-30,N
KC100511,Lucknow,UP,2023-05-15,N
KC100512,Delhi,DL,2026-08-11,Y
KC100513,Chennai,TN,2024-08-22,N
KC100514,Hubballi,KA,2026-06-18,N
KC100515,Bengaluru,KA,2024-04-13,N
KC100516,Nashik,MH,2026-05-29,N
KC100517,Nagpur,MH,2025-12-15,N
KC100518,Delhi,DL,2022-11-18,Y
KC100519,Lucknow,UP,2022-11-04,Y
KC100520,Mumbai,MH,2025-04-20,N
KC100521,Delhi,DL,2025-01-12,Y
KC100522,Hyderabad,TS,2026-01-23,N
KC100523,Mysuru,KA,2025-04-11,Y
KC100524,Chennai,TN,2023-09-03,Y
KC100525,Coimbatore,TN,2025-05-15,N
KC100526,Bhopal,MP,2025-10-24,Y
KC100527,Delhi,DL,2022-11-01,N
KC100528,Kota,RJ,2025-09-11,Y
KC100529,Coimbatore,TN,2022-11-06,N
KC100530,Indore,MP,2023-03-28,N
KC100531,Coimbatore,TN,2023-05-15,Y
KC100532,Indore,MP,2024-05-20,N
KC100533,Nagpur,MH,2024-09-10,Y
KC100534,Chennai,TN,2023-03-06,N
KC100535,Chennai,TN,2024-01-15,N
KC100536,Mysuru,KA,2022-11-12,N
KC100537,Mysuru,KA,2026-04-17,Y
KC100538,Lucknow,UP,2026-05-21,Y
KC100539,Chennai,TN,2023-04-24,N
KC100540,Delhi,DL,2025-09-28,Y
KC100541,Nashik,MH,2025-01-10,N
KC100542,Hubballi,KA,2023-09-05,N
KC100543,Hyderabad,TS,2022-12-10,N
KC100544,Hubballi,KA,2025-08-08,Y
KC100545,Warangal,TS,2024-08-12,N
KC100546,Mumbai,MH,2024-03-16,N
KC100547,Indore,MP,2024-10-28,N
KC100548,Mumbai,MH,2026-02-02,N
KC100549,Mumbai,MH,2024-11-03,N
KC100550,Pune,MH,2026-05-05,Y
KC100551,Nagpur,MH,2025-04-05,Y
KC100552,Nagpur,MH,2024-04-07,N
KC100553,Mysuru,KA,2024-02-22,N
KC100554,Hubballi,KA,2025-08-29,N
KC100555,Kota,RJ,2024-05-27,N
KC100556,Hubballi,KA,2025-10-19,N
KC100557,Indore,MP,2024-04-26,N
KC100558,Hyderabad,TS,2024-08-01,N
KC100559,Kota,RJ,2024-07-10,N
KC100560,Delhi,DL,2023-04-25,N
KC100561,Delhi,DL,2024-09-09,Y
KC100562,Mumbai,MH,2024-11-13,N
KC100563,Mysuru,KA,2024-04-23,N
KC100564,Delhi,DL,2025-09-03,N
KC100565,Pune,MH,2025-10-24,N
KC100566,Coimbatore,TN,2024-03-07,N
KC100567,Nagpur,MH,2023-06-05,N
KC100568,Pune,MH,2023-04-27,N
KC100569,Hyderabad,TS,2024-11-20,N
KC100570,Warangal,TS,2026-03-18,N
KC100571,Mumbai,MH,2022-11-13,Y
KC100572,Hubballi,KA,2026-06-06,N
KC100573,Aurangabad,MH,2023-10-31,Y
KC100574,Coimbatore,TN,2023-04-27,N
KC100575,Mumbai,MH,2024-08-17,N
KC100576,Pune,MH,2026-05-14,N
KC100577,Pune,MH,2025-04-09,N
KC100578,Coimbatore,TN,2026-05-24,N
KC100579,Nashik,MH,2026-04-15,N
KC100580,Jaipur,RJ,2025-12-18,N
KC100581,Lucknow,UP,2023-01-17,N
KC100582,Bengaluru,KA,2025-08-15,Y
KC100583,Lucknow,UP,2024-04-20,N
KC100584,Lucknow,UP,2024-04-09,N
KC100585,Aurangabad,MH,2022-10-25,N
KC100586,Hyderabad,TS,2026-03-23,N
KC100587,Mysuru,KA,2026-02-18,N
KC100588,Hyderabad,TS,2026-02-05,N
KC100589,Bhopal,MP,2023-02-19,N
KC100590,Mumbai,MH,2026-03-28,N
KC100591,Bhopal,MP,2023-07-04,Y
KC100592,Chennai,TN,2023-11-19,Y
KC100593,Bengaluru,KA,2023-06-24,Y
KC100594,Mysuru,KA,2026-02-22,N
KC100595,Chennai,TN,2025-08-07,N
KC100596,Lucknow,UP,2024-03-28,N
KC100597,Lucknow,UP,2026-01-25,N
KC100598,Bhopal,MP,2025-06-24,N
KC100599,Warangal,TS,2024-08-25,N
KC100600,Nagpur,MH,2026-03-19,N
KC100601,Mysuru,KA,2024-07-18,N
KC100602,Coimbatore,TN,2025-06-11,N
KC100603,Warangal,TS,2025-12-10,N
KC100604,Aurangabad,MH,2025-10-22,N
KC100605,Hubballi,KA,2023-06-02,Y
KC100606,Nagpur,MH,2025-03-02,N
KC100607,Indore,MP,2023-10-29,N
KC100608,Chennai,TN,2025-07-17,N
KC100609,Aurangabad,MH,2024-09-21,N
KC100610,Bhopal,MP,2023-06-07,N
KC100611,Pune,MH,2025-09-10,N
KC100612,Indore,MP,2024-01-23,Y
KC100613,Hyderabad,TS,2024-08-04,N
KC100614,Mumbai,MH,2026-06-10,Y
KC100615,Mysuru,KA,2024-06-04,N
KC100616,Mumbai,MH,2026-05-29,N
KC100617,Hubballi,KA,2025-09-30,N
KC100618,Aurangabad,MH,2023-06-03,N
KC100619,Delhi,DL,2026-01-29,N
KC100620,Hubballi,KA,2023-08-08,N
KC100621,Chennai,TN,2025-02-15,N
KC100622,Indore,MP,2026-05-22,N
KC100623,Lucknow,UP,2022-12-02,N
KC100624,Nashik,MH,2022-10-31,N
KC100625,Indore,MP,2024-06-06,N
KC100626,Delhi,DL,2025-04-28,N
KC100627,Mumbai,MH,2024-09-06,Y
KC100628,Jaipur,RJ,2024-09-07,N
KC100629,Jaipur,RJ,2025-08-24,N
KC100630,Hyderabad,TS,2025-05-21,N
KC100631,Mumbai,MH,2025-06-21,N
KC100632,Coimbatore,TN,2022-12-19,N
KC100633,Kota,RJ,2023-03-16,N
KC100634,Delhi,DL,2024-08-04,N
KC100635,Nagpur,MH,2025-11-12,N
KC100636,Hubballi,KA,2024-07-24,N
KC100637,Mumbai,MH,2024-06-07,N
KC100638,Coimbatore,TN,2023-09-05,N
KC100639,Hubballi,KA,2025-05-23,N
KC100640,Hyderabad,TS,2026-01-03,N
KC100641,Jaipur,RJ,2026-05-31,Y
KC100642,Nagpur,MH,2023-08-16,N
KC100643,Bengaluru,KA,2024-03-15,N
KC100644,Hyderabad,TS,2026-07-17,N
KC100645,Indore,MP,2026-07-30,N
KC100646,Coimbatore,TN,2023-07-15,N
KC100647,Nagpur,MH,2024-03-02,N
KC100648,Chennai,TN,2026-06-21,N
KC100649,Chennai,TN,2026-06-15,N
KC100650,Indore,MP,2025-11-29,N
KC100651,Nagpur,MH,2024-07-27,N
KC100652,Mumbai,MH,2022-12-29,Y
KC100653,Indore,MP,2025-03-10,N
KC100654,Nagpur,MH,2024-07-07,N
KC100655,Lucknow,UP,2024-10-09,N
KC100656,Pune,MH,2024-02-14,N
KC100657,Indore,MP,2025-06-30,N
KC100658,Bengaluru,KA,2023-05-12,Y
KC100659,Hubballi,KA,2025-09-22,Y
KC100660,Aurangabad,MH,2022-12-08,Y
KC100661,Mumbai,MH,2023-06-25,Y
KC100662,Nagpur,MH,2024-10-03,N
KC100663,Kota,RJ,2024-12-06,N
KC100664,Aurangabad,MH,2024-11-02,N
KC100665,Nashik,MH,2026-04-08,N
KC100666,Warangal,TS,2026-07-06,N
KC100667,Lucknow,UP,2023-12-05,N
KC100668,Hyderabad,TS,2024-08-31,N
KC100669,Hubballi,KA,2025-06-06,N
KC100670,Bengaluru,KA,2022-12-06,Y
KC100671,Nagpur,MH,2025-12-18,N
KC100672,Lucknow,UP,2023-08-14,Y
KC100673,Mumbai,MH,2025-12-25,N
KC100674,Aurangabad,MH,2025-06-20,Y
KC100675,Bhopal,MP,2025-02-24,N
KC100676,Mumbai,MH,2022-11-11,N
KC100677,Lucknow,UP,2023-01-16,N
KC100678,Coimbatore,TN,2022-11-09,N
KC100679,Jaipur,RJ,2025-08-06,N
KC100680,Nashik,MH,2023-07-11,N
KC100681,Bhopal,MP,2024-05-02,N
KC100682,Chennai,TN,2023-12-01,N
KC100683,Nashik,MH,2024-12-11,N
KC100684,Lucknow,UP,2024-05-21,N
KC100685,Indore,MP,2025-01-03,Y
KC100686,Aurangabad,MH,2023-01-31,N
KC100687,Pune,MH,2026-03-17,N
KC100688,Pune,MH,2024-05-06,N
KC100689,Coimbatore,TN,2022-11-06,N
KC100690,Jaipur,RJ,2026-04-09,N
KC100691,Nashik,MH,2025-04-26,N
KC100692,Delhi,DL,2024-02-19,Y
KC100693,Kota,RJ,2024-03-22,N
KC100694,Hubballi,KA,2024-09-16,Y
KC100695,Nagpur,MH,2023-08-27,N
KC100696,Warangal,TS,2024-06-27,N
KC100697,Coimbatore,TN,2025-02-13,N
KC100698,Aurangabad,MH,2025-07-06,N
KC100699,Mysuru,KA,2023-07-27,N
KC100700,Warangal,TS,2024-01-18,Y
KC100701,Mumbai,MH,2025-02-13,N
KC100702,Nashik,MH,2025-10-17,N
KC100703,Bhopal,MP,2025-03-20,N
KC100704,Jaipur,RJ,2024-04-08,Y
KC100705,Chennai,TN,2025-11-25,N
KC100706,Jaipur,RJ,2022-10-25,N
KC100707,Aurangabad,MH,2025-04-04,Y
KC100708,Coimbatore,TN,2022-10-18,Y
KC100709,Pune,MH,2023-09-16,Y
KC100710,Warangal,TS,2025-05-08,N
KC100711,Mysuru,KA,2025-06-18,N
KC100712,Mumbai,MH,2024-10-06,N
KC100713,Chennai,TN,2025-12-29,N
KC100714,Bhopal,MP,2024-06-04,Y
KC100715,Mumbai,MH,2024-10-24,N
KC100716,Nagpur,MH,2022-11-21,N
KC100717,Hyderabad,TS,2024-04-24,N
KC100718,Hyderabad,TS,2025-01-27,N
KC100719,Jaipur,RJ,2024-08-09,N
KC100720,Coimbatore,TN,2025-05-10,N
KC100721,Aurangabad,MH,2023-04-02,N
KC100722,Nashik,MH,2023-10-17,N
KC100723,Delhi,DL,2024-08-25,N
KC100724,Bengaluru,KA,2025-08-25,N
KC100725,Indore,MP,2024-03-13,N
KC100726,Lucknow,UP,2026-05-28,N
KC100727,Bhopal,MP,2025-05-03,N
KC100728,Nashik,MH,2025-02-27,N
KC100729,Coimbatore,TN,2022-12-11,N
KC100730,Coimbatore,TN,2025-10-13,N
KC100731,Coimbatore,TN,2025-05-05,N
KC100732,Jaipur,RJ,2022-11-27,N
KC100733,Coimbatore,TN,2025-09-06,N
KC100734,Coimbatore,TN,2024-07-12,N
KC100735,Jaipur,RJ,2023-01-27,N
KC100736,Pune,MH,2023-05-09,Y
KC100737,Kota,RJ,2026-01-28,N
KC100738,Mysuru,KA,2024-03-04,N
KC100739,Aurangabad,MH,2024-08-23,N
KC100740,Hyderabad,TS,2023-12-28,N
KC100741,Warangal,TS,2023-07-30,N
KC100742,Jaipur,RJ,2022-11-22,N
KC100743,Aurangabad,MH,2024-07-19,N
KC100744,Nashik,MH,2025-04-27,N
KC100745,Nashik,MH,2026-05-10,N
KC100746,Kota,RJ,2026-05-06,N
KC100747,Lucknow,UP,2023-07-29,N
KC100748,Coimbatore,TN,2026-01-08,N
KC100749,Bengaluru,KA,2025-01-25,Y
KC100750,Pune,MH,2024-02-17,N
KC100751,Pune,MH,2024-10-23,N
KC100752,Nashik,MH,2023-07-29,N
KC100753,Chennai,TN,2025-02-07,N
KC100754,Nashik,MH,2026-02-07,N
KC100755,Mysuru,KA,2023-04-13,N
KC100756,Nashik,MH,2023-06-06,Y
KC100757,Mysuru,KA,2025-09-12,N
KC100758,Bhopal,MP,2022-11-30,Y
KC100759,Hubballi,KA,2023-03-31,N
KC100760,Nagpur,MH,2022-11-02,N
KC100761,Aurangabad,MH,2024-08-18,N
KC100762,Nashik,MH,2024-06-17,Y
KC100763,Warangal,TS,2024-04-24,Y
KC100764,Bengaluru,KA,2022-11-11,N
KC100765,Delhi,DL,2023-06-27,N
KC100766,Delhi,DL,2025-10-16,Y
KC100767,Chennai,TN,2023-03-09,N
KC100768,Warangal,TS,2025-09-27,N
KC100769,Mumbai,MH,2025-12-10,N
KC100770,Coimbatore,TN,2023-08-05,Y
KC100771,Kota,RJ,2025-05-01,Y
KC100772,Hyderabad,TS,2022-12-02,N
KC100773,Aurangabad,MH,2024-03-25,N
KC100774,Bengaluru,KA,2025-08-17,N
KC100775,Coimbatore,TN,2025-01-20,N
KC100776,Nashik,MH,2023-08-19,N
KC100777,Coimbatore,TN,2024-03-09,N
KC100778,Warangal,TS,2024-05-18,N
KC100779,Warangal,TS,2023-04-02,N
KC100780,Hubballi,KA,2025-10-05,N
KC100781,Bengaluru,KA,2024-12-01,N
KC100782,Delhi,DL,2025-07-03,N
KC100783,Warangal,TS,2022-11-09,Y
KC100784,Nashik,MH,2026-01-10,Y
KC100785,Warangal,TS,2024-09-29,Y
KC100786,Delhi,DL,2023-07-01,N
KC100787,Kota,RJ,2025-05-09,N
KC100788,Delhi,DL,2025-12-20,N
KC100789,Jaipur,RJ,2024-03-10,N
KC100790,Lucknow,UP,2023-10-03,N
KC100791,Pune,MH,2023-03-25,Y
KC100792,Mumbai,MH,2024-04-19,N
KC100793,Lucknow,UP,2022-11-20,N
KC100794,Nashik,MH,2024-02-10,Y
KC100795,Coimbatore,TN,2025-10-05,N
KC100796,Mysuru,KA,2022-11-18,Y
KC100797,Nagpur,MH,2023-08-11,N
KC100798,Aurangabad,MH,2025-01-10,Y
KC100799,Chennai,TN,2025-03-04,Y
KC100800,Warangal,TS,2025-10-10,Y
KC100801,Nashik,MH,2023-10-01,N
KC100802,Mumbai,MH,2025-05-03,N
KC100803,Hubballi,KA,2025-03-17,Y
KC100804,Kota,RJ,2024-04-20,N
KC100805,Mumbai,MH,2025-10-01,N
KC100806,Jaipur,RJ,2026-01-09,N
KC100807,Bengaluru,KA,2025-12-03,N
KC100808,Delhi,DL,2025-05-06,N
KC100809,Warangal,TS,2025-12-10,Y
KC100810,Nashik,MH,2025-09-30,N
KC100811,Lucknow,UP,2023-07-14,N
KC100812,Coimbatore,TN,2023-10-23,N
KC100813,Chennai,TN,2023-02-23,N
KC100814,Aurangabad,MH,2025-11-09,N
KC100815,Warangal,TS,2022-11-05,N
KC100816,Kota,RJ,2025-02-24,N
KC100817,Nagpur,MH,2026-05-11,N
KC100818,Aurangabad,MH,2025-08-01,Y
KC100819,Indore,MP,2025-12-12,N
KC100820,Hubballi,KA,2024-09-10,N
KC100821,Bhopal,MP,2024-06-09,N
KC100822,Bhopal,MP,2024-02-22,N
KC100823,Kota,RJ,2023-02-07,N
KC100824,Bengaluru,KA,2024-09-07,N
KC100825,Pune,MH,2024-07-28,Y
KC100826,Bhopal,MP,2025-12-12,N
KC100827,Bhopal,MP,2023-08-08,N
KC100828,Hyderabad,TS,2025-09-20,Y
KC100829,Coimbatore,TN,2024-12-29,Y
KC100830,Aurangabad,MH,2025-11-26,N
KC100831,Kota,RJ,2023-05-13,N
KC100832,Pune,MH,2025-02-26,N
KC100833,Kota,RJ,2024-12-04,N
KC100834,Kota,RJ,2025-09-23,Y
KC100835,Pune,MH,2026-04-22,N
KC100836,Warangal,TS,2024-11-29,N
KC100837,Jaipur,RJ,2026-06-30,N
KC100838,Warangal,TS,2025-05-24,Y
KC100839,Kota,RJ,2025-04-12,N
KC100840,Bhopal,MP,2023-04-02,N
KC100841,Nashik,MH,2026-01-26,N
KC100842,Mumbai,MH,2025-02-21,N
KC100843,Bhopal,MP,2024-03-23,N
KC100844,Coimbatore,TN,2023-06-16,N
KC100845,Delhi,DL,2025-12-11,N
KC100846,Jaipur,RJ,2024-12-05,N
KC100847,Kota,RJ,2022-12-23,Y
KC100848,Hyderabad,TS,2025-01-05,Y
KC100849,Mumbai,MH,2025-03-21,N
KC100850,Nashik,MH,2025-04-13,Y
KC100851,Warangal,TS,2025-08-26,N
KC100852,Pune,MH,2024-02-05,N
KC100853,Bhopal,MP,2023-07-24,N
KC100854,Nagpur,MH,2023-08-28,Y
KC100855,Hyderabad,TS,2025-02-07,N
KC100856,Delhi,DL,2022-11-20,N
KC100857,Warangal,TS,2024-06-08,N
KC100858,Delhi,DL,2024-08-01,N
KC100859,Jaipur,RJ,2024-02-03,N
KC100860,Aurangabad,MH,2023-07-23,N
KC100861,Coimbatore,TN,2023-12-05,N
KC100862,Nagpur,MH,2024-07-08,N
KC100863,Hyderabad,TS,2023-09-05,N
KC100864,Mumbai,MH,2025-05-23,Y
KC100865,Nagpur,MH,2022-11-12,N
KC100866,Pune,MH,2024-06-07,N
KC100867,Hyderabad,TS,2023-12-24,Y
KC100868,Bhopal,MP,2025-12-16,Y
KC100869,Pune,MH,2026-03-23,N
KC100870,Hyderabad,TS,2023-05-24,Y
KC100871,Kota,RJ,2025-05-27,N
KC100872,Bhopal,MP,2023-06-24,N
KC100873,Jaipur,RJ,2023-09-24,N
KC100874,Delhi,DL,2025-11-26,N
KC100875,Lucknow,UP,2023-04-09,Y
KC100876,Warangal,TS,2024-03-20,N
KC100877,Delhi,DL,2023-09-07,N
KC100878,Delhi,DL,2023-06-19,N
KC100879,Indore,MP,2024-04-06,Y
KC100880,Nagpur,MH,2023-10-19,N
KC100881,Bengaluru,KA,2023-06-22,N
KC100882,Lucknow,UP,2025-04-17,N
KC100883,Mumbai,MH,2022-11-12,N
KC100884,Jaipur,RJ,2025-05-28,Y
KC100885,Mumbai,MH,2024-01-24,N
KC100886,Nashik,MH,2023-10-20,N
KC100887,Jaipur,RJ,2025-07-23,N
KC100888,Bhopal,MP,2024-08-05,N
KC100889,Chennai,TN,2026-01-26,N
KC100890,Aurangabad,MH,2023-06-17,N
KC100891,Pune,MH,2025-04-08,N
KC100892,Pune,MH,2026-04-21,N
KC100893,Nashik,MH,2023-04-14,N
KC100894,Delhi,DL,2023-02-20,N
KC100895,Jaipur,RJ,2025-11-01,N
KC100896,Pune,MH,2024-04-12,N
KC100897,Nashik,MH,2026-03-04,N
KC100898,Chennai,TN,2024-03-24,N
KC100899,Jaipur,RJ,2022-10-21,Y
KC100900,Indore,MP,2024-02-14,N
KC100901,Bhopal,MP,2025-09-21,Y
KC100902,Mumbai,MH,2023-02-05,N
KC100903,Lucknow,UP,2024-08-30,N
KC100904,Aurangabad,MH,2023-12-02,N
KC100905,Kota,RJ,2024-09-22,N
KC100906,Kota,RJ,2026-05-31,N
KC100907,Warangal,TS,2025-02-02,Y
KC100908,Kota,RJ,2024-02-22,N
KC100909,Aurangabad,MH,2023-03-20,Y
KC100910,Bhopal,MP,2023-04-08,Y
KC100911,Hubballi,KA,2023-08-13,N
KC100912,Pune,MH,2023-01-29,Y
KC100913,Coimbatore,TN,2023-02-12,N
KC100914,Mumbai,MH,2024-09-13,Y
KC100915,Pune,MH,2024-02-17,N
KC100916,Jaipur,RJ,2024-05-07,Y
KC100917,Mysuru,KA,2024-11-28,Y
KC100918,Nagpur,MH,2024-10-12,N
KC100919,Chennai,TN,2024-09-04,N
KC100920,Lucknow,UP,2025-05-18,N
KC100921,Bhopal,MP,2026-06-25,N
KC100922,Hubballi,KA,2025-02-21,Y
KC100923,Coimbatore,TN,2026-02-10,N
KC100924,Mumbai,MH,2024-07-26,N
KC100925,Lucknow,UP,2024-02-10,N
KC100926,Kota,RJ,2024-02-04,N
KC100927,Hubballi,KA,2025-12-06,Y
KC100928,Bengaluru,KA,2025-11-10,Y
KC100929,Lucknow,UP,2024-05-17,N
KC100930,Hyderabad,TS,2023-02-15,N
KC100931,Mumbai,MH,2024-05-29,N
KC100932,Nagpur,MH,2023-12-07,Y
KC100933,Pune,MH,2026-01-20,N
KC100934,Hyderabad,TS,2026-06-19,N
KC100935,Hyderabad,TS,2025-09-08,Y
KC100936,Aurangabad,MH,2024-01-02,N
KC100937,Warangal,TS,2023-02-12,N
KC100938,Coimbatore,TN,2025-03-08,N
KC100939,Bengaluru,KA,2025-07-13,N
KC100940,Jaipur,RJ,2023-03-17,N
KC100941,Hyderabad,TS,2025-12-23,N
KC100942,Pune,MH,2025-03-25,N
KC100943,Nashik,MH,2025-03-11,Y
KC100944,Jaipur,RJ,2026-01-05,N
KC100945,Lucknow,UP,2023-11-25,N
KC100946,Bengaluru,KA,2024-06-24,N
KC100947,Hubballi,KA,2025-07-26,N
KC100948,Nagpur,MH,2023-10-28,Y
KC100949,Warangal,TS,2025-09-30,N
KC100950,Nagpur,MH,2023-10-16,N
KC100951,Jaipur,RJ,2025-09-02,N
KC100952,Nagpur,MH,2023-01-11,Y
KC100953,Kota,RJ,2024-06-08,N
KC100954,Nashik,MH,2023-08-11,N
KC100955,Hubballi,KA,2026-03-22,N
KC100956,Coimbatore,TN,2024-11-14,Y
KC100957,Bengaluru,KA,2024-07-25,N
KC100958,Mysuru,KA,2025-04-11,Y
KC100959,Hubballi,KA,2025-07-27,N
KC100960,Bengaluru,KA,2022-10-25,N
KC100961,Nashik,MH,2023-08-12,N
KC100962,Coimbatore,TN,2024-09-28,N
KC100963,Warangal,TS,2023-11-18,Y
KC100964,Warangal,TS,2026-01-13,N
KC100965,Nagpur,MH,2023-10-16,N
KC100966,Warangal,TS,2025-02-05,Y
KC100967,Mumbai,MH,2023-06-04,N
KC100968,Pune,MH,2026-03-06,N
KC100969,Aurangabad,MH,2025-08-04,Y
KC100970,Chennai,TN,2024-05-17,N
KC100971,Lucknow,UP,2023-05-13,Y
KC100972,Nashik,MH,2023-01-20,N
KC100973,Nagpur,MH,2023-02-18,N
KC100974,Bhopal,MP,2024-04-23,N
KC100975,Delhi,DL,2023-08-19,Y
KC100976,Indore,MP,2022-12-11,N
KC100977,Bengaluru,KA,2026-04-04,Y
KC100978,Warangal,TS,2023-09-21,N
KC100979,Chennai,TN,2024-01-07,N
KC100980,Jaipur,RJ,2026-07-30,N
KC100981,Warangal,TS,2022-12-31,N
KC100982,Chennai,TN,2026-01-05,N
KC100983,Warangal,TS,2023-03-21,N
KC100984,Hyderabad,TS,2025-05-17,N
KC100985,Nagpur,MH,2026-04-03,N
KC100986,Aurangabad,MH,2025-12-24,N
KC100987,Aurangabad,MH,2024-06-04,N
KC100988,Aurangabad,MH,2025-10-11,Y
KC100989,Bengaluru,KA,2025-05-22,N
KC100990,Nashik,MH,2025-12-15,N
KC100991,Mumbai,MH,2024-07-04,Y
KC100992,Hyderabad,TS,2023-04-19,Y
KC100993,Hyderabad,TS,2022-12-05,N
KC100994,Mumbai,MH,2025-01-18,N
KC100995,Hubballi,KA,2023-02-10,N
KC100996,Pune,MH,2025-09-24,N
KC100997,Mumbai,MH,2023-05-12,N
KC100998,Bhopal,MP,2026-02-13,N
KC100999,Kota,RJ,2023-10-17,N
KC101000,Nagpur,MH,2025-11-26,Y
KC101001,Delhi,DL,2024-07-07,N
KC101002,Bhopal,MP,2024-06-14,Y
KC101003,Mysuru,KA,2022-11-21,N
KC101004,Warangal,TS,2025-09-21,N
KC101005,Mysuru,KA,2025-02-24,N
KC101006,Coimbatore,TN,2023-05-17,N
KC101007,Nagpur,MH,2025-05-18,N
KC101008,Aurangabad,MH,2023-07-04,N
KC101009,Nashik,MH,2025-09-03,N
KC101010,Nashik,MH,2022-11-15,N
KC101011,Jaipur,RJ,2023-06-22,N
KC101012,Kota,RJ,2025-11-24,N
KC101013,Mysuru,KA,2023-07-21,Y
KC101014,Warangal,TS,2025-09-05,N
KC101015,Bhopal,MP,2024-10-08,N
KC101016,Pune,MH,2024-10-09,N
KC101017,Pune,MH,2024-11-30,N
KC101018,Hubballi,KA,2023-10-10,N
KC101019,Chennai,TN,2025-10-07,N
KC101020,Bhopal,MP,2024-11-11,Y
KC101021,Nashik,MH,2023-04-25,N
KC101022,Mysuru,KA,2023-08-29,N
KC101023,Bengaluru,KA,2025-03-12,N
KC101024,Indore,MP,2023-12-16,N
KC101025,Mumbai,MH,2025-06-15,N
KC101026,Bengaluru,KA,2025-06-02,N
KC101027,Kota,RJ,2024-03-23,N
KC101028,Chennai,TN,2023-09-03,N
KC101029,Mysuru,KA,2025-05-23,Y
KC101030,Warangal,TS,2025-05-01,N
KC101031,Hyderabad,TS,2026-06-09,N
KC101032,Chennai,TN,2026-08-09,N
KC101033,Mumbai,MH,2023-11-17,N
KC101034,Pune,MH,2023-08-21,N
KC101035,Aurangabad,MH,2025-02-11,N
KC101036,Pune,MH,2023-09-28,N
KC101037,Chennai,TN,2023-05-28,Y
KC101038,Hubballi,KA,2023-06-27,N
KC101039,Bhopal,MP,2026-03-11,N
KC101040,Coimbatore,TN,2025-04-06,N
KC101041,Aurangabad,MH,2023-02-23,N
KC101042,Lucknow,UP,2024-02-01,Y
KC101043,Nagpur,MH,2023-04-02,N
KC101044,Delhi,DL,2023-07-05,Y
KC101045,Hyderabad,TS,2026-02-21,Y
KC101046,Jaipur,RJ,2023-12-06,N
KC101047,Nagpur,MH,2024-03-21,N
KC101048,Mumbai,MH,2024-11-27,N
KC101049,Bengaluru,KA,2022-12-04,N
KC101050,Mysuru,KA,2024-07-10,N
KC101051,Hubballi,KA,2026-01-23,N
KC101052,Chennai,TN,2023-07-26,N
KC101053,Bhopal,MP,2024-07-06,N
KC101054,Indore,MP,2025-06-11,N
KC101055,Bhopal,MP,2025-09-16,N
KC101056,Indore,MP,2024-07-10,N
KC101057,Hubballi,KA,2025-11-22,Y
KC101058,Hubballi,KA,2026-04-26,Y
KC101059,Indore,MP,2025-04-04,N
KC101060,Bengaluru,KA,2025-05-25,Y
KC101061,Warangal,TS,2024-10-22,N
KC101062,Mysuru,KA,2023-04-02,N
KC101063,Hyderabad,TS,2023-03-14,N
KC101064,Nashik,MH,2023-08-30,Y
KC101065,Bengaluru,KA,2023-05-16,N
KC101066,Kota,RJ,2023-05-03,N
KC101067,Mysuru,KA,2026-03-10,Y
KC101068,Indore,MP,2025-08-17,N
KC101069,Lucknow,UP,2025-08-15,N
KC101070,Aurangabad,MH,2023-02-08,N
KC101071,Aurangabad,MH,2025-03-16,N
KC101072,Coimbatore,TN,2025-12-12,Y
KC101073,Warangal,TS,2026-01-28,N
KC101074,Nagpur,MH,2024-11-15,Y
KC101075,Hubballi,KA,2026-04-06,N
KC101076,Mumbai,MH,2023-03-24,Y
KC101077,Mysuru,KA,2024-06-11,N
KC101078,Pune,MH,2023-11-20,N
KC101079,Indore,MP,2022-12-03,N
KC101080,Bengaluru,KA,2026-08-09,Y
KC101081,Hyderabad,TS,2024-06-12,N
KC101082,Nagpur,MH,2025-06-10,N
KC101083,Pune,MH,2026-06-10,N
KC101084,Coimbatore,TN,2024-05-09,Y
KC101085,Bengaluru,KA,2026-05-31,N
KC101086,Indore,MP,2023-04-01,N
KC101087,Mysuru,KA,2023-09-09,Y
KC101088,Pune,MH,2026-06-29,N
KC101089,Jaipur,RJ,2023-02-16,N
KC101090,Nagpur,MH,2026-07-09,N
KC101091,Pune,MH,2023-01-21,Y
KC101092,Delhi,DL,2023-03-27,N
KC101093,Pune,MH,2025-04-28,N
KC101094,Warangal,TS,2025-09-28,N
KC101095,Indore,MP,2024-10-24,Y
KC101096,Mumbai,MH,2023-12-06,N
KC101097,Aurangabad,MH,2025-08-08,N
KC101098,Nagpur,MH,2024-03-05,N
KC101099,Kota,RJ,2023-01-26,N
KC101100,Mumbai,MH,2023-10-25,N
KC101101,Coimbatore,TN,2024-09-20,N
KC101102,Kota,RJ,2022-11-02,N
KC101103,Kota,RJ,2023-09-12,N
KC101104,Delhi,DL,2024-07-05,N
KC101105,Hubballi,KA,2023-06-11,Y
KC101106,Mumbai,MH,2025-11-01,Y
KC101107,Indore,MP,2024-05-08,N
KC101108,Kota,RJ,2024-04-23,N
KC101109,Kota,RJ,2026-04-11,N
KC101110,Jaipur,RJ,2023-06-25,N
KC101111,Coimbatore,TN,2024-02-16,N
KC101112,Chennai,TN,2022-12-08,N
KC101113,Bhopal,MP,2026-01-01,N
KC101114,Mumbai,MH,2023-10-08,N
KC101115,Pune,MH,2023-08-01,N
KC101116,Bhopal,MP,2025-07-05,N
KC101117,Hyderabad,TS,2023-05-22,Y
KC101118,Aurangabad,MH,2023-03-16,N
KC101119,Nashik,MH,2025-05-29,N
KC101120,Lucknow,UP,2025-11-27,N
KC101121,Pune,MH,2023-06-11,N
KC101122,Indore,MP,2025-10-22,Y
KC101123,Mysuru,KA,2024-03-07,N
KC101124,Mysuru,KA,2024-11-28,Y
KC101125,Bhopal,MP,2024-09-11,N
KC101126,Nashik,MH,2024-07-07,N
KC101127,Nashik,MH,2026-01-03,N
KC101128,Aurangabad,MH,2026-05-22,N
KC101129,Nashik,MH,2023-11-13,N
KC101130,Warangal,TS,2024-01-28,N
KC101131,Warangal,TS,2024-05-26,N
KC101132,Chennai,TN,2024-04-09,N
KC101133,Pune,MH,2025-09-23,N
KC101134,Indore,MP,2024-10-12,N
KC101135,Hyderabad,TS,2023-11-24,N
KC101136,Pune,MH,2026-04-14,N
KC101137,Bengaluru,KA,2024-01-16,N
KC101138,Coimbatore,TN,2024-01-16,Y
KC101139,Bhopal,MP,2023-05-30,Y
KC101140,Nashik,MH,2023-05-12,N
KC101141,Aurangabad,MH,2024-08-25,Y
KC101142,Mysuru,KA,2023-09-23,N
KC101143,Lucknow,UP,2026-08-08,N
KC101144,Nagpur,MH,2023-04-27,Y
KC101145,Indore,MP,2025-08-12,N
KC101146,Hubballi,KA,2024-07-22,N
KC101147,Warangal,TS,2025-10-13,N
KC101148,Coimbatore,TN,2022-12-26,N
KC101149,Nashik,MH,2026-01-19,N
KC101150,Chennai,TN,2025-05-31,N
KC101151,Mysuru,KA,2022-10-21,Y
KC101152,Warangal,TS,2024-05-08,N
KC101153,Hubballi,KA,2023-04-23,N
KC101154,Nashik,MH,2025-05-07,N
KC101155,Coimbatore,TN,2023-10-03,N
KC101156,Hubballi,KA,2023-03-11,N
KC101157,Indore,MP,2025-05-15,N
KC101158,Kota,RJ,2024-02-12,Y
KC101159,Warangal,TS,2025-08-16,Y
KC101160,Delhi,DL,2026-02-17,N
KC101161,Hubballi,KA,2022-10-25,N
KC101162,Mysuru,KA,2022-10-30,N
KC101163,Hubballi,KA,2023-09-23,Y
KC101164,Bhopal,MP,2023-08-24,N
KC101165,Chennai,TN,2024-06-06,N
KC101166,Lucknow,UP,2024-01-09,Y
KC101167,Mumbai,MH,2023-08-12,N
KC101168,Mysuru,KA,2026-01-26,N
KC101169,Aurangabad,MH,2026-05-17,Y
KC101170,Kota,RJ,2022-10-30,Y
KC101171,Jaipur,RJ,2022-12-27,N
KC101172,Hubballi,KA,2026-03-16,Y
KC101173,Kota,RJ,2024-12-16,N
KC101174,Jaipur,RJ,2025-04-05,Y
KC101175,Aurangabad,MH,2023-05-21,Y
KC101176,Mysuru,KA,2023-07-12,Y
KC101177,Delhi,DL,2024-05-06,Y
KC101178,Coimbatore,TN,2025-08-30,N
KC101179,Kota,RJ,2026-06-27,N
KC101180,Chennai,TN,2023-05-14,N
KC101181,Nagpur,MH,2025-11-08,N
KC101182,Nashik,MH,2026-06-03,N
KC101183,Warangal,TS,2023-07-04,N
KC101184,Bengaluru,KA,2023-05-04,N
KC101185,Mumbai,MH,2024-06-27,N
KC101186,Mysuru,KA,2025-08-08,N
KC101187,Indore,MP,2025-01-17,N
KC101188,Bhopal,MP,2025-09-09,Y
KC101189,Bhopal,MP,2025-04-05,N
KC101190,Hubballi,KA,2023-04-11,N
KC101191,Nashik,MH,2024-06-14,N
KC101192,Delhi,DL,2025-08-23,N
KC101193,Hubballi,KA,2025-02-01,N
KC101194,Bengaluru,KA,2025-07-16,Y
KC101195,Aurangabad,MH,2024-12-26,N
KC101196,Coimbatore,TN,2024-04-30,N
KC101197,Bhopal,MP,2026-01-13,N
KC101198,Jaipur,RJ,2023-09-23,N
KC101199,Bengaluru,KA,2024-04-14,N
KC101200,Lucknow,UP,2023-04-20,N
KC101201,Warangal,TS,2023-09-30,N
KC101202,Bhopal,MP,2025-11-23,N
KC101203,Pune,MH,2025-10-05,Y
KC101204,Mumbai,MH,2022-11-25,N
KC101205,Nashik,MH,2025-05-03,N
KC101206,Kota,RJ,2023-07-16,N
KC101207,Indore,MP,2024-11-16,N
KC101208,Chennai,TN,2023-07-02,Y
KC101209,Mysuru,KA,2024-10-02,N
KC101210,Jaipur,RJ,2024-06-18,N
KC101211,Jaipur,RJ,2025-06-30,N
KC101212,Indore,MP,2025-06-02,N
KC101213,Delhi,DL,2025-09-29,N
KC101214,Nashik,MH,2022-11-01,N
KC101215,Mumbai,MH,2025-12-06,N
KC101216,Aurangabad,MH,2025-06-07,N
KC101217,Jaipur,RJ,2023-02-23,Y
KC101218,Hubballi,KA,2025-12-03,Y
KC101219,Nashik,MH,2026-06-19,N
KC101220,Coimbatore,TN,2026-06-30,N
KC101221,Nashik,MH,2025-11-10,Y
KC101222,Mumbai,MH,2025-05-01,N
KC101223,Jaipur,RJ,2024-02-12,Y
KC101224,Aurangabad,MH,2024-02-21,Y
KC101225,Jaipur,RJ,2026-03-28,N
KC101226,Delhi,DL,2025-05-10,Y
KC101227,Nashik,MH,2024-07-25,N
KC101228,Hubballi,KA,2024-01-08,N
KC101229,Aurangabad,MH,2026-05-16,N
KC101230,Kota,RJ,2026-03-19,N
KC101231,Warangal,TS,2024-09-26,N
KC101232,Hyderabad,TS,2023-07-06,N
KC101233,Lucknow,UP,2024-01-13,N
KC101234,Mumbai,MH,2023-03-30,N
KC101235,Jaipur,RJ,2025-07-11,N
KC101236,Hyderabad,TS,2026-03-31,N
KC101237,Pune,MH,2026-05-02,N
KC101238,Nagpur,MH,2023-07-20,N
KC101239,Warangal,TS,2025-05-19,N
KC101240,Aurangabad,MH,2026-04-23,N
KC101241,Mumbai,MH,2023-01-18,N
KC101242,Kota,RJ,2023-03-10,Y
KC101243,Aurangabad,MH,2026-05-25,N
KC101244,Coimbatore,TN,2026-05-21,N
KC101245,Bengaluru,KA,2022-12-10,N
KC101246,Coimbatore,TN,2025-03-25,N
KC101247,Hyderabad,TS,2025-11-01,N
KC101248,Bengaluru,KA,2024-03-01,N
KC101249,Mysuru,KA,2023-10-02,N
KC101250,Mumbai,MH,2026-03-01,Y
KC101251,Aurangabad,MH,2023-11-03,N
KC101252,Delhi,DL,2025-03-09,N
KC101253,Warangal,TS,2023-05-29,N
KC101254,Pune,MH,2026-01-25,N
KC101255,Bengaluru,KA,2022-10-18,N
KC101256,Mysuru,KA,2023-09-05,N
KC101257,Aurangabad,MH,2025-12-12,N
KC101258,Mysuru,KA,2024-01-22,N
KC101259,Nashik,MH,2026-07-13,N
KC101260,Pune,MH,2023-06-25,N
KC101261,Chennai,TN,2025-12-01,N
KC101262,Hubballi,KA,2024-02-15,N
KC101263,Aurangabad,MH,2023-08-17,N
KC101264,Mysuru,KA,2022-12-12,N
KC101265,Aurangabad,MH,2024-11-22,Y
KC101266,Chennai,TN,2025-12-06,Y
KC101267,Coimbatore,TN,2026-03-02,Y
KC101268,Mysuru,KA,2022-10-31,N
KC101269,Lucknow,UP,2024-07-26,N
KC101270,Nashik,MH,2023-10-27,N
KC101271,Mysuru,KA,2023-06-27,N
KC101272,Chennai,TN,2025-07-30,N
KC101273,Bhopal,MP,2023-06-11,N
KC101274,Delhi,DL,2025-04-11,Y
KC101275,Bengaluru,KA,2024-11-01,Y
KC101276,Chennai,TN,2024-11-15,Y
KC101277,Coimbatore,TN,2026-03-01,Y
KC101278,Nashik,MH,2024-12-10,N
KC101279,Bhopal,MP,2024-12-08,N
KC101280,Kota,RJ,2024-12-26,Y
KC101281,Lucknow,UP,2024-06-26,N
KC101282,Nashik,MH,2023-05-05,N
KC101283,Bengaluru,KA,2023-06-07,Y
KC101284,Hyderabad,TS,2024-04-10,Y
KC101285,Hyderabad,TS,2023-07-17,Y
KC101286,Warangal,TS,2026-04-12,Y
KC101287,Coimbatore,TN,2022-10-15,Y
KC101288,Chennai,TN,2024-07-16,N
KC101289,Jaipur,RJ,2026-01-25,N
KC101290,Kota,RJ,2023-07-04,N
KC101291,Mumbai,MH,2023-01-17,Y
KC101292,Bhopal,MP,2026-02-06,N
KC101293,Kota,RJ,2026-05-19,N
KC101294,Warangal,TS,2026-07-04,N
KC101295,Bhopal,MP,2024-10-21,N
KC101296,Jaipur,RJ,2025-03-31,N
KC101297,Delhi,DL,2022-12-10,N
KC101298,Lucknow,UP,2024-01-16,Y
KC101299,Kota,RJ,2025-08-21,N
KC101300,Coimbatore,TN,2025-09-15,N
KC101301,Kota,RJ,2023-11-25,N
KC101302,Hyderabad,TS,2023-07-03,N
KC101303,Coimbatore,TN,2024-04-22,N
KC101304,Warangal,TS,2026-08-14,N
KC101305,Mysuru,KA,2023-12-30,N
KC101306,Warangal,TS,2026-05-12,N
KC101307,Chennai,TN,2024-06-15,N
KC101308,Coimbatore,TN,2026-07-30,N
KC101309,Nashik,MH,2026-03-29,N
KC101310,Coimbatore,TN,2026-05-25,Y
KC101311,Bhopal,MP,2024-07-17,N
KC101312,Nagpur,MH,2026-01-23,N
KC101313,Chennai,TN,2025-08-28,N
KC101314,Nagpur,MH,2026-04-14,N
KC101315,Bhopal,MP,2023-02-09,N
KC101316,Mumbai,MH,2025-12-13,N
KC101317,Nagpur,MH,2025-10-08,N
KC101318,Chennai,TN,2026-05-30,Y
KC101319,Mumbai,MH,2026-02-04,N
KC101320,Bhopal,MP,2023-07-29,Y
KC101321,Kota,RJ,2023-08-27,N
KC101322,Bhopal,MP,2024-11-20,Y
KC101323,Hyderabad,TS,2023-06-29,N
KC101324,Nashik,MH,2025-07-19,N
KC101325,Nashik,MH,2024-01-15,N
KC101326,Chennai,TN,2022-11-13,Y
KC101327,Indore,MP,2023-04-08,N
KC101328,Pune,MH,2022-10-30,Y
KC101329,Coimbatore,TN,2025-06-15,N
KC101330,Bhopal,MP,2026-03-12,N
KC101331,Delhi,DL,2025-04-18,N
KC101332,Kota,RJ,2024-04-19,Y
KC101333,Hubballi,KA,2023-05-01,N
KC101334,Pune,MH,2024-03-05,N
KC101335,Jaipur,RJ,2023-09-19,Y
KC101336,Warangal,TS,2024-01-15,Y
KC101337,Hyderabad,TS,2022-12-04,N
KC101338,Jaipur,RJ,2023-04-12,Y
KC101339,Kota,RJ,2023-03-01,Y
KC101340,Pune,MH,2026-06-29,Y
KC101341,Hyderabad,TS,2024-08-14,N
KC101342,Coimbatore,TN,2025-09-11,N
KC101343,Chennai,TN,2026-05-25,N
KC101344,Bhopal,MP,2025-02-18,N
KC101345,Hyderabad,TS,2024-12-28,Y
KC101346,Aurangabad,MH,2022-10-28,Y
KC101347,Bhopal,MP,2024-10-09,N
KC101348,Chennai,TN,2023-04-02,N
KC101349,Nagpur,MH,2024-01-08,N
KC101350,Bhopal,MP,2023-04-25,N
KC101351,Nagpur,MH,2024-08-02,N
KC101352,Bengaluru,KA,2023-12-06,N
KC101353,Hubballi,KA,2024-02-24,N
KC101354,Aurangabad,MH,2025-01-27,N
KC101355,Bengaluru,KA,2025-04-10,N
KC101356,Jaipur,RJ,2025-10-12,N
KC101357,Indore,MP,2023-02-14,N
KC101358,Nashik,MH,2024-10-04,N
KC101359,Indore,MP,2026-08-11,N
KC101360,Bhopal,MP,2025-02-05,N
KC101361,Jaipur,RJ,2025-12-01,N
KC101362,Jaipur,RJ,2024-11-15,Y
KC101363,Chennai,TN,2025-10-05,N
KC101364,Bengaluru,KA,2024-08-15,N
KC101365,Chennai,TN,2025-11-15,N
KC101366,Warangal,TS,2023-07-25,N
KC101367,Lucknow,UP,2024-12-15,N
KC101368,Nashik,MH,2023-10-07,N
KC101369,Hyderabad,TS,2023-04-29,N
KC101370,Coimbatore,TN,2024-11-14,N
KC101371,Nashik,MH,2025-04-26,N
KC101372,Mysuru,KA,2025-07-05,N
KC101373,Indore,MP,2024-08-06,N
KC101374,Indore,MP,2023-01-24,N
KC101375,Delhi,DL,2024-02-09,N
KC101376,Aurangabad,MH,2023-06-12,Y
KC101377,Delhi,DL,2025-08-02,N
KC101378,Jaipur,RJ,2026-05-07,N
KC101379,Bengaluru,KA,2024-08-20,N
KC101380,Warangal,TS,2023-11-16,Y
KC101381,Mysuru,KA,2024-02-10,N
KC101382,Hubballi,KA,2026-03-04,N
KC101383,Nashik,MH,2026-07-11,Y
KC101384,Pune,MH,2025-07-25,N
KC101385,Coimbatore,TN,2024-09-09,N
KC101386,Delhi,DL,2026-01-24,N
KC101387,Nashik,MH,2024-01-31,N
KC101388,Nashik,MH,2023-05-09,N
KC101389,Jaipur,RJ,2024-07-30,Y
KC101390,Nashik,MH,2025-12-23,Y
KC101391,Bhopal,MP,2024-09-18,N
KC101392,Coimbatore,TN,2022-11-09,Y
KC101393,Indore,MP,2023-06-30,N
KC101394,Delhi,DL,2026-07-13,N
KC101395,Nashik,MH,2022-10-23,N
KC101396,Aurangabad,MH,2025-11-20,N
KC101397,Hyderabad,TS,2022-11-17,Y
KC101398,Lucknow,UP,2022-10-26,N
KC101399,Lucknow,UP,2025-01-23,N
KC101400,Hyderabad,TS,2023-05-22,Y
KC101401,Mysuru,KA,2025-05-17,N
KC101402,Delhi,DL,2026-08-03,N
KC101403,Aurangabad,MH,2026-07-03,N
KC101404,Bengaluru,KA,2024-07-08,N
KC101405,Lucknow,UP,2026-07-17,Y
KC101406,Bhopal,MP,2023-05-13,N
KC101407,Bengaluru,KA,2025-12-22,N
KC101408,Hyderabad,TS,2025-08-20,N
KC101409,Hubballi,KA,2023-10-19,Y
KC101410,Mysuru,KA,2025-12-03,N
KC101411,Delhi,DL,2024-07-03,N
KC101412,Indore,MP,2024-01-13,N
KC101413,Nashik,MH,2025-06-14,N
KC101414,Nashik,MH,2025-11-19,Y
KC101415,Mysuru,KA,2024-01-29,N
KC101416,Mysuru,KA,2023-03-31,N
KC101417,Hyderabad,TS,2025-01-04,N
KC101418,Jaipur,RJ,2025-09-16,N
KC101419,Nagpur,MH,2023-03-22,N
KC101420,Kota,RJ,2024-01-07,N
KC101421,Bengaluru,KA,2024-03-05,N
KC101422,Hubballi,KA,2024-05-14,N
KC101423,Nagpur,MH,2024-05-22,N
KC101424,Chennai,TN,2023-02-19,N
KC101425,Mumbai,MH,2023-02-03,N
KC101426,Warangal,TS,2023-05-12,N
KC101427,Delhi,DL,2023-12-09,N
KC101428,Kota,RJ,2026-07-15,Y
KC101429,Mysuru,KA,2024-01-30,Y
KC101430,Nashik,MH,2024-06-18,N
KC101431,Delhi,DL,2024-08-09,N
KC101432,Bhopal,MP,2022-11-20,N
KC101433,Mysuru,KA,2023-08-20,N
KC101434,Hubballi,KA,2024-01-20,N
KC101435,Indore,MP,2023-07-23,N
KC101436,Delhi,DL,2022-12-02,Y
KC101437,Hubballi,KA,2025-01-07,N
KC101438,Mumbai,MH,2024-02-18,Y
KC101439,Kota,RJ,2023-04-24,N
KC101440,Hubballi,KA,2025-12-10,N
KC101441,Jaipur,RJ,2024-08-11,N
KC101442,Delhi,DL,2024-12-17,N
KC101443,Mumbai,MH,2025-02-17,Y
KC101444,Bengaluru,KA,2026-08-13,N
KC101445,Bhopal,MP,2026-06-28,N
KC101446,Kota,RJ,2025-12-25,N
KC101447,Hyderabad,TS,2023-01-08,N
KC101448,Mumbai,MH,2023-01-08,N
KC101449,Mumbai,MH,2024-10-11,N
KC101450,Hubballi,KA,2023-02-02,N
KC101451,Hyderabad,TS,2026-08-04,Y
KC101452,Bengaluru,KA,2025-11-30,N
KC101453,Kota,RJ,2025-09-06,N
KC101454,Aurangabad,MH,2023-12-03,Y
KC101455,Kota,RJ,2026-02-03,N
KC101456,Mysuru,KA,2025-05-12,Y
KC101457,Kota,RJ,2026-04-13,N
KC101458,Coimbatore,TN,2024-04-17,N
KC101459,Aurangabad,MH,2025-10-22,N
KC101460,Indore,MP,2024-02-20,N
KC101461,Warangal,TS,2025-05-25,N
KC101462,Hyderabad,TS,2026-06-14,N
KC101463,Indore,MP,2022-11-08,Y
KC101464,Mumbai,MH,2024-06-11,N
KC101465,Mumbai,MH,2025-07-31,N
KC101466,Nashik,MH,2024-07-03,Y
KC101467,Mumbai,MH,2025-04-26,N
KC101468,Coimbatore,TN,2024-12-22,Y
KC101469,Delhi,DL,2023-02-23,Y
KC101470,Lucknow,UP,2022-10-27,N
KC101471,Mysuru,KA,2023-06-15,N
KC101472,Indore,MP,2025-06-22,Y
KC101473,Delhi,DL,2024-11-17,N
KC101474,Bengaluru,KA,2025-03-28,Y
KC101475,Bengaluru,KA,2025-01-17,N
KC101476,Kota,RJ,2024-06-19,N
KC101477,Bengaluru,KA,2023-07-27,Y
KC101478,Hyderabad,TS,2024-06-26,N
KC101479,Chennai,TN,2025-09-28,Y
KC101480,Mumbai,MH,2022-11-17,N
KC101481,Lucknow,UP,2026-01-24,N
KC101482,Bhopal,MP,2024-03-30,N
KC101483,Hyderabad,TS,2025-11-04,N
KC101484,Mysuru,KA,2023-03-22,N
KC101485,Hyderabad,TS,2025-05-19,N
KC101486,Kota,RJ,2025-04-07,N
KC101487,Nagpur,MH,2024-03-12,N
KC101488,Mysuru,KA,2023-06-17,Y
KC101489,Mysuru,KA,2025-12-21,N
KC101490,Kota,RJ,2023-01-10,Y
KC101491,Hyderabad,TS,2025-11-05,N
KC101492,Hubballi,KA,2025-10-15,N
KC101493,Indore,MP,2025-12-29,N
KC101494,Hubballi,KA,2026-05-31,N
KC101495,Hubballi,KA,2025-09-05,N
KC101496,Bengaluru,KA,2024-04-01,N
KC101497,Mumbai,MH,2025-11-22,Y
KC101498,Jaipur,RJ,2025-11-20,N
KC101499,Mumbai,MH,2024-10-01,N
KC101500,Bhopal,MP,2026-03-18,N
KC101501,Chennai,TN,2025-09-11,N
KC101502,Warangal,TS,2025-01-05,Y
KC101503,Aurangabad,MH,2024-01-18,N
KC101504,Kota,RJ,2025-10-14,N
KC101505,Jaipur,RJ,2025-10-18,N
KC101506,Lucknow,UP,2025-04-09,Y
KC101507,Pune,MH,2023-11-13,N
KC101508,Kota,RJ,2024-04-01,N
KC101509,Mysuru,KA,2023-10-03,N
KC101510,Pune,MH,2023-01-12,N
KC101511,Kota,RJ,2022-10-17,N
KC101512,Hubballi,KA,2025-05-17,N
KC101513,Pune,MH,2023-06-21,N
KC101514,Mysuru,KA,2023-09-03,N
KC101515,Delhi,DL,2023-11-27,N
KC101516,Nagpur,MH,2023-07-12,N
KC101517,Warangal,TS,2024-12-16,N
KC101518,Chennai,TN,2023-04-23,Y
KC101519,Indore,MP,2023-09-09,N
KC101520,Bengaluru,KA,2025-11-30,N
KC101521,Jaipur,RJ,2025-07-26,N
KC101522,Warangal,TS,2025-06-24,N
KC101523,Jaipur,RJ,2023-03-06,N
KC101524,Kota,RJ,2024-03-27,N
KC101525,Mumbai,MH,2024-11-05,N
KC101526,Coimbatore,TN,2023-05-10,N
KC101527,Hubballi,KA,2025-06-19,N
KC101528,Indore,MP,2023-06-23,N
KC101529,Coimbatore,TN,2024-07-10,N
KC101530,Indore,MP,2024-06-12,N
KC101531,Warangal,TS,2025-02-16,N
KC101532,Chennai,TN,2026-03-20,Y
KC101533,Chennai,TN,2025-04-26,Y
KC101534,Chennai,TN,2025-04-21,N
KC101535,Bengaluru,KA,2023-08-02,N
KC101536,Mumbai,MH,2024-10-20,Y
KC101537,Warangal,TS,2024-08-22,N
KC101538,Warangal,TS,2023-08-01,Y
KC101539,Chennai,TN,2026-07-01,Y
KC101540,Indore,MP,2022-11-12,N
KC101541,Indore,MP,2026-05-24,N
KC101542,Jaipur,RJ,2023-08-08,N
KC101543,Nagpur,MH,2024-06-26,N
KC101544,Hubballi,KA,2025-07-24,N
KC101545,Lucknow,UP,2025-01-20,N
KC101546,Bengaluru,KA,2024-11-18,N
KC101547,Nagpur,MH,2025-07-15,N
KC101548,Jaipur,RJ,2026-02-17,N
KC101549,Indore,MP,2024-07-29,N
KC101550,Mumbai,MH,2026-03-05,N
KC101551,Warangal,TS,2023-04-13,N
KC101552,Aurangabad,MH,2025-01-11,Y
KC101553,Hyderabad,TS,2023-08-18,Y
KC101554,Chennai,TN,2025-01-21,N
KC101555,Chennai,TN,2023-02-18,N
KC101556,Mysuru,KA,2026-06-30,N
KC101557,Delhi,DL,2022-11-16,N
KC101558,Mumbai,MH,2023-03-16,Y
KC101559,Jaipur,RJ,2024-09-18,N
KC101560,Indore,MP,2026-08-07,N
KC101561,Warangal,TS,2026-01-08,N
KC101562,Nashik,MH,2025-12-06,Y
KC101563,Chennai,TN,2025-02-06,N
KC101564,Warangal,TS,2025-02-02,N
KC101565,Pune,MH,2024-08-24,Y
KC101566,Delhi,DL,2025-03-09,N
KC101567,Hyderabad,TS,2023-11-11,N
KC101568,Coimbatore,TN,2025-03-04,N
KC101569,Chennai,TN,2023-04-12,N
KC101570,Indore,MP,2023-07-16,Y
KC101571,Mysuru,KA,2023-01-20,N
KC101572,Pune,MH,2026-07-18,N
KC101573,Chennai,TN,2026-06-16,N
KC101574,Delhi,DL,2025-07-06,N
KC101575,Warangal,TS,2025-11-11,N
KC101576,Nashik,MH,2023-12-24,N
KC101577,Warangal,TS,2026-02-22,N
KC101578,Pune,MH,2023-09-10,N
KC101579,Hubballi,KA,2024-08-10,N
KC101580,Bhopal,MP,2024-02-20,N
KC101581,Nagpur,MH,2025-04-25,N
KC101582,Delhi,DL,2026-05-05,N
KC101583,Mumbai,MH,2023-12-26,N
KC101584,Warangal,TS,2024-08-19,N
KC101585,Hubballi,KA,2024-12-22,Y
KC101586,Warangal,TS,2025-01-31,N
KC101587,Nagpur,MH,2024-04-24,N
KC101588,Mumbai,MH,2024-09-18,Y
KC101589,Nashik,MH,2024-07-14,N
KC101590,Chennai,TN,2024-02-19,Y
KC101591,Lucknow,UP,2024-04-17,N
KC101592,Bhopal,MP,2024-09-13,N
KC101593,Delhi,DL,2025-08-16,N
KC101594,Nagpur,MH,2023-03-22,N
KC101595,Mumbai,MH,2024-06-21,N
KC101596,Hubballi,KA,2026-01-18,N
KC101597,Hyderabad,TS,2023-09-06,N
KC101598,Indore,MP,2025-12-22,N
KC101599,Kota,RJ,2023-07-21,N
KC101600,Aurangabad,MH,2023-07-07,Y
KC101601,Coimbatore,TN,2025-04-26,N
KC101602,Kota,RJ,2023-06-30,N
KC101603,Mysuru,KA,2023-07-28,N
KC101604,Mumbai,MH,2026-04-11,N
KC101605,Hubballi,KA,2023-01-07,N
KC101606,Hubballi,KA,2025-05-29,N
KC101607,Bengaluru,KA,2026-06-23,N
KC101608,Bengaluru,KA,2022-11-17,Y
KC101609,Nagpur,MH,2026-03-02,N
KC101610,Nashik,MH,2025-07-25,N
KC101611,Jaipur,RJ,2026-01-13,N
KC101612,Chennai,TN,2023-06-12,Y
KC101613,Kota,RJ,2024-10-13,N
KC101614,Mumbai,MH,2024-05-08,N
KC101615,Jaipur,RJ,2026-06-04,N
KC101616,Indore,MP,2025-10-27,N
KC101617,Indore,MP,2024-09-06,N
KC101618,Coimbatore,TN,2025-02-26,N
KC101619,Kota,RJ,2023-11-16,Y
KC101620,Coimbatore,TN,2023-01-25,N
KC101621,Aurangabad,MH,2024-04-19,N
KC101622,Delhi,DL,2025-06-16,Y
KC101623,Jaipur,RJ,2026-06-30,Y
KC101624,Delhi,DL,2025-09-27,Y
KC101625,Kota,RJ,2025-08-11,N
KC101626,Kota,RJ,2026-01-23,Y
KC101627,Chennai,TN,2022-11-29,N
KC101628,Pune,MH,2026-05-23,N
KC101629,Lucknow,UP,2024-03-24,N
KC101630,Hubballi,KA,2025-10-02,N
KC101631,Jaipur,RJ,2024-10-25,N
KC101632,Mysuru,KA,2024-05-14,N
KC101633,Chennai,TN,2023-06-17,N
KC101634,Delhi,DL,2022-11-05,N
KC101635,Nashik,MH,2022-12-18,N
KC101636,Bengaluru,KA,2024-03-22,N
KC101637,Indore,MP,2025-07-05,N
KC101638,Mumbai,MH,2023-01-18,N
KC101639,Delhi,DL,2025-12-15,Y
KC101640,Lucknow,UP,2024-02-19,N
KC101641,Delhi,DL,2023-06-28,N
KC101642,Delhi,DL,2023-03-24,Y
KC101643,Pune,MH,2026-06-18,N
KC101644,Kota,RJ,2024-08-24,N
KC101645,Mumbai,MH,2022-12-28,Y
KC101646,Mumbai,MH,2023-03-08,N
KC101647,Jaipur,RJ,2023-03-25,N
KC101648,Coimbatore,TN,2024-02-11,N
KC101649,Lucknow,UP,2026-04-04,N
KC101650,Warangal,TS,2025-04-11,N
KC101651,Mumbai,MH,2026-02-20,N
KC101652,Kota,RJ,2026-01-02,N
KC101653,Jaipur,RJ,2023-02-04,Y
KC101654,Hubballi,KA,2024-04-17,N
KC101655,Kota,RJ,2025-08-21,N
KC101656,Nagpur,MH,2025-01-12,N
KC101657,Hubballi,KA,2024-07-29,N
KC101658,Lucknow,UP,2022-12-02,N
KC101659,Delhi,DL,2025-11-16,N
KC101660,Warangal,TS,2026-01-04,N
KC101661,Delhi,DL,2024-09-09,N
KC101662,Coimbatore,TN,2022-12-05,N
KC101663,Mysuru,KA,2024-04-06,N
KC101664,Hyderabad,TS,2023-01-19,N
KC101665,Hubballi,KA,2024-05-09,N
KC101666,Bengaluru,KA,2026-08-05,Y
KC101667,Jaipur,RJ,2024-12-27,N
KC101668,Kota,RJ,2025-12-01,N
KC101669,Mumbai,MH,2026-06-05,N
KC101670,Lucknow,UP,2024-12-24,Y
KC101671,Hyderabad,TS,2022-11-25,N
KC101672,Delhi,DL,2023-06-10,N
KC101673,Pune,MH,2026-04-23,N
KC101674,Chennai,TN,2025-12-30,N
KC101675,Jaipur,RJ,2025-04-02,N
KC101676,Warangal,TS,2024-03-01,N
KC101677,Lucknow,UP,2025-05-17,N
KC101678,Kota,RJ,2025-07-08,N
KC101679,Mumbai,MH,2025-10-27,Y
KC101680,Nashik,MH,2023-09-01,Y
KC101681,Bhopal,MP,2022-12-25,N
KC101682,Bhopal,MP,2026-04-20,Y
KC101683,Warangal,TS,2025-12-13,Y
KC101684,Hubballi,KA,2025-12-10,Y
KC101685,Jaipur,RJ,2026-06-10,N
KC101686,Hyderabad,TS,2023-03-02,N
KC101687,Chennai,TN,2025-02-01,N
KC101688,Delhi,DL,2024-03-10,Y
KC101689,Nagpur,MH,2024-10-22,N
KC101690,Nashik,MH,2022-11-15,N
KC101691,Warangal,TS,2025-12-18,Y
KC101692,Kota,RJ,2023-02-08,Y
KC101693,Delhi,DL,2025-12-12,N
KC101694,Mysuru,KA,2025-08-21,N
KC101695,Mysuru,KA,2026-05-06,Y
KC101696,Bhopal,MP,2023-07-04,N
KC101697,Bhopal,MP,2023-10-28,N
KC101698,Hubballi,KA,2024-04-10,N
KC101699,Mumbai,MH,2025-01-29,N
KC101700,Aurangabad,MH,2025-05-11,N
KC101701,Chennai,TN,2023-04-14,N
KC101702,Bhopal,MP,2023-02-21,N
KC101703,Kota,RJ,2024-09-08,Y
KC101704,Mumbai,MH,2025-11-18,N
KC101705,Chennai,TN,2023-12-15,N
KC101706,Nashik,MH,2025-05-16,N
KC101707,Nagpur,MH,2023-10-16,N
KC101708,Lucknow,UP,2026-01-13,N
KC101709,Hubballi,KA,2025-07-14,N
KC101710,Coimbatore,TN,2022-12-03,N
KC101711,Coimbatore,TN,2025-11-06,Y
KC101712,Nashik,MH,2026-06-20,N
KC101713,Delhi,DL,2023-10-28,N
KC101714,Warangal,TS,2024-07-10,Y
KC101715,Kota,RJ,2025-04-12,N
KC101716,Pune,MH,2025-09-10,N
KC101717,Lucknow,UP,2025-07-16,N
KC101718,Pune,MH,2023-06-28,N
KC101719,Hyderabad,TS,2024-04-10,N
KC101720,Delhi,DL,2022-12-02,N
KC101721,Delhi,DL,2025-08-09,N
KC101722,Jaipur,RJ,2023-05-27,Y
KC101723,Nagpur,MH,2024-04-13,Y
KC101724,Jaipur,RJ,2023-02-18,N
KC101725,Nashik,MH,2025-03-30,N
KC101726,Lucknow,UP,2025-03-21,Y
KC101727,Aurangabad,MH,2026-04-21,N
KC101728,Kota,RJ,2024-07-22,N
KC101729,Nagpur,MH,2025-05-18,N
KC101730,Kota,RJ,2022-11-01,N
KC101731,Hubballi,KA,2023-06-10,N
KC101732,Nashik,MH,2025-11-06,Y
KC101733,Nagpur,MH,2024-11-22,N
KC101734,Aurangabad,MH,2026-04-18,N
KC101735,Jaipur,RJ,2023-04-14,N
KC101736,Delhi,DL,2022-11-24,Y
KC101737,Warangal,TS,2023-06-09,N
KC101738,Lucknow,UP,2023-08-11,Y
KC101739,Mumbai,MH,2023-02-03,N
KC101740,Indore,MP,2023-01-18,Y
KC101741,Jaipur,RJ,2026-04-11,N
KC101742,Mysuru,KA,2024-08-08,N
KC101743,Aurangabad,MH,2026-06-07,N
KC101744,Mysuru,KA,2026-06-09,N
KC101745,Lucknow,UP,2024-07-12,N
KC101746,Nashik,MH,2023-03-09,N
KC101747,Hyderabad,TS,2025-11-02,N
KC101748,Warangal,TS,2025-06-12,N
KC101749,Jaipur,RJ,2025-07-28,N
KC101750,Jaipur,RJ,2023-07-21,N
KC101751,Chennai,TN,2025-02-10,N
KC101752,Warangal,TS,2024-03-17,N
KC101753,Kota,RJ,2023-12-04,N
KC101754,Lucknow,UP,2026-03-01,N
KC101755,Bengaluru,KA,2024-01-30,N
KC101756,Pune,MH,2025-05-13,N
KC101757,Bengaluru,KA,2022-11-20,N
KC101758,Chennai,TN,2024-04-16,N
KC101759,Hyderabad,TS,2024-10-31,Y
KC101760,Lucknow,UP,2026-03-15,N
KC101761,Aurangabad,MH,2024-06-08,N
KC101762,Chennai,TN,2025-10-09,N
KC101763,Coimbatore,TN,2023-11-14,Y
KC101764,Lucknow,UP,2025-02-20,N
KC101765,Nagpur,MH,2026-04-19,N
KC101766,Nagpur,MH,2024-11-16,N
KC101767,Warangal,TS,2023-04-07,N
KC101768,Bengaluru,KA,2024-04-05,N
KC101769,Hyderabad,TS,2025-02-14,Y
KC101770,Lucknow,UP,2026-06-15,N
KC101771,Aurangabad,MH,2025-03-24,Y
KC101772,Warangal,TS,2025-11-22,N
KC101773,Mumbai,MH,2023-01-16,Y
KC101774,Warangal,TS,2025-02-11,N
KC101775,Mysuru,KA,2024-05-12,N
KC101776,Lucknow,UP,2023-11-25,N
KC101777,Hubballi,KA,2025-11-27,N
KC101778,Jaipur,RJ,2023-10-20,N
KC101779,Kota,RJ,2023-12-08,N
KC101780,Coimbatore,TN,2024-08-05,N
KC101781,Hyderabad,TS,2024-12-07,Y
KC101782,Bengaluru,KA,2023-01-07,N
KC101783,Kota,RJ,2022-11-22,N
KC101784,Delhi,DL,2026-02-16,N
KC101785,Indore,MP,2024-09-30,N
KC101786,Bhopal,MP,2025-05-08,N
KC101787,Bhopal,MP,2025-10-29,N
KC101788,Pune,MH,2023-05-14,N
KC101789,Coimbatore,TN,2025-02-14,N
KC101790,Pune,MH,2025-12-04,Y
KC101791,Nagpur,MH,2026-08-08,N
KC101792,Hubballi,KA,2025-10-29,N
KC101793,Nagpur,MH,2023-08-03,N
KC101794,Jaipur,RJ,2023-09-24,N
KC101795,Bengaluru,KA,2024-03-29,Y
KC101796,Delhi,DL,2023-05-10,N
KC101797,Jaipur,RJ,2023-07-26,N
KC101798,Delhi,DL,2024-09-16,N
KC101799,Hubballi,KA,2024-06-15,Y
KC101800,Bhopal,MP,2025-11-16,Y
KC101801,Warangal,TS,2023-12-27,N
KC101802,Lucknow,UP,2025-03-15,N
KC101803,Jaipur,RJ,2023-08-05,N
KC101804,Bhopal,MP,2025-10-26,N
KC101805,Kota,RJ,2024-01-10,Y
KC101806,Lucknow,UP,2025-12-26,N
KC101807,Chennai,TN,2024-11-18,Y
KC101808,Nagpur,MH,2022-11-21,N
KC101809,Warangal,TS,2026-05-11,N
KC101810,Chennai,TN,2022-12-14,Y
KC101811,Jaipur,RJ,2025-05-29,N
KC101812,Lucknow,UP,2025-12-16,N
KC101813,Coimbatore,TN,2023-12-27,N
KC101814,Nagpur,MH,2023-06-18,N
KC101815,Coimbatore,TN,2025-08-28,N
KC101816,Jaipur,RJ,2024-08-02,N
KC101817,Warangal,TS,2023-03-24,N
KC101818,Bengaluru,KA,2024-02-04,N
KC101819,Delhi,DL,2023-11-12,N
KC101820,Jaipur,RJ,2026-04-18,N
KC101821,Coimbatore,TN,2025-04-10,N
KC101822,Chennai,TN,2024-07-20,N
KC101823,Aurangabad,MH,2023-10-20,N
KC101824,Bengaluru,KA,2026-04-07,Y
KC101825,Pune,MH,2023-01-26,N
KC101826,Warangal,TS,2025-03-01,N
KC101827,Lucknow,UP,2023-11-18,N
KC101828,Nagpur,MH,2023-04-14,N
KC101829,Aurangabad,MH,2023-04-20,Y
KC101830,Warangal,TS,2026-03-03,Y
KC101831,Hyderabad,TS,2023-02-19,N
KC101832,Nagpur,MH,2024-08-22,N
KC101833,Indore,MP,2025-06-04,Y
KC101834,Chennai,TN,2023-01-09,Y
KC101835,Chennai,TN,2023-04-14,N
KC101836,Coimbatore,TN,2025-09-13,N
KC101837,Bhopal,MP,2025-01-18,N
KC101838,Pune,MH,2025-06-07,N
KC101839,Aurangabad,MH,2026-04-28,N
KC101840,Bengaluru,KA,2023-12-15,N
KC101841,Mumbai,MH,2022-12-01,N
KC101842,Delhi,DL,2026-03-18,N
KC101843,Nashik,MH,2023-04-18,N
KC101844,Kota,RJ,2022-11-11,N
KC101845,Aurangabad,MH,2023-12-18,Y
KC101846,Mysuru,KA,2023-07-01,N
KC101847,Jaipur,RJ,2025-07-07,N
KC101848,Bengaluru,KA,2026-05-13,Y
KC101849,Hubballi,KA,2025-04-29,N
KC101850,Indore,MP,2023-09-22,N
KC101851,Mysuru,KA,2024-06-16,N
KC101852,Mumbai,MH,2023-02-23,Y
KC101853,Nagpur,MH,2023-09-30,N
KC101854,Jaipur,RJ,2025-01-10,N
KC101855,Aurangabad,MH,2023-05-05,Y
KC101856,Hyderabad,TS,2026-01-18,N
KC101857,Mumbai,MH,2024-10-16,Y
KC101858,Chennai,TN,2025-07-30,N
KC101859,Hubballi,KA,2024-08-21,N
KC101860,Jaipur,RJ,2025-05-30,N
KC101861,Chennai,TN,2026-03-03,N
KC101862,Nashik,MH,2023-02-03,N
KC101863,Indore,MP,2026-05-26,Y
KC101864,Pune,MH,2025-11-14,N
KC101865,Mumbai,MH,2025-12-17,N
KC101866,Lucknow,UP,2026-05-14,N
KC101867,Lucknow,UP,2025-07-02,N
KC101868,Jaipur,RJ,2025-11-27,N
KC101869,Bhopal,MP,2024-11-27,N
KC101870,Coimbatore,TN,2024-01-11,N
KC101871,Indore,MP,2023-10-15,Y
KC101872,Nagpur,MH,2025-10-08,N
KC101873,Delhi,DL,2023-12-28,Y
KC101874,Pune,MH,2024-12-04,Y
KC101875,Hubballi,KA,2025-03-14,N
KC101876,Kota,RJ,2025-03-23,N
KC101877,Delhi,DL,2023-11-11,N
KC101878,Aurangabad,MH,2023-06-02,N
KC101879,Nagpur,MH,2023-04-19,N
KC101880,Aurangabad,MH,2024-04-26,N
KC101881,Jaipur,RJ,2023-06-08,N
KC101882,Lucknow,UP,2025-06-03,N
KC101883,Lucknow,UP,2023-02-12,N
KC101884,Chennai,TN,2026-01-19,N
KC101885,Hubballi,KA,2023-04-12,N
KC101886,Delhi,DL,2023-10-02,N
KC101887,Kota,RJ,2026-01-06,N
KC101888,Bengaluru,KA,2025-04-15,N
KC101889,Pune,MH,2024-09-24,N
KC101890,Indore,MP,2024-02-05,N
KC101891,Bengaluru,KA,2023-03-27,N
KC101892,Jaipur,RJ,2023-04-03,N
KC101893,Pune,MH,2025-08-30,N
KC101894,Bhopal,MP,2026-02-15,N
KC101895,Mysuru,KA,2025-12-31,N
KC101896,Hyderabad,TS,2023-05-22,Y
KC101897,Indore,MP,2023-07-13,N
KC101898,Lucknow,UP,2026-01-22,Y
KC101899,Hubballi,KA,2025-09-20,N
KC101900,Mumbai,MH,2024-03-19,N
KC101901,Nashik,MH,2024-11-13,N
KC101902,Chennai,TN,2022-10-17,Y
KC101903,Lucknow,UP,2023-06-05,N
KC101904,Nashik,MH,2025-11-17,N
KC101905,Delhi,DL,2023-06-21,N
KC101906,Bhopal,MP,2026-04-12,N
KC101907,Hubballi,KA,2026-07-23,N
KC101908,Mysuru,KA,2023-06-06,N
KC101909,Warangal,TS,2024-09-14,Y
KC101910,Pune,MH,2025-12-09,N
KC101911,Indore,MP,2024-02-27,N
KC101912,Jaipur,RJ,2025-05-12,N
KC101913,Jaipur,RJ,2022-11-30,N
KC101914,Indore,MP,2023-10-23,N
KC101915,Bengaluru,KA,2024-07-30,N
KC101916,Bengaluru,KA,2024-05-14,N
KC101917,Jaipur,RJ,2023-12-02,N
KC101918,Indore,MP,2025-09-27,N
KC101919,Jaipur,RJ,2024-07-25,N
KC101920,Lucknow,UP,2024-12-26,N
KC101921,Hyderabad,TS,2024-07-08,N
KC101922,Pune,MH,2026-07-28,N
KC101923,Hyderabad,TS,2024-10-09,N
KC101924,Bengaluru,KA,2026-06-12,Y
KC101925,Delhi,DL,2025-03-16,N
KC101926,Chennai,TN,2023-04-03,N
KC101927,Bhopal,MP,2024-12-11,N
KC101928,Hyderabad,TS,2023-04-09,N
KC101929,Coimbatore,TN,2026-04-23,N
KC101930,Warangal,TS,2023-04-17,Y
KC101931,Nagpur,MH,2023-06-24,N
KC101932,Indore,MP,2024-07-31,N
KC101933,Chennai,TN,2024-08-11,N
KC101934,Nashik,MH,2026-05-30,N
KC101935,Hubballi,KA,2025-12-09,N
KC101936,Chennai,TN,2023-04-07,N
KC101937,Coimbatore,TN,2023-06-04,Y
KC101938,Coimbatore,TN,2025-07-23,N
KC101939,Pune,MH,2023-07-26,N
KC101940,Kota,RJ,2023-03-04,N
KC101941,Nagpur,MH,2023-04-15,Y
KC101942,Nashik,MH,2024-12-09,N
KC101943,Delhi,DL,2025-06-14,N
KC101944,Pune,MH,2022-10-31,N
KC101945,Nashik,MH,2025-09-27,N
KC101946,Nashik,MH,2023-03-29,Y
KC101947,Nashik,MH,2024-11-25,N
KC101948,Bhopal,MP,2025-04-15,N
KC101949,Pune,MH,2023-04-27,Y
KC101950,Nagpur,MH,2025-03-10,N
KC101951,Hubballi,KA,2026-05-06,N
KC101952,Warangal,TS,2026-02-12,Y
KC101953,Mysuru,KA,2026-07-05,N
KC101954,Hyderabad,TS,2026-05-31,N
KC101955,Mysuru,KA,2026-02-01,N
KC101956,Hubballi,KA,2023-10-29,Y
KC101957,Bhopal,MP,2023-07-15,N
KC101958,Aurangabad,MH,2025-03-04,N
KC101959,Delhi,DL,2025-09-28,N
KC101960,Kota,RJ,2023-07-03,N
KC101961,Chennai,TN,2026-08-02,Y
KC101962,Bengaluru,KA,2023-06-14,N
KC101963,Nagpur,MH,2023-10-26,N
KC101964,Indore,MP,2022-12-28,N
KC101965,Nagpur,MH,2026-05-03,N
KC101966,Bengaluru,KA,2025-06-13,N
KC101967,Indore,MP,2025-12-14,N
KC101968,Coimbatore,TN,2024-11-08,Y
KC101969,Bhopal,MP,2026-01-12,N
KC101970,Nashik,MH,2024-09-21,N
KC101971,Indore,MP,2026-04-11,N
KC101972,Mysuru,KA,2025-12-18,Y
KC101973,Nagpur,MH,2024-11-13,Y
KC101974,Nashik,MH,2025-12-21,N
KC101975,Kota,RJ,2026-05-14,Y
KC101976,Aurangabad,MH,2026-07-28,Y
KC101977,Mysuru,KA,2024-08-30,N
KC101978,Mysuru,KA,2026-04-27,N
KC101979,Lucknow,UP,2025-03-22,N
KC101980,Hubballi,KA,2025-08-24,N
KC101981,Mysuru,KA,2024-03-01,N
KC101982,Chennai,TN,2023-08-24,N
KC101983,Coimbatore,TN,2023-05-29,N
KC101984,Mysuru,KA,2024-01-13,N
KC101985,Nagpur,MH,2026-08-04,N
KC101986,Lucknow,UP,2026-03-04,N
KC101987,Hyderabad,TS,2023-12-21,N
KC101988,Indore,MP,2024-08-30,Y
KC101989,Delhi,DL,2022-11-03,Y
KC101990,Coimbatore,TN,2024-08-14,N
KC101991,Nashik,MH,2023-01-22,N
KC101992,Jaipur,RJ,2024-06-20,Y
KC101993,Kota,RJ,2023-10-22,Y
KC101994,Lucknow,UP,2026-07-31,N
KC101995,Coimbatore,TN,2023-10-27,Y
KC101996,Warangal,TS,2025-06-13,Y
KC101997,Chennai,TN,2026-07-21,Y
KC101998,Jaipur,RJ,2026-03-17,N
KC101999,Delhi,DL,2025-01-01,N
KC102000,Lucknow,UP,2025-06-10,N
KC102001,Mumbai,MH,2025-03-11,Y
KC102002,Kota,RJ,2023-01-13,N
KC102003,Coimbatore,TN,2026-04-27,N
KC102004,Coimbatore,TN,2023-08-14,N
KC102005,Coimbatore,TN,2023-06-07,N
KC102006,Coimbatore,TN,2025-11-01,N
KC102007,Hubballi,KA,2022-11-13,N
KC102008,Pune,MH,2026-08-07,N
KC102009,Nagpur,MH,2025-02-13,N
KC102010,Coimbatore,TN,2023-03-25,N
KC102011,Pune,MH,2023-10-24,Y
KC102012,Hubballi,KA,2023-02-28,N
KC102013,Jaipur,RJ,2025-04-28,N
KC102014,Bengaluru,KA,2026-03-21,Y
KC102015,Lucknow,UP,2024-03-14,N
KC102016,Lucknow,UP,2025-04-01,N
KC102017,Chennai,TN,2024-03-01,N
KC102018,Hubballi,KA,2024-07-10,N
KC102019,Aurangabad,MH,2022-11-06,N
KC102020,Hubballi,KA,2022-11-10,Y
KC102021,Nagpur,MH,2024-12-18,N
KC102022,Bhopal,MP,2026-05-08,N
KC102023,Nashik,MH,2024-06-05,N
KC102024,Nashik,MH,2026-01-29,N
KC102025,Indore,MP,2023-12-16,Y
KC102026,Mysuru,KA,2022-12-20,Y
KC102027,Aurangabad,MH,2022-12-14,N
KC102028,Delhi,DL,2023-03-03,N
KC102029,Coimbatore,TN,2025-09-26,N
KC102030,Warangal,TS,2023-05-21,Y
KC102031,Coimbatore,TN,2023-07-17,N
KC102032,Hubballi,KA,2025-12-12,N
KC102033,Mysuru,KA,2025-06-21,N
KC102034,Hubballi,KA,2023-01-16,N
KC102035,Hyderabad,TS,2024-08-11,N
KC102036,Aurangabad,MH,2024-09-19,N
KC102037,Nashik,MH,2024-09-07,Y
KC102038,Warangal,TS,2026-01-20,N
KC102039,Warangal,TS,2022-11-03,Y
KC102040,Jaipur,RJ,2024-03-31,N
KC102041,Indore,MP,2025-08-25,N
KC102042,Bengaluru,KA,2025-10-10,N
KC102043,Mumbai,MH,2026-07-03,N
KC102044,Indore,MP,2024-09-14,N
KC102045,Mysuru,KA,2025-07-02,Y
KC102046,Warangal,TS,2025-08-23,N
KC102047,Delhi,DL,2025-05-24,N
KC102048,Pune,MH,2024-12-13,N
KC102049,Lucknow,UP,2025-11-03,Y
KC102050,Nagpur,MH,2025-04-22,N
KC102051,Hyderabad,TS,2026-02-24,N
KC102052,Delhi,DL,2025-11-13,N
KC102053,Delhi,DL,2024-06-12,Y
KC102054,Nagpur,MH,2024-09-15,Y
KC102055,Chennai,TN,2026-06-08,Y
KC102056,Delhi,DL,2025-06-27,N
KC102057,Mumbai,MH,2026-02-12,N
KC102058,Nagpur,MH,2023-12-15,N
KC102059,Mumbai,MH,2026-05-31,Y
KC102060,Mysuru,KA,2023-02-13,N
KC102061,Jaipur,RJ,2026-06-04,Y
KC102062,Mumbai,MH,2026-07-20,N
KC102063,Warangal,TS,2024-12-25,N
KC102064,Chennai,TN,2026-01-04,N
KC102065,Warangal,TS,2026-05-10,N
KC102066,Jaipur,RJ,2024-04-17,Y
KC102067,Warangal,TS,2023-11-27,N
KC102068,Nashik,MH,2025-10-28,N
KC102069,Coimbatore,TN,2025-02-12,N
KC102070,Bengaluru,KA,2025-05-10,N
KC102071,Bhopal,MP,2024-07-17,N
KC102072,Hyderabad,TS,2022-12-01,N
KC102073,Indore,MP,2025-06-30,N
KC102074,Mysuru,KA,2026-05-26,Y
KC102075,Warangal,TS,2025-02-07,N
KC102076,Jaipur,RJ,2024-05-17,N
KC102077,Bhopal,MP,2025-03-30,N
KC102078,Indore,MP,2024-12-15,N
KC102079,Pune,MH,2024-04-15,N
KC102080,Lucknow,UP,2026-06-08,N
KC102081,Bhopal,MP,2023-03-29,N
KC102082,Chennai,TN,2024-10-01,N
KC102083,Jaipur,RJ,2025-02-09,Y
KC102084,Warangal,TS,2023-10-16,N
KC102085,Bhopal,MP,2026-06-06,N
KC102086,Kota,RJ,2024-02-09,Y
KC102087,Hubballi,KA,2024-04-04,N
KC102088,Kota,RJ,2024-04-07,N
KC102089,Hyderabad,TS,2025-12-03,N
KC102090,Pune,MH,2025-04-25,N
KC102091,Indore,MP,2023-09-22,N
KC102092,Hyderabad,TS,2024-02-06,N
KC102093,Bengaluru,KA,2022-12-11,N
KC102094,Lucknow,UP,2024-11-08,N
KC102095,Mumbai,MH,2023-09-14,N
KC102096,Bhopal,MP,2024-01-30,N
KC102097,Mumbai,MH,2025-05-07,N
KC102098,Bengaluru,KA,2026-08-03,N
KC102099,Lucknow,UP,2024-03-15,N
KC102100,Nagpur,MH,2025-08-17,Y
KC102101,Bengaluru,KA,2025-11-23,Y
KC102102,Pune,MH,2023-03-24,Y
KC102103,Pune,MH,2023-11-17,N
KC102104,Mumbai,MH,2023-06-05,N
KC102105,Bengaluru,KA,2025-08-08,Y
KC102106,Bengaluru,KA,2026-05-25,N
KC102107,Coimbatore,TN,2025-10-24,Y
KC102108,Pune,MH,2023-08-12,N
KC102109,Nashik,MH,2024-04-21,N
KC102110,Lucknow,UP,2023-11-29,N
KC102111,Coimbatore,TN,2024-04-06,N
KC102112,Warangal,TS,2025-02-14,Y
KC102113,Indore,MP,2025-08-08,Y
KC102114,Bhopal,MP,2024-03-22,N
KC102115,Jaipur,RJ,2026-05-07,N
KC102116,Kota,RJ,2023-01-21,Y
KC102117,Jaipur,RJ,2023-02-14,Y
KC102118,Delhi,DL,2024-08-18,Y
KC102119,Hubballi,KA,2024-10-18,Y
KC102120,Chennai,TN,2024-02-13,N
KC102121,Mysuru,KA,2024-05-27,N
KC102122,Coimbatore,TN,2023-06-19,N
KC102123,Nagpur,MH,2023-11-01,N
KC102124,Warangal,TS,2023-05-02,N
KC102125,Nagpur,MH,2026-02-04,N
KC102126,Delhi,DL,2026-05-26,Y
KC102127,Mysuru,KA,2025-04-01,N
KC102128,Bengaluru,KA,2026-08-14,N
KC102129,Pune,MH,2024-03-15,Y
KC102130,Hubballi,KA,2024-06-04,N
KC102131,Coimbatore,TN,2025-07-17,N
KC102132,Aurangabad,MH,2023-05-05,N
KC102133,Delhi,DL,2023-02-10,N
KC102134,Pune,MH,2023-05-13,N
KC102135,Jaipur,RJ,2023-12-06,Y
KC102136,Jaipur,RJ,2024-08-30,N
KC102137,Jaipur,RJ,2022-10-16,Y
KC102138,Mumbai,MH,2023-08-10,Y
KC102139,Jaipur,RJ,2024-05-21,N
KC102140,Indore,MP,2026-01-21,N
KC102141,Mumbai,MH,2025-07-17,Y
KC102142,Hubballi,KA,2023-03-16,N
KC102143,Bengaluru,KA,2023-10-06,Y
KC102144,Pune,MH,2023-06-10,N
KC102145,Pune,MH,2026-02-26,N
KC102146,Warangal,TS,2023-10-04,N
KC102147,Jaipur,RJ,2023-01-17,N
KC102148,Nashik,MH,2024-05-19,N
KC102149,Jaipur,RJ,2026-05-29,Y
KC102150,Nashik,MH,2026-08-02,N
KC102151,Aurangabad,MH,2024-10-03,Y
KC102152,Nagpur,MH,2023-07-31,N
KC102153,Kota,RJ,2023-06-18,N
KC102154,Aurangabad,MH,2025-09-20,Y
KC102155,Bhopal,MP,2024-03-25,N
KC102156,Mysuru,KA,2026-01-30,N
KC102157,Nagpur,MH,2024-07-17,N
KC102158,Aurangabad,MH,2025-05-31,N
KC102159,Kota,RJ,2026-02-27,N
KC102160,Pune,MH,2024-03-29,N
KC102161,Indore,MP,2023-03-13,Y
KC102162,Lucknow,UP,2025-10-19,N
KC102163,Nashik,MH,2024-10-22,Y
KC102164,Mumbai,MH,2024-09-18,N
KC102165,Pune,MH,2023-12-11,N
KC102166,Mumbai,MH,2024-04-14,Y
KC102167,Mumbai,MH,2024-04-05,N
KC102168,Bengaluru,KA,2025-12-06,N
KC102169,Jaipur,RJ,2025-12-22,N
KC102170,Hyderabad,TS,2025-10-23,N
KC102171,Hubballi,KA,2023-04-20,N
KC102172,Bengaluru,KA,2025-03-09,N
KC102173,Coimbatore,TN,2026-01-01,N
KC102174,Nagpur,MH,2024-09-05,N
KC102175,Lucknow,UP,2026-07-05,Y
KC102176,Nagpur,MH,2025-08-28,N
KC102177,Coimbatore,TN,2025-06-17,N
KC102178,Delhi,DL,2025-04-21,Y
KC102179,Coimbatore,TN,2023-12-24,N
KC102180,Warangal,TS,2026-06-02,N
KC102181,Mysuru,KA,2025-05-17,N
KC102182,Chennai,TN,2025-02-13,N
KC102183,Hubballi,KA,2023-09-08,N
KC102184,Delhi,DL,2023-03-02,N
KC102185,Pune,MH,2024-09-01,N
KC102186,Warangal,TS,2026-05-03,Y
KC102187,Mumbai,MH,2023-10-01,N
KC102188,Bhopal,MP,2023-12-31,N
KC102189,Jaipur,RJ,2022-10-24,N
KC102190,Chennai,TN,2024-11-17,N
KC102191,Bhopal,MP,2026-06-08,Y
KC102192,Bengaluru,KA,2024-05-05,N
KC102193,Aurangabad,MH,2026-04-21,N
KC102194,Bhopal,MP,2023-09-08,N
KC102195,Mumbai,MH,2026-03-25,N
KC102196,Hyderabad,TS,2023-09-21,N
KC102197,Lucknow,UP,2023-12-10,N
KC102198,Delhi,DL,2024-11-12,N
KC102199,Nashik,MH,2023-06-25,Y
KC102200,Nashik,MH,2026-04-11,N
KC102201,Bengaluru,KA,2022-11-14,N
KC102202,Kota,RJ,2024-10-20,Y
KC102203,Mumbai,MH,2022-12-16,N
KC102204,Hyderabad,TS,2022-10-24,Y
KC102205,Delhi,DL,2023-09-26,N
KC102206,Mumbai,MH,2024-09-16,N
KC102207,Mumbai,MH,2023-02-17,N
KC102208,Bengaluru,KA,2024-06-25,N
KC102209,Bengaluru,KA,2024-11-20,N
KC102210,Mumbai,MH,2026-07-31,N
KC102211,Delhi,DL,2022-11-27,Y
KC102212,Bengaluru,KA,2026-02-06,Y
KC102213,Kota,RJ,2023-03-21,N
KC102214,Coimbatore,TN,2024-03-18,Y
KC102215,Aurangabad,MH,2025-06-17,Y
KC102216,Mysuru,KA,2024-11-13,N
KC102217,Chennai,TN,2024-04-26,N
KC102218,Mysuru,KA,2024-07-20,Y
KC102219,Mysuru,KA,2022-12-05,N
KC102220,Delhi,DL,2025-08-06,N
KC102221,Pune,MH,2023-07-21,Y
KC102222,Aurangabad,MH,2025-02-18,N
KC102223,Pune,MH,2023-06-10,N
KC102224,Delhi,DL,2026-01-30,N
KC102225,Coimbatore,TN,2023-05-30,N
KC102226,Bhopal,MP,2024-06-13,N
KC102227,Kota,RJ,2023-11-03,N
KC102228,Hubballi,KA,2025-03-09,N
KC102229,Bengaluru,KA,2024-12-13,N
KC102230,Nashik,MH,2023-04-29,N
KC102231,Aurangabad,MH,2024-05-16,N
KC102232,Coimbatore,TN,2025-04-11,N
KC102233,Delhi,DL,2025-08-13,N
KC102234,Nashik,MH,2026-02-06,N
KC102235,Jaipur,RJ,2024-05-09,Y
KC102236,Coimbatore,TN,2024-03-26,N
KC102237,Nashik,MH,2024-03-26,N
KC102238,Jaipur,RJ,2024-10-04,N
KC102239,Delhi,DL,2025-06-14,N
KC102240,Lucknow,UP,2023-08-10,N
KC102241,Nashik,MH,2026-07-30,N
KC102242,Lucknow,UP,2024-02-26,N
KC102243,Bhopal,MP,2026-03-15,N
KC102244,Nagpur,MH,2022-10-29,N
KC102245,Nashik,MH,2023-01-13,Y
KC102246,Nashik,MH,2025-04-06,N
KC102247,Aurangabad,MH,2023-04-12,N
KC102248,Hubballi,KA,2026-05-04,Y
KC102249,Nagpur,MH,2026-08-03,Y
KC102250,Kota,RJ,2024-03-13,N
KC102251,Bhopal,MP,2025-08-17,Y
KC102252,Indore,MP,2025-03-07,N
KC102253,Jaipur,RJ,2025-12-15,N
KC102254,Chennai,TN,2023-07-19,N
KC102255,Indore,MP,2026-03-06,Y
KC102256,Hyderabad,TS,2026-04-12,N
KC102257,Delhi,DL,2023-05-08,N
KC102258,Bengaluru,KA,2026-07-23,N
KC102259,Lucknow,UP,2023-08-08,N
KC102260,Lucknow,UP,2025-01-01,N
KC102261,Kota,RJ,2024-01-20,Y
KC102262,Nagpur,MH,2025-03-10,Y
KC102263,Lucknow,UP,2022-10-22,N
KC102264,Kota,RJ,2024-03-23,N
KC102265,Lucknow,UP,2023-07-31,N
KC102266,Mumbai,MH,2023-05-02,N
KC102267,Indore,MP,2024-01-03,N
KC102268,Mumbai,MH,2023-04-20,N
KC102269,Nashik,MH,2022-11-20,N
KC102270,Nagpur,MH,2024-04-13,Y
KC102271,Hyderabad,TS,2023-02-09,N
KC102272,Hyderabad,TS,2026-06-29,Y
KC102273,Hubballi,KA,2023-08-08,N
KC102274,Bengaluru,KA,2026-03-25,N
KC102275,Hubballi,KA,2024-08-20,Y
KC102276,Chennai,TN,2026-01-23,N
KC102277,Hubballi,KA,2025-11-09,N
KC102278,Bhopal,MP,2024-03-07,N
KC102279,Hubballi,KA,2025-03-12,N
KC102280,Hubballi,KA,2024-08-02,N
KC102281,Pune,MH,2024-04-01,N
KC102282,Mumbai,MH,2023-03-28,N
KC102283,Chennai,TN,2025-05-21,N
KC102284,Chennai,TN,2025-05-16,N
KC102285,Chennai,TN,2025-08-04,N
KC102286,Indore,MP,2026-06-06,N
KC102287,Bengaluru,KA,2022-12-08,N
KC102288,Lucknow,UP,2023-08-14,N
KC102289,Nagpur,MH,2024-07-30,N
KC102290,Indore,MP,2022-10-29,Y
KC102291,Nashik,MH,2023-11-24,N
KC102292,Kota,RJ,2024-03-14,Y
KC102293,Coimbatore,TN,2023-05-29,N
KC102294,Nashik,MH,2023-02-02,N
KC102295,Mysuru,KA,2023-09-23,N
KC102296,Bhopal,MP,2025-11-17,N
KC102297,Mumbai,MH,2023-10-13,N
KC102298,Bengaluru,KA,2026-03-15,N
KC102299,Hubballi,KA,2026-01-23,N
KC102300,Indore,MP,2026-01-10,N
KC102301,Mysuru,KA,2022-12-09,N
KC102302,Hubballi,KA,2024-10-11,N
KC102303,Nashik,MH,2024-04-10,N
KC102304,Coimbatore,TN,2024-06-23,N
KC102305,Warangal,TS,2023-06-25,N
KC102306,Jaipur,RJ,2025-11-01,N
KC102307,Coimbatore,TN,2024-06-15,Y
KC102308,Delhi,DL,2026-05-19,N
KC102309,Nagpur,MH,2023-09-15,Y
KC102310,Warangal,TS,2024-11-07,N
KC102311,Nashik,MH,2026-07-24,N
KC102312,Mumbai,MH,2025-02-24,N
KC102313,Bengaluru,KA,2024-04-20,N
KC102314,Hyderabad,TS,2026-04-25,N
KC102315,Delhi,DL,2026-07-18,N
KC102316,Indore,MP,2024-03-03,N
KC102317,Lucknow,UP,2024-06-02,N
KC102318,Bhopal,MP,2026-05-03,N
KC102319,Mumbai,MH,2024-07-05,N
KC102320,Nagpur,MH,2023-10-18,N
KC102321,Kota,RJ,2024-10-20,N
KC102322,Bengaluru,KA,2024-10-10,N
KC102323,Coimbatore,TN,2025-09-08,N
KC102324,Hyderabad,TS,2024-06-09,Y
KC102325,Mumbai,MH,2024-04-10,N
KC102326,Chennai,TN,2024-08-15,Y
KC102327,Jaipur,RJ,2026-04-20,Y
KC102328,Pune,MH,2025-06-12,Y
KC102329,Bhopal,MP,2025-10-01,N
KC102330,Bengaluru,KA,2026-08-09,Y
KC102331,Indore,MP,2025-07-11,N
KC102332,Delhi,DL,2023-05-20,Y
KC102333,Bhopal,MP,2026-05-17,Y
KC102334,Pune,MH,2023-08-08,N
KC102335,Bhopal,MP,2023-08-06,N
KC102336,Kota,RJ,2025-05-08,N
KC102337,Nashik,MH,2024-11-05,N
KC102338,Hubballi,KA,2024-03-04,N
KC102339,Warangal,TS,2023-03-01,N
KC102340,Hyderabad,TS,2025-05-08,N
KC102341,Delhi,DL,2025-03-20,N
KC102342,Warangal,TS,2025-04-08,Y
KC102343,Delhi,DL,2023-06-10,Y
KC102344,Hyderabad,TS,2024-12-18,N
KC102345,Hubballi,KA,2025-12-26,N
KC102346,Jaipur,RJ,2023-05-18,Y
KC102347,Pune,MH,2023-02-04,N
KC102348,Nashik,MH,2024-06-22,Y
KC102349,Pune,MH,2023-09-22,Y
KC102350,Nashik,MH,2022-11-01,Y
KC102351,Jaipur,RJ,2026-01-25,N
KC102352,Coimbatore,TN,2024-08-19,N
KC102353,Hyderabad,TS,2026-01-25,N
KC102354,Mumbai,MH,2026-01-03,N
KC102355,Delhi,DL,2025-05-12,N
KC102356,Coimbatore,TN,2023-04-03,N
KC102357,Aurangabad,MH,2025-10-19,N
KC102358,Delhi,DL,2023-06-07,N
KC102359,Nashik,MH,2025-06-29,Y
KC102360,Hubballi,KA,2026-08-13,N
KC102361,Nagpur,MH,2024-04-02,N
KC102362,Lucknow,UP,2025-01-01,N
KC102363,Bhopal,MP,2023-09-23,N
KC102364,Mumbai,MH,2025-03-31,Y
KC102365,Bengaluru,KA,2023-11-04,Y
KC102366,Nashik,MH,2024-05-23,N
KC102367,Mysuru,KA,2023-05-20,N
KC102368,Lucknow,UP,2024-11-03,N
KC102369,Hyderabad,TS,2024-06-29,N
KC102370,Mysuru,KA,2024-02-02,Y
KC102371,Kota,RJ,2025-03-31,N
KC102372,Coimbatore,TN,2025-08-18,N
KC102373,Nagpur,MH,2026-03-21,N
KC102374,Bhopal,MP,2024-09-25,N
KC102375,Mysuru,KA,2025-03-07,N
KC102376,Warangal,TS,2024-12-27,N
KC102377,Lucknow,UP,2026-05-19,N
KC102378,Lucknow,UP,2025-11-14,N
KC102379,Chennai,TN,2026-07-30,N
KC102380,Mysuru,KA,2023-04-22,N
KC102381,Aurangabad,MH,2023-11-21,N
KC102382,Pune,MH,2026-07-18,N
KC102383,Indore,MP,2024-06-02,N
KC102384,Lucknow,UP,2025-12-03,Y
KC102385,Hubballi,KA,2025-04-15,N
KC102386,Hubballi,KA,2023-09-17,N
KC102387,Bhopal,MP,2026-02-20,N
KC102388,Warangal,TS,2024-06-13,N
KC102389,Mumbai,MH,2025-08-20,N
KC102390,Hyderabad,TS,2026-02-08,N
KC102391,Delhi,DL,2024-04-12,N
KC102392,Warangal,TS,2025-04-14,Y
KC102393,Delhi,DL,2026-01-02,N
KC102394,Lucknow,UP,2024-12-24,N
KC102395,Indore,MP,2024-11-28,Y
KC102396,Hubballi,KA,2026-02-10,N
KC102397,Jaipur,RJ,2023-10-29,N
KC102398,Bengaluru,KA,2023-05-28,N
KC102399,Indore,MP,2026-06-29,Y
KC102400,Delhi,DL,2025-08-30,N
KC102401,Nagpur,MH,2025-10-20,N
KC102402,Nashik,MH,2024-09-13,N
KC102403,Indore,MP,2023-11-26,N
KC102404,Bengaluru,KA,2023-11-11,N
KC102405,Pune,MH,2023-07-22,Y
KC102406,Hubballi,KA,2026-01-14,N
KC102407,Hubballi,KA,2025-08-08,N
KC102408,Hyderabad,TS,2023-06-11,Y
KC102409,Hyderabad,TS,2024-07-23,N
KC102410,Bengaluru,KA,2023-07-14,N
KC102411,Mysuru,KA,2025-09-03,Y
KC102412,Mumbai,MH,2026-07-09,N
KC102413,Nashik,MH,2023-04-02,N
KC102414,Pune,MH,2023-11-24,N
KC102415,Bengaluru,KA,2025-01-30,N
KC102416,Hubballi,KA,2023-05-30,N
KC102417,Chennai,TN,2023-10-09,N
KC102418,Indore,MP,2024-03-15,N
KC102419,Jaipur,RJ,2024-10-15,N
KC102420,Mysuru,KA,2024-01-20,N
KC102421,Coimbatore,TN,2024-09-16,Y
KC102422,Jaipur,RJ,2025-09-14,Y
KC102423,Coimbatore,TN,2026-07-31,Y
KC102424,Mysuru,KA,2023-09-29,N
KC102425,Delhi,DL,2025-11-03,N
KC102426,Hubballi,KA,2022-12-08,N
KC102427,Lucknow,UP,2024-04-20,N
KC102428,Kota,RJ,2026-05-14,N
KC102429,Lucknow,UP,2023-12-13,N
KC102430,Mumbai,MH,2023-05-04,N
KC102431,Hyderabad,TS,2023-10-21,N
KC102432,Nashik,MH,2023-06-29,N
KC102433,Nashik,MH,2024-06-27,N
KC102434,Jaipur,RJ,2024-10-12,N
KC102435,Hubballi,KA,2022-12-18,N
KC102436,Pune,MH,2025-07-09,Y
KC102437,Nashik,MH,2023-11-15,N
KC102438,Bengaluru,KA,2025-07-22,N
KC102439,Nashik,MH,2025-03-25,N
KC102440,Hubballi,KA,2025-02-12,N
KC102441,Lucknow,UP,2024-06-16,N
KC102442,Mumbai,MH,2022-11-18,N
KC102443,Coimbatore,TN,2022-10-26,N
KC102444,Jaipur,RJ,2023-11-27,N
KC102445,Bhopal,MP,2026-07-28,N
KC102446,Nashik,MH,2024-12-05,N
KC102447,Coimbatore,TN,2023-05-15,N
KC102448,Lucknow,UP,2023-01-13,N
KC102449,Jaipur,RJ,2023-02-06,N
KC102450,Hubballi,KA,2022-10-19,N
KC102451,Nashik,MH,2023-04-29,N
KC102452,Nagpur,MH,2024-02-12,N
KC102453,Mysuru,KA,2023-03-12,Y
KC102454,Bengaluru,KA,2024-10-03,Y
KC102455,Indore,MP,2023-04-12,N
KC102456,Coimbatore,TN,2025-04-27,N
KC102457,Mumbai,MH,2026-05-30,N
KC102458,Bengaluru,KA,2026-01-12,N
KC102459,Kota,RJ,2025-10-21,Y
KC102460,Hyderabad,TS,2024-07-06,N
KC102461,Lucknow,UP,2026-04-29,N
KC102462,Mumbai,MH,2024-05-27,Y
KC102463,Chennai,TN,2024-08-15,N
KC102464,Kota,RJ,2026-04-22,Y
KC102465,Chennai,TN,2025-01-29,N
KC102466,Hyderabad,TS,2024-11-14,N
KC102467,Mumbai,MH,2026-05-01,N
KC102468,Hyderabad,TS,2023-07-08,N
KC102469,Bengaluru,KA,2024-10-30,N
KC102470,Jaipur,RJ,2024-02-11,N
KC102471,Nagpur,MH,2023-06-12,N
KC102472,Bhopal,MP,2024-04-13,Y
KC102473,Coimbatore,TN,2025-12-12,N
KC102474,Hubballi,KA,2023-01-22,N
KC102475,Indore,MP,2025-01-08,N
KC102476,Delhi,DL,2026-08-04,N
KC102477,Mysuru,KA,2024-02-20,Y
KC102478,Nashik,MH,2025-07-06,Y
KC102479,Kota,RJ,2024-10-29,N
KC102480,Nashik,MH,2023-10-24,N
KC102481,Mysuru,KA,2024-02-18,N
KC102482,Coimbatore,TN,2025-10-12,Y
KC102483,Kota,RJ,2022-12-22,N
KC102484,Delhi,DL,2026-03-11,Y
KC102485,Kota,RJ,2024-11-10,N
KC102486,Coimbatore,TN,2023-02-15,N
KC102487,Jaipur,RJ,2024-03-05,N
KC102488,Aurangabad,MH,2023-03-04,N
KC102489,Mumbai,MH,2025-09-25,Y
KC102490,Bengaluru,KA,2023-01-20,Y
KC102491,Chennai,TN,2026-05-25,N
KC102492,Jaipur,RJ,2023-03-09,Y
KC102493,Hyderabad,TS,2025-01-26,N
KC102494,Chennai,TN,2023-07-25,N
KC102495,Mumbai,MH,2024-07-03,Y
KC102496,Indore,MP,2025-07-14,Y
KC102497,Jaipur,RJ,2025-02-14,Y
KC102498,Chennai,TN,2023-03-02,Y
KC102499,Delhi,DL,2024-02-11,N
KC102500,Pune,MH,2025-02-22,N
KC102501,Bhopal,MP,2024-12-21,N
KC102502,Mysuru,KA,2024-10-05,N
KC102503,Nashik,MH,2022-11-30,N
KC102504,Mumbai,MH,2024-01-10,N
KC102505,Lucknow,UP,2023-02-02,N
KC102506,Bhopal,MP,2024-11-06,Y
KC102507,Indore,MP,2026-04-06,Y
KC102508,Nashik,MH,2023-12-22,N
KC102509,Jaipur,RJ,2025-04-02,N
KC102510,Jaipur,RJ,2022-12-09,N
KC102511,Mysuru,KA,2023-06-06,N
KC102512,Warangal,TS,2023-09-27,N
KC102513,Nagpur,MH,2025-11-22,Y
KC102514,Mumbai,MH,2024-05-05,Y
KC102515,Mumbai,MH,2025-10-07,Y
KC102516,Hubballi,KA,2026-07-03,N
KC102517,Coimbatore,TN,2024-04-01,N
KC102518,Hubballi,KA,2025-08-11,N
KC102519,Delhi,DL,2023-08-11,N
KC102520,Mumbai,MH,2024-10-26,Y
KC102521,Hyderabad,TS,2024-04-04,Y
KC102522,Mysuru,KA,2026-08-11,N
KC102523,Indore,MP,2023-02-08,N
KC102524,Jaipur,RJ,2023-02-06,Y
KC102525,Warangal,TS,2024-05-03,N
KC102526,Mysuru,KA,2023-02-16,Y
KC102527,Mumbai,MH,2025-02-05,N
KC102528,Lucknow,UP,2026-04-20,N
KC102529,Kota,RJ,2023-09-12,N
KC102530,Mumbai,MH,2026-03-04,N
KC102531,Nashik,MH,2026-03-29,N
KC102532,Chennai,TN,2025-01-29,N
KC102533,Jaipur,RJ,2024-01-10,N
KC102534,Lucknow,UP,2023-02-24,Y
KC102535,Mumbai,MH,2024-01-03,N
KC102536,Bengaluru,KA,2024-03-29,N
KC102537,Mumbai,MH,2026-04-19,Y
KC102538,Hubballi,KA,2023-12-04,N
KC102539,Chennai,TN,2025-05-14,N
KC102540,Bhopal,MP,2024-07-02,N
KC102541,Nagpur,MH,2024-09-09,N
KC102542,Bengaluru,KA,2024-07-15,N
KC102543,Kota,RJ,2025-04-20,N
KC102544,Nashik,MH,2022-10-21,N
KC102545,Nagpur,MH,2023-04-18,N
KC102546,Coimbatore,TN,2025-07-23,N
KC102547,Bhopal,MP,2025-12-10,N
KC102548,Bhopal,MP,2025-09-22,N
KC102549,Bengaluru,KA,2023-09-24,N
KC102550,Mumbai,MH,2022-11-16,Y
KC102551,Aurangabad,MH,2023-08-13,N
KC102552,Hubballi,KA,2024-01-06,N
KC102553,Indore,MP,2023-05-25,N
KC102554,Bengaluru,KA,2025-01-21,N
KC102555,Kota,RJ,2026-01-24,N
KC102556,Jaipur,RJ,2023-09-30,Y
KC102557,Kota,RJ,2023-09-07,N
KC102558,Lucknow,UP,2025-12-23,N
KC102559,Kota,RJ,2026-05-05,N
KC102560,Aurangabad,MH,2023-07-09,Y
KC102561,Chennai,TN,2024-10-13,N
KC102562,Kota,RJ,2025-11-26,N
KC102563,Coimbatore,TN,2026-07-15,N
KC102564,Bhopal,MP,2023-02-23,N
KC102565,Pune,MH,2023-05-13,N
KC102566,Hyderabad,TS,2023-10-05,N
KC102567,Kota,RJ,2024-05-12,N
KC102568,Bhopal,MP,2026-05-25,N
KC102569,Pune,MH,2025-06-14,N
KC102570,Kota,RJ,2023-03-14,N
KC102571,Coimbatore,TN,2023-08-30,N
KC102572,Jaipur,RJ,2024-04-06,Y
KC102573,Mumbai,MH,2024-09-23,Y
KC102574,Lucknow,UP,2023-03-10,N
KC102575,Jaipur,RJ,2024-10-26,N
KC102576,Mumbai,MH,2023-12-21,N
KC102577,Bhopal,MP,2024-02-15,N
KC102578,Mysuru,KA,2026-04-05,N
KC102579,Jaipur,RJ,2024-07-13,N
KC102580,Pune,MH,2024-12-24,N
KC102581,Pune,MH,2026-03-28,N
KC102582,Nashik,MH,2024-12-08,N
KC102583,Nagpur,MH,2023-01-21,N
KC102584,Mumbai,MH,2025-10-28,N
KC102585,Mumbai,MH,2025-07-23,Y
KC102586,Coimbatore,TN,2022-12-31,N
KC102587,Coimbatore,TN,2025-11-01,Y
KC102588,Hyderabad,TS,2025-08-26,N
KC102589,Hyderabad,TS,2023-12-26,Y
KC102590,Bhopal,MP,2023-05-26,N
KC102591,Hyderabad,TS,2025-06-10,N
KC102592,Jaipur,RJ,2026-03-11,N
KC102593,Lucknow,UP,2026-01-21,N
KC102594,Chennai,TN,2025-11-12,Y
KC102595,Pune,MH,2025-02-19,N
KC102596,Chennai,TN,2024-09-01,N
KC102597,Mumbai,MH,2026-02-19,N
KC102598,Nashik,MH,2024-09-15,N
KC102599,Warangal,TS,2024-12-08,Y
KC102600,Nagpur,MH,2024-07-24,N
KC102601,Delhi,DL,2024-08-31,N
KC102602,Nagpur,MH,2024-07-05,N
KC102603,Hyderabad,TS,2025-12-29,N
KC102604,Mumbai,MH,2024-09-28,N
KC102605,Coimbatore,TN,2023-04-12,N
KC102606,Hubballi,KA,2023-12-24,N
KC102607,Aurangabad,MH,2023-10-30,N
KC102608,Lucknow,UP,2026-06-04,N
KC102609,Mumbai,MH,2023-03-18,N
KC102610,Bengaluru,KA,2026-05-07,N
KC102611,Warangal,TS,2026-03-08,N
KC102612,Kota,RJ,2024-04-08,N
KC102613,Jaipur,RJ,2024-12-04,N
KC102614,Jaipur,RJ,2023-01-19,N
KC102615,Bengaluru,KA,2024-12-05,Y
KC102616,Coimbatore,TN,2025-09-21,N
KC102617,Coimbatore,TN,2024-10-13,N
KC102618,Coimbatore,TN,2023-08-31,Y
KC102619,Bhopal,MP,2026-05-14,Y
KC102620,Hubballi,KA,2025-11-28,N
KC102621,Hubballi,KA,2026-05-09,N
KC102622,Delhi,DL,2025-11-12,N
KC102623,Warangal,TS,2026-03-24,N
KC102624,Nashik,MH,2025-01-02,Y
KC102625,Hyderabad,TS,2023-09-18,N
KC102626,Delhi,DL,2025-07-26,N
KC102627,Delhi,DL,2024-01-13,Y
KC102628,Hubballi,KA,2024-07-28,N
KC102629,Nashik,MH,2026-04-19,N
KC102630,Hubballi,KA,2023-01-27,Y
KC102631,Nashik,MH,2025-02-20,Y
KC102632,Bhopal,MP,2024-08-09,Y
KC102633,Coimbatore,TN,2026-06-18,N
KC102634,Pune,MH,2025-06-03,N
KC102635,Delhi,DL,2022-11-25,N
KC102636,Mumbai,MH,2024-09-29,N
KC102637,Indore,MP,2023-02-12,N
KC102638,Jaipur,RJ,2022-10-17,N
KC102639,Mysuru,KA,2023-08-31,N
KC102640,Bengaluru,KA,2025-07-13,N
KC102641,Nagpur,MH,2026-03-08,N
KC102642,Mysuru,KA,2024-07-26,N
KC102643,Bhopal,MP,2024-01-11,N
KC102644,Coimbatore,TN,2024-03-19,N
KC102645,Bengaluru,KA,2024-01-21,N
KC102646,Chennai,TN,2026-08-04,N
KC102647,Nashik,MH,2025-05-10,N
KC102648,Hyderabad,TS,2024-12-24,N
KC102649,Warangal,TS,2023-05-16,N
KC102650,Hubballi,KA,2023-03-09,Y
KC102651,Bengaluru,KA,2026-05-06,N
KC102652,Kota,RJ,2022-10-30,N
KC102653,Mysuru,KA,2025-08-03,N
KC102654,Bengaluru,KA,2024-09-22,N
KC102655,Chennai,TN,2025-06-14,N
KC102656,Bengaluru,KA,2026-02-03,N
KC102657,Indore,MP,2025-07-15,N
KC102658,Mumbai,MH,2024-11-26,N
KC102659,Nashik,MH,2025-07-02,N
KC102660,Delhi,DL,2023-07-07,Y
KC102661,Hubballi,KA,2024-02-05,N
KC102662,Warangal,TS,2026-02-07,N
KC102663,Bhopal,MP,2025-11-15,Y
KC102664,Hubballi,KA,2025-02-11,N
KC102665,Hubballi,KA,2024-05-19,N
KC102666,Delhi,DL,2024-12-15,Y
KC102667,Pune,MH,2024-04-25,Y
KC102668,Indore,MP,2023-08-14,N
KC102669,Coimbatore,TN,2023-05-12,Y
KC102670,Chennai,TN,2022-11-04,N
KC102671,Delhi,DL,2023-05-08,N
KC102672,Nagpur,MH,2024-10-09,N
KC102673,Mysuru,KA,2024-03-25,N
KC102674,Mysuru,KA,2023-11-13,N
KC102675,Pune,MH,2024-09-01,N
KC102676,Mumbai,MH,2025-10-11,Y
KC102677,Aurangabad,MH,2024-08-04,N
KC102678,Nashik,MH,2024-02-08,N
KC102679,Mysuru,KA,2023-12-04,N
KC102680,Hubballi,KA,2024-07-05,N
KC102681,Bhopal,MP,2023-04-12,Y
KC102682,Aurangabad,MH,2023-07-23,N
KC102683,Hubballi,KA,2023-12-06,N
KC102684,Chennai,TN,2026-03-21,N
KC102685,Warangal,TS,2026-02-26,N
KC102686,Kota,RJ,2025-09-18,Y
KC102687,Hyderabad,TS,2025-04-14,N
KC102688,Mysuru,KA,2023-10-09,Y
KC102689,Lucknow,UP,2024-01-28,N
KC102690,Nashik,MH,2022-11-15,N
KC102691,Nashik,MH,2024-03-07,N
KC102692,Nagpur,MH,2023-02-26,N
KC102693,Chennai,TN,2025-05-25,Y
KC102694,Mumbai,MH,2025-12-27,N
KC102695,Hyderabad,TS,2023-11-08,N
KC102696,Hyderabad,TS,2024-04-08,N
KC102697,Coimbatore,TN,2023-07-17,N
KC102698,Nashik,MH,2022-11-05,N
KC102699,Hubballi,KA,2024-09-08,N
KC102700,Hubballi,KA,2025-11-02,N
KC102701,Bengaluru,KA,2024-03-03,N
KC102702,Warangal,TS,2026-02-03,Y
KC102703,Jaipur,RJ,2025-12-03,N
KC102704,Hubballi,KA,2025-02-02,Y
KC102705,Hyderabad,TS,2025-07-14,N
KC102706,Bengaluru,KA,2023-02-02,N
KC102707,Delhi,DL,2025-05-01,N
KC102708,Nashik,MH,2023-07-27,N
KC102709,Aurangabad,MH,2026-02-06,N
KC102710,Warangal,TS,2025-10-03,N
KC102711,Mumbai,MH,2025-03-09,N
KC102712,Delhi,DL,2024-08-31,N
KC102713,Hubballi,KA,2025-11-14,N
KC102714,Lucknow,UP,2023-11-22,Y
KC102715,Mumbai,MH,2025-08-19,N
KC102716,Chennai,TN,2025-12-17,N
KC102717,Mysuru,KA,2025-09-06,N
KC102718,Lucknow,UP,2023-12-17,Y
KC102719,Bhopal,MP,2023-07-14,N
KC102720,Bhopal,MP,2023-04-15,Y
KC102721,Pune,MH,2025-12-05,N
KC102722,Jaipur,RJ,2024-04-13,N
KC102723,Mumbai,MH,2024-07-12,N
KC102724,Nagpur,MH,2024-06-27,N
KC102725,Aurangabad,MH,2023-05-17,Y
KC102726,Hyderabad,TS,2026-05-04,N
KC102727,Jaipur,RJ,2026-04-12,N
KC102728,Jaipur,RJ,2025-10-17,N
KC102729,Jaipur,RJ,2023-10-11,Y
KC102730,Nagpur,MH,2025-06-04,N
KC102731,Chennai,TN,2023-09-21,N
KC102732,Chennai,TN,2024-05-18,N
KC102733,Coimbatore,TN,2022-12-18,Y
KC102734,Bhopal,MP,2024-05-18,N
KC102735,Indore,MP,2026-05-08,Y
KC102736,Coimbatore,TN,2026-04-10,Y
KC102737,Mumbai,MH,2024-12-30,N
KC102738,Indore,MP,2025-04-16,N
KC102739,Nashik,MH,2026-08-09,N
KC102740,Mumbai,MH,2024-11-07,N
KC102741,Hyderabad,TS,2025-12-02,N
KC102742,Bengaluru,KA,2024-11-15,N
KC102743,Aurangabad,MH,2025-12-29,N
KC102744,Nagpur,MH,2025-05-13,N
KC102745,Mysuru,KA,2024-01-16,N
KC102746,Kota,RJ,2024-06-17,N
KC102747,Warangal,TS,2026-06-17,Y
KC102748,Nashik,MH,2024-05-29,N
KC102749,Bengaluru,KA,2024-01-01,N
KC102750,Bengaluru,KA,2024-06-18,N
KC102751,Hubballi,KA,2026-07-10,N
KC102752,Lucknow,UP,2024-08-06,N
KC102753,Coimbatore,TN,2025-12-24,N
KC102754,Bhopal,MP,2024-09-05,Y
KC102755,Hubballi,KA,2025-12-12,Y
KC102756,Lucknow,UP,2025-05-22,Y
KC102757,Aurangabad,MH,2026-02-14,N
KC102758,Kota,RJ,2024-06-18,N
KC102759,Chennai,TN,2023-06-04,N
KC102760,Indore,MP,2024-12-29,N
KC102761,Kota,RJ,2024-04-01,N
KC102762,Lucknow,UP,2026-06-10,N
KC102763,Aurangabad,MH,2025-01-16,Y
KC102764,Jaipur,RJ,2023-11-21,Y
KC102765,Aurangabad,MH,2026-01-11,N
KC102766,Mumbai,MH,2023-08-14,N
KC102767,Mumbai,MH,2025-06-17,N
KC102768,Coimbatore,TN,2026-02-23,N
KC102769,Jaipur,RJ,2026-07-05,N
KC102770,Indore,MP,2025-07-18,N
KC102771,Mumbai,MH,2026-05-13,Y
KC102772,Chennai,TN,2025-06-04,N
KC102773,Delhi,DL,2025-10-02,N
KC102774,Hubballi,KA,2026-05-21,N
KC102775,Hubballi,KA,2026-03-13,N
KC102776,Pune,MH,2024-06-24,N
KC102777,Hubballi,KA,2024-04-19,N
KC102778,Lucknow,UP,2023-05-16,N
KC102779,Aurangabad,MH,2025-05-22,Y
KC102780,Bengaluru,KA,2026-03-29,Y
KC102781,Coimbatore,TN,2023-06-06,N
KC102782,Mumbai,MH,2023-04-21,Y
KC102783,Hyderabad,TS,2025-01-16,Y
KC102784,Chennai,TN,2026-01-09,N
KC102785,Lucknow,UP,2022-10-27,N
KC102786,Hyderabad,TS,2023-02-20,Y
KC102787,Nagpur,MH,2025-07-12,N
KC102788,Warangal,TS,2026-07-06,Y
KC102789,Nagpur,MH,2023-04-02,N
KC102790,Delhi,DL,2025-03-24,N
KC102791,Bhopal,MP,2026-02-21,Y
KC102792,Mumbai,MH,2024-03-10,N
KC102793,Hubballi,KA,2026-07-24,N
KC102794,Indore,MP,2023-03-30,N
KC102795,Bhopal,MP,2023-12-21,N
KC102796,Delhi,DL,2024-06-05,N
KC102797,Jaipur,RJ,2024-02-12,N
KC102798,Bengaluru,KA,2025-09-26,N
KC102799,Coimbatore,TN,2023-06-14,Y
KC102800,Kota,RJ,2023-05-17,N
KC102801,Chennai,TN,2023-05-05,Y
KC102802,Mumbai,MH,2024-10-31,N
KC102803,Delhi,DL,2023-08-04,N
KC102804,Indore,MP,2024-05-07,Y
KC102805,Bengaluru,KA,2023-06-05,N
KC102806,Pune,MH,2026-04-01,N
KC102807,Bengaluru,KA,2024-11-05,N
KC102808,Jaipur,RJ,2026-02-26,N
KC102809,Mysuru,KA,2026-07-21,N
KC102810,Jaipur,RJ,2023-08-28,N
KC102811,Kota,RJ,2023-08-29,N
KC102812,Nagpur,MH,2026-03-15,Y
KC102813,Jaipur,RJ,2026-06-29,N
KC102814,Coimbatore,TN,2025-02-10,Y
KC102815,Nagpur,MH,2024-03-23,N
KC102816,Indore,MP,2023-08-13,N
KC102817,Mumbai,MH,2025-05-17,N
KC102818,Bengaluru,KA,2025-11-24,N
KC102819,Nashik,MH,2024-01-31,N
KC102820,Bengaluru,KA,2024-10-31,N
KC102821,Nagpur,MH,2023-01-19,N
KC102822,Chennai,TN,2024-01-25,N
KC102823,Indore,MP,2024-12-25,Y
KC102824,Mysuru,KA,2026-06-17,N
KC102825,Indore,MP,2024-02-08,Y
KC102826,Pune,MH,2026-05-01,N
KC102827,Bhopal,MP,2025-10-12,Y
KC102828,Lucknow,UP,2023-11-04,Y
KC102829,Pune,MH,2023-01-28,N
KC102830,Coimbatore,TN,2023-10-01,N
KC102831,Nagpur,MH,2023-03-02,N
KC102832,Kota,RJ,2024-08-17,N
KC102833,Lucknow,UP,2025-12-17,N
KC102834,Lucknow,UP,2023-04-20,N
KC102835,Delhi,DL,2023-12-14,N
KC102836,Hubballi,KA,2026-08-13,Y
KC102837,Hyderabad,TS,2026-01-07,N
KC102838,Coimbatore,TN,2023-07-14,N
KC102839,Warangal,TS,2023-05-09,N
KC102840,Mumbai,MH,2025-09-05,N
KC102841,Hyderabad,TS,2026-03-12,N
KC102842,Indore,MP,2023-04-23,N
KC102843,Lucknow,UP,2025-07-11,N
KC102844,Kota,RJ,2026-04-27,N
KC102845,Warangal,TS,2025-02-11,N
KC102846,Nagpur,MH,2024-06-28,N
KC102847,Nashik,MH,2023-02-07,N
KC102848,Indore,MP,2026-08-13,N
KC102849,Coimbatore,TN,2025-04-02,Y
KC102850,Bhopal,MP,2023-02-05,N
KC102851,Nagpur,MH,2024-05-29,N
KC102852,Warangal,TS,2025-01-18,N
KC102853,Bengaluru,KA,2025-09-05,N
KC102854,Bhopal,MP,2024-02-05,N
KC102855,Kota,RJ,2023-06-04,N
KC102856,Bhopal,MP,2023-07-31,N
KC102857,Mysuru,KA,2026-07-04,N
KC102858,Kota,RJ,2024-02-16,N
KC102859,Lucknow,UP,2023-07-22,Y
KC102860,Indore,MP,2026-02-22,N
KC102861,Bhopal,MP,2024-07-15,N
KC102862,Nagpur,MH,2025-11-23,Y
KC102863,Warangal,TS,2022-11-11,N
KC102864,Coimbatore,TN,2024-08-22,N
KC102865,Aurangabad,MH,2024-09-13,Y
KC102866,Hubballi,KA,2024-04-28,Y
KC102867,Bhopal,MP,2026-02-11,N
KC102868,Bengaluru,KA,2023-01-22,N
KC102869,Mumbai,MH,2022-11-06,N
KC102870,Bengaluru,KA,2024-11-21,N
KC102871,Jaipur,RJ,2023-09-19,N
KC102872,Bhopal,MP,2022-11-30,N
KC102873,Bhopal,MP,2023-02-20,N
KC102874,Lucknow,UP,2026-05-21,Y
KC102875,Mysuru,KA,2024-08-09,N
KC102876,Jaipur,RJ,2025-11-06,N
KC102877,Bhopal,MP,2025-12-24,Y
KC102878,Coimbatore,TN,2026-04-27,Y
KC102879,Aurangabad,MH,2023-04-01,N
KC102880,Indore,MP,2026-05-20,N
KC102881,Mysuru,KA,2023-03-06,Y
KC102882,Hubballi,KA,2023-07-13,N
KC102883,Delhi,DL,2024-07-29,N
KC102884,Lucknow,UP,2023-05-30,Y
KC102885,Lucknow,UP,2026-04-03,N
KC102886,Bengaluru,KA,2025-03-10,Y
KC102887,Bhopal,MP,2025-03-05,N
KC102888,Kota,RJ,2024-12-15,Y
KC102889,Pune,MH,2025-02-18,N
KC102890,Bhopal,MP,2025-01-20,N
KC102891,Nashik,MH,2026-02-27,N
KC102892,Aurangabad,MH,2023-07-18,N
KC102893,Mysuru,KA,2025-03-20,N
KC102894,Chennai,TN,2026-04-11,N
KC102895,Mumbai,MH,2023-10-08,N
KC102896,Hubballi,KA,2025-05-22,N
KC102897,Mumbai,MH,2023-03-27,N
KC102898,Bhopal,MP,2024-03-27,N
KC102899,Aurangabad,MH,2023-10-31,N
KC102900,Aurangabad,MH,2026-05-27,N
KC102901,Coimbatore,TN,2023-10-14,N
KC102902,Delhi,DL,2025-07-29,N
KC102903,Chennai,TN,2023-09-22,N
KC102904,Hyderabad,TS,2026-06-05,Y
KC102905,Hyderabad,TS,2025-06-14,N
KC102906,Kota,RJ,2026-01-08,N
KC102907,Kota,RJ,2026-07-06,N
KC102908,Indore,MP,2023-01-14,N
KC102909,Mumbai,MH,2025-06-09,Y
KC102910,Lucknow,UP,2023-02-04,N
KC102911,Pune,MH,2026-03-23,N
KC102912,Nagpur,MH,2026-07-07,N
KC102913,Chennai,TN,2025-03-16,N
KC102914,Indore,MP,2025-01-30,Y
KC102915,Lucknow,UP,2025-05-12,Y
KC102916,Hyderabad,TS,2026-05-10,N
KC102917,Aurangabad,MH,2023-11-03,N
KC102918,Bengaluru,KA,2022-12-05,N
KC102919,Indore,MP,2023-05-22,N
KC102920,Bengaluru,KA,2026-06-08,N
KC102921,Mysuru,KA,2024-05-08,N
KC102922,Mysuru,KA,2024-06-26,Y
KC102923,Nagpur,MH,2023-09-28,N
KC102924,Delhi,DL,2026-07-15,N
KC102925,Kota,RJ,2025-05-21,N
KC102926,Indore,MP,2026-01-28,N
KC102927,Pune,MH,2023-10-03,N
KC102928,Nashik,MH,2024-11-19,N
KC102929,Kota,RJ,2025-12-19,N
KC102930,Indore,MP,2026-06-05,N
KC102931,Bengaluru,KA,2024-06-29,N
KC102932,Warangal,TS,2025-01-07,N
KC102933,Mysuru,KA,2023-11-18,N
KC102934,Coimbatore,TN,2025-03-06,N
KC102935,Mysuru,KA,2026-04-23,N
KC102936,Hyderabad,TS,2026-03-12,N
KC102937,Delhi,DL,2022-10-22,N
KC102938,Warangal,TS,2026-04-15,N
KC102939,Mysuru,KA,2023-04-24,N
KC102940,Coimbatore,TN,2024-03-19,N
KC102941,Warangal,TS,2023-07-25,N
KC102942,Bhopal,MP,2023-03-22,Y
KC102943,Nashik,MH,2024-09-11,N
KC102944,Chennai,TN,2025-09-15,N
KC102945,Nagpur,MH,2022-12-02,N
KC102946,Coimbatore,TN,2025-07-24,N
KC102947,Pune,MH,2026-05-28,N
KC102948,Hubballi,KA,2023-02-14,N
KC102949,Nashik,MH,2025-07-04,Y
KC102950,Nashik,MH,2022-11-02,N
KC102951,Nagpur,MH,2025-05-09,N
KC102952,Jaipur,RJ,2023-03-28,N
KC102953,Mysuru,KA,2023-01-25,N
KC102954,Hubballi,KA,2023-11-10,Y
KC102955,Pune,MH,2025-08-15,N
KC102956,Jaipur,RJ,2023-02-08,N
KC102957,Jaipur,RJ,2023-06-22,N
KC102958,Indore,MP,2023-05-08,Y
KC102959,Hyderabad,TS,2022-11-24,Y
KC102960,Indore,MP,2025-08-23,Y
KC102961,Kota,RJ,2025-11-03,N
KC102962,Mumbai,MH,2026-08-05,N
KC102963,Indore,MP,2023-08-20,N
KC102964,Lucknow,UP,2026-06-11,Y
KC102965,Lucknow,UP,2023-01-17,N
KC102966,Bengaluru,KA,2025-01-23,N
KC102967,Indore,MP,2023-08-04,N
KC102968,Pune,MH,2023-02-19,Y
KC102969,Delhi,DL,2022-11-03,N
KC102970,Delhi,DL,2024-07-09,N
KC102971,Mysuru,KA,2023-01-31,N
KC102972,Mumbai,MH,2023-04-17,Y
KC102973,Mumbai,MH,2024-05-22,N
KC102974,Lucknow,UP,2023-06-29,Y
KC102975,Indore,MP,2024-12-20,N
KC102976,Jaipur,RJ,2023-03-20,N
KC102977,Lucknow,UP,2024-01-09,N
KC102978,Chennai,TN,2022-12-04,N
KC102979,Indore,MP,2022-11-20,Y
KC102980,Hyderabad,TS,2026-04-02,N
KC102981,Hubballi,KA,2026-05-10,N
KC102982,Mumbai,MH,2024-10-09,N
KC102983,Bengaluru,KA,2023-07-22,Y
KC102984,Nashik,MH,2026-02-17,Y
KC102985,Hubballi,KA,2025-02-07,N
KC102986,Hyderabad,TS,2026-02-14,N
KC102987,Nashik,MH,2026-04-20,N
KC102988,Hyderabad,TS,2024-09-18,Y
KC102989,Mysuru,KA,2024-10-31,N
KC102990,Nashik,MH,2024-08-24,N
KC102991,Indore,MP,2023-05-30,N
KC102992,Bhopal,MP,2025-12-06,N
KC102993,Kota,RJ,2024-02-27,N
KC102994,Jaipur,RJ,2022-12-09,N
KC102995,Mysuru,KA,2024-12-26,N
KC102996,Hubballi,KA,2024-09-30,N
KC102997,Chennai,TN,2025-10-17,N
KC102998,Coimbatore,TN,2023-05-29,N
KC102999,Jaipur,RJ,2025-05-13,N
KC103000,Nagpur,MH,2025-08-11,N
KC103001,Kota,RJ,2023-08-02,Y
KC103002,Mumbai,MH,2023-12-20,N
KC103003,Hubballi,KA,2026-03-04,N
KC103004,Jaipur,RJ,2023-08-22,N
KC103005,Mysuru,KA,2023-02-11,N
KC103006,Bengaluru,KA,2025-12-02,N
KC103007,Nashik,MH,2025-11-08,Y
KC103008,Pune,MH,2023-01-03,N
KC103009,Hyderabad,TS,2022-11-10,N
KC103010,Chennai,TN,2026-03-10,N
KC103011,Coimbatore,TN,2023-05-07,N
KC103012,Hubballi,KA,2023-02-22,N
KC103013,Hubballi,KA,2023-02-09,Y
KC103014,Mysuru,KA,2026-07-16,Y
KC103015,Lucknow,UP,2025-01-27,N
KC103016,Hubballi,KA,2025-03-04,N
KC103017,Coimbatore,TN,2025-09-04,N
KC103018,Kota,RJ,2025-02-25,N
KC103019,Hyderabad,TS,2024-10-05,Y
KC103020,Delhi,DL,2026-05-04,Y
KC103021,Mysuru,KA,2024-06-10,Y
KC103022,Jaipur,RJ,2025-01-07,N
KC103023,Nagpur,MH,2026-07-01,N
KC103024,Chennai,TN,2023-01-20,N
KC103025,Indore,MP,2024-10-01,N
KC103026,Warangal,TS,2023-02-06,Y
KC103027,Indore,MP,2026-02-02,N
KC103028,Hubballi,KA,2026-06-18,N
KC103029,Mumbai,MH,2025-03-06,Y
KC103030,Nagpur,MH,2025-03-21,N
KC103031,Hubballi,KA,2024-04-06,N
KC103032,Nashik,MH,2026-05-16,N
KC103033,Kota,RJ,2025-12-13,N
KC103034,Jaipur,RJ,2023-06-16,N
KC103035,Indore,MP,2025-07-31,N
KC103036,Mysuru,KA,2023-04-24,Y
KC103037,Warangal,TS,2023-04-24,N
KC103038,Bhopal,MP,2025-02-01,Y
KC103039,Pune,MH,2024-06-14,Y
KC103040,Bhopal,MP,2026-01-01,N
KC103041,Hubballi,KA,2023-08-25,N
KC103042,Nashik,MH,2025-05-29,N
KC103043,Nashik,MH,2023-09-13,Y
KC103044,Hyderabad,TS,2023-04-08,N
KC103045,Delhi,DL,2023-05-11,N
KC103046,Kota,RJ,2025-10-20,Y
KC103047,Nagpur,MH,2024-10-16,N
KC103048,Bhopal,MP,2023-06-10,Y
KC103049,Delhi,DL,2023-10-21,N
KC103050,Hubballi,KA,2023-09-04,Y
KC103051,Nashik,MH,2024-02-25,N
KC103052,Mysuru,KA,2023-06-02,N
KC103053,Pune,MH,2025-02-27,Y
KC103054,Mysuru,KA,2024-03-04,N
KC103055,Pune,MH,2024-12-15,N
KC103056,Lucknow,UP,2023-10-13,N
KC103057,Hubballi,KA,2023-10-15,Y
KC103058,Hyderabad,TS,2025-08-05,N
KC103059,Nashik,MH,2024-10-08,N
KC103060,Chennai,TN,2023-03-17,N
KC103061,Hyderabad,TS,2025-05-05,N
KC103062,Hubballi,KA,2026-02-17,Y
KC103063,Mumbai,MH,2024-11-29,Y
KC103064,Pune,MH,2023-12-20,N
KC103065,Mumbai,MH,2026-02-23,N
KC103066,Pune,MH,2024-06-20,N
KC103067,Nagpur,MH,2025-06-04,Y
KC103068,Bhopal,MP,2024-06-04,N
KC103069,Bengaluru,KA,2023-04-28,N
KC103070,Mysuru,KA,2025-08-09,N
KC103071,Lucknow,UP,2025-08-24,N
KC103072,Indore,MP,2025-12-22,N
KC103073,Chennai,TN,2024-11-05,N
KC103074,Hyderabad,TS,2024-03-01,N
KC103075,Coimbatore,TN,2023-07-10,N
KC103076,Mysuru,KA,2024-02-28,N
KC103077,Mysuru,KA,2024-07-14,N
KC103078,Mysuru,KA,2025-02-20,N
KC103079,Jaipur,RJ,2025-05-24,Y
KC103080,Delhi,DL,2024-01-31,N
KC103081,Mumbai,MH,2024-09-26,N
KC103082,Nashik,MH,2024-04-01,N
KC103083,Mysuru,KA,2023-01-24,N
KC103084,Delhi,DL,2024-11-16,N
KC103085,Pune,MH,2026-04-24,N
KC103086,Chennai,TN,2025-07-16,N
KC103087,Nagpur,MH,2023-06-03,N
KC103088,Bengaluru,KA,2026-01-25,Y
KC103089,Kota,RJ,2024-03-17,N
KC103090,Pune,MH,2024-07-03,N
KC103091,Nashik,MH,2023-12-13,N
KC103092,Hubballi,KA,2025-12-19,N
KC103093,Delhi,DL,2026-02-26,N
KC103094,Hubballi,KA,2023-10-24,N
KC103095,Pune,MH,2024-10-22,N
KC103096,Nashik,MH,2023-09-09,N
KC103097,Mysuru,KA,2024-07-03,N
KC103098,Chennai,TN,2026-03-20,Y
KC103099,Mysuru,KA,2025-05-10,N
KC103100,Warangal,TS,2025-10-25,N
KC103101,Pune,MH,2024-09-05,N
KC103102,Mumbai,MH,2025-02-17,Y
KC103103,Indore,MP,2025-07-21,N
KC103104,Hubballi,KA,2023-02-28,Y
KC103105,Hubballi,KA,2023-02-16,N
KC103106,Nagpur,MH,2026-07-25,Y
KC103107,Warangal,TS,2025-05-27,N
KC103108,Warangal,TS,2025-08-22,N
KC103109,Chennai,TN,2023-01-07,N
KC103110,Jaipur,RJ,2026-04-16,N
KC103111,Warangal,TS,2025-10-25,Y
KC103112,Hyderabad,TS,2025-02-04,N
KC103113,Mysuru,KA,2025-02-15,N
KC103114,Nashik,MH,2022-11-09,Y
KC103115,Bengaluru,KA,2023-02-20,Y
KC103116,Indore,MP,2025-07-12,N
KC103117,Hubballi,KA,2024-11-03,Y
KC103118,Aurangabad,MH,2026-02-17,Y
KC103119,Kota,RJ,2024-12-16,N
KC103120,Delhi,DL,2022-10-27,N
KC103121,Coimbatore,TN,2023-12-09,N
KC103122,Warangal,TS,2024-06-20,Y
KC103123,Aurangabad,MH,2024-09-04,N
KC103124,Nashik,MH,2026-07-09,N
KC103125,Bengaluru,KA,2024-03-21,N
KC103126,Coimbatore,TN,2026-07-09,N
KC103127,Chennai,TN,2025-12-03,Y
KC103128,Kota,RJ,2024-08-21,N
KC103129,Hubballi,KA,2022-11-26,N
KC103130,Coimbatore,TN,2024-01-16,N
KC103131,Chennai,TN,2025-09-13,Y
KC103132,Indore,MP,2025-08-08,N
KC103133,Hubballi,KA,2026-01-31,N
KC103134,Chennai,TN,2023-10-22,N
KC103135,Hubballi,KA,2026-08-11,N
KC103136,Mysuru,KA,2023-11-17,N
KC103137,Lucknow,UP,2026-06-23,Y
KC103138,Mumbai,MH,2024-11-06,Y
KC103139,Coimbatore,TN,2025-07-25,N
KC103140,Kota,RJ,2025-05-08,N
KC103141,Mysuru,KA,2025-11-26,N
KC103142,Nagpur,MH,2025-12-12,N
KC103143,Delhi,DL,2025-04-29,Y
KC103144,Aurangabad,MH,2023-07-04,N
KC103145,Mumbai,MH,2025-08-05,N
KC103146,Indore,MP,2024-03-24,Y
KC103147,Pune,MH,2023-01-31,N
KC103148,Indore,MP,2026-03-14,Y
KC103149,Hubballi,KA,2025-06-11,N
KC103150,Indore,MP,2025-08-09,N
KC103151,Hyderabad,TS,2024-06-14,Y
KC103152,Kota,RJ,2025-06-13,N
KC103153,Pune,MH,2025-04-05,N
KC103154,Kota,RJ,2025-11-03,N
KC103155,Nashik,MH,2023-07-22,N
KC103156,Aurangabad,MH,2023-11-25,Y
KC103157,Coimbatore,TN,2023-01-22,N
KC103158,Bhopal,MP,2024-09-06,N
KC103159,Bengaluru,KA,2023-06-05,N
KC103160,Nashik,MH,2024-06-08,Y
KC103161,Mysuru,KA,2025-01-21,Y
KC103162,Pune,MH,2026-07-21,N
KC103163,Warangal,TS,2023-08-20,Y
KC103164,Jaipur,RJ,2025-05-29,Y
KC103165,Lucknow,UP,2025-05-04,N
KC103166,Hyderabad,TS,2025-07-27,Y
KC103167,Bhopal,MP,2023-10-11,N
KC103168,Coimbatore,TN,2023-08-07,N
KC103169,Hyderabad,TS,2025-04-24,Y
KC103170,Kota,RJ,2024-11-11,N
KC103171,Coimbatore,TN,2024-06-22,N
KC103172,Bhopal,MP,2024-02-16,N
KC103173,Bhopal,MP,2022-12-05,N
KC103174,Lucknow,UP,2023-09-30,N
KC103175,Lucknow,UP,2024-11-14,N
KC103176,Nashik,MH,2023-09-12,Y
KC103177,Pune,MH,2025-03-07,N
KC103178,Mysuru,KA,2025-02-07,N
KC103179,Coimbatore,TN,2025-08-22,N
KC103180,Bhopal,MP,2023-04-12,N
KC103181,Hyderabad,TS,2025-05-09,N
KC103182,Bengaluru,KA,2026-07-07,N
KC103183,Chennai,TN,2024-11-18,N
KC103184,Delhi,DL,2024-12-29,N
KC103185,Delhi,DL,2023-08-01,N
KC103186,Chennai,TN,2024-11-13,N
KC103187,Bhopal,MP,2024-10-10,N
KC103188,Lucknow,UP,2022-12-05,N
KC103189,Mumbai,MH,2025-01-14,N
KC103190,Jaipur,RJ,2025-11-30,N
KC103191,Aurangabad,MH,2023-09-13,N
KC103192,Delhi,DL,2022-12-09,N
KC103193,Delhi,DL,2026-07-06,Y
KC103194,Warangal,TS,2026-06-28,N
KC103195,Nashik,MH,2024-04-07,N
KC103196,Mysuru,KA,2024-06-17,N
KC103197,Nashik,MH,2025-12-22,N
KC103198,Bengaluru,KA,2025-04-23,N
KC103199,Mumbai,MH,2025-01-08,N
KC103200,Nashik,MH,2024-03-28,N
KC103201,Jaipur,RJ,2023-03-11,N
KC103202,Bengaluru,KA,2024-12-19,N
KC103203,Delhi,DL,2023-06-25,N
KC103204,Aurangabad,MH,2025-03-07,N
KC103205,Hubballi,KA,2024-08-03,N
KC103206,Pune,MH,2024-11-29,N
KC103207,Hubballi,KA,2026-07-22,N
KC103208,Mysuru,KA,2026-02-26,N
KC103209,Hyderabad,TS,2026-04-14,N
KC103210,Nashik,MH,2023-06-06,Y
KC103211,Bengaluru,KA,2026-08-13,Y
KC103212,Indore,MP,2024-10-26,N
KC103213,Jaipur,RJ,2026-06-11,N
KC103214,Coimbatore,TN,2023-01-20,N
KC103215,Coimbatore,TN,2025-06-05,N
KC103216,Jaipur,RJ,2026-07-09,N
KC103217,Nagpur,MH,2026-07-01,N
KC103218,Pune,MH,2025-04-08,N
KC103219,Mysuru,KA,2023-01-11,Y
KC103220,Hyderabad,TS,2025-09-08,N
KC103221,Bhopal,MP,2024-03-22,N
KC103222,Jaipur,RJ,2025-08-27,Y
KC103223,Nagpur,MH,2024-05-05,Y
KC103224,Mumbai,MH,2024-08-30,N
KC103225,Kota,RJ,2025-08-13,Y
KC103226,Nashik,MH,2022-12-17,N
KC103227,Bhopal,MP,2025-08-07,N
KC103228,Lucknow,UP,2025-10-23,N
KC103229,Mysuru,KA,2023-03-19,N
KC103230,Lucknow,UP,2024-10-28,N
KC103231,Kota,RJ,2025-03-10,N
KC103232,Hubballi,KA,2023-10-28,N
KC103233,Mysuru,KA,2025-01-19,Y
KC103234,Hubballi,KA,2024-12-11,N
KC103235,Hubballi,KA,2025-04-30,N
KC103236,Hubballi,KA,2024-04-23,N
KC103237,Nashik,MH,2024-05-03,N
KC103238,Bhopal,MP,2025-09-19,N
KC103239,Delhi,DL,2024-02-07,N
KC103240,Pune,MH,2024-10-12,N
KC103241,Mumbai,MH,2022-10-23,N
KC103242,Coimbatore,TN,2023-09-26,N
KC103243,Lucknow,UP,2023-09-16,N
KC103244,Jaipur,RJ,2023-07-16,N
KC103245,Delhi,DL,2024-04-24,N
KC103246,Hubballi,KA,2026-06-02,N
KC103247,Hubballi,KA,2024-12-25,Y
KC103248,Hyderabad,TS,2024-04-04,N
KC103249,Kota,RJ,2023-08-30,N
KC103250,Kota,RJ,2026-08-03,N
KC103251,Aurangabad,MH,2025-11-22,N
KC103252,Delhi,DL,2026-02-18,N
KC103253,Hyderabad,TS,2026-02-02,N
KC103254,Mysuru,KA,2025-01-18,N
KC103255,Aurangabad,MH,2023-06-17,N
KC103256,Bengaluru,KA,2024-04-23,N
KC103257,Mumbai,MH,2026-07-04,Y
KC103258,Delhi,DL,2023-06-09,N
KC103259,Indore,MP,2024-10-04,N
KC103260,Bhopal,MP,2023-09-15,Y
KC103261,Bengaluru,KA,2025-06-08,N
KC103262,Nashik,MH,2024-09-06,N
KC103263,Delhi,DL,2023-09-09,N
KC103264,Aurangabad,MH,2023-10-16,N
KC103265,Nashik,MH,2023-12-31,Y
KC103266,Nagpur,MH,2025-07-07,N
KC103267,Chennai,TN,2023-10-31,Y
KC103268,Mysuru,KA,2025-11-07,Y
KC103269,Coimbatore,TN,2022-10-30,N
KC103270,Pune,MH,2026-08-12,N
KC103271,Indore,MP,2022-10-17,N
KC103272,Lucknow,UP,2026-03-03,Y
KC103273,Lucknow,UP,2025-01-24,N
KC103274,Delhi,DL,2025-03-26,Y
KC103275,Bhopal,MP,2023-02-03,Y
KC103276,Bhopal,MP,2025-03-14,Y
KC103277,Chennai,TN,2022-11-17,Y
KC103278,Mysuru,KA,2024-10-07,Y
KC103279,Kota,RJ,2025-07-06,N
KC103280,Hyderabad,TS,2025-03-06,Y
KC103281,Kota,RJ,2023-03-02,N
KC103282,Jaipur,RJ,2025-04-17,N
KC103283,Nagpur,MH,2022-11-04,N
KC103284,Delhi,DL,2025-11-20,N
KC103285,Nagpur,MH,2025-03-29,Y
KC103286,Bhopal,MP,2023-04-05,Y
KC103287,Aurangabad,MH,2024-08-01,Y
KC103288,Chennai,TN,2023-04-22,N
KC103289,Hubballi,KA,2026-06-23,Y
KC103290,Mumbai,MH,2024-04-11,N
KC103291,Mysuru,KA,2023-05-02,N
KC103292,Bhopal,MP,2025-12-01,N
KC103293,Delhi,DL,2025-03-14,N
KC103294,Pune,MH,2024-10-16,Y
KC103295,Pune,MH,2026-03-18,N
KC103296,Hubballi,KA,2025-12-06,N
KC103297,Hyderabad,TS,2024-05-20,N
KC103298,Mysuru,KA,2023-08-12,N
KC103299,Kota,RJ,2025-06-15,N
KC103300,Mysuru,KA,2023-09-20,N
KC103301,Pune,MH,2025-03-14,Y
KC103302,Coimbatore,TN,2023-02-09,N
KC103303,Chennai,TN,2024-02-25,N
KC103304,Bhopal,MP,2025-11-01,N
KC103305,Hyderabad,TS,2022-12-01,N
KC103306,Pune,MH,2023-07-28,N
KC103307,Indore,MP,2024-01-05,N
KC103308,Nagpur,MH,2025-04-06,N
KC103309,Warangal,TS,2026-04-27,N
KC103310,Kota,RJ,2026-02-27,N
KC103311,Bhopal,MP,2023-05-08,N
KC103312,Hyderabad,TS,2023-03-14,N
KC103313,Delhi,DL,2023-08-09,Y
KC103314,Hubballi,KA,2024-12-10,N
KC103315,Pune,MH,2024-11-24,Y
KC103316,Indore,MP,2023-10-07,N
KC103317,Bhopal,MP,2026-06-12,N
KC103318,Aurangabad,MH,2023-07-28,Y
KC103319,Nashik,MH,2023-02-01,N
KC103320,Aurangabad,MH,2025-08-06,N
KC103321,Aurangabad,MH,2026-02-08,N
KC103322,Jaipur,RJ,2025-01-18,Y
KC103323,Nashik,MH,2025-12-12,Y
KC103324,Pune,MH,2024-09-24,Y
KC103325,Warangal,TS,2024-02-04,N
KC103326,Pune,MH,2025-04-19,N
KC103327,Lucknow,UP,2026-01-13,N
KC103328,Warangal,TS,2025-05-12,N
KC103329,Indore,MP,2023-09-26,N
KC103330,Pune,MH,2025-12-27,N
KC103331,Mysuru,KA,2025-01-25,N
KC103332,Mumbai,MH,2025-08-04,N
KC103333,Pune,MH,2026-07-07,N
KC103334,Bengaluru,KA,2023-12-15,Y
KC103335,Hubballi,KA,2024-06-02,N
KC103336,Pune,MH,2024-11-20,N
KC103337,Mysuru,KA,2025-03-16,N
KC103338,Chennai,TN,2023-12-15,N
KC103339,Hyderabad,TS,2023-01-28,N
KC103340,Nashik,MH,2023-08-22,N
KC103341,Pune,MH,2024-02-26,N
KC103342,Warangal,TS,2022-12-25,N
KC103343,Bengaluru,KA,2022-12-18,N
KC103344,Jaipur,RJ,2024-04-22,N
KC103345,Hyderabad,TS,2024-07-19,N
KC103346,Lucknow,UP,2023-12-11,Y
KC103347,Delhi,DL,2023-04-01,N
KC103348,Jaipur,RJ,2023-10-03,N
KC103349,Hyderabad,TS,2024-10-05,Y
KC103350,Indore,MP,2022-11-18,N
KC103351,Coimbatore,TN,2024-07-25,Y
KC103352,Lucknow,UP,2023-12-31,N
KC103353,Delhi,DL,2026-03-31,N
KC103354,Coimbatore,TN,2025-04-18,Y
KC103355,Mysuru,KA,2025-01-31,N
KC103356,Mumbai,MH,2026-04-02,Y
KC103357,Indore,MP,2025-09-14,N
KC103358,Pune,MH,2024-04-21,N
KC103359,Hyderabad,TS,2025-01-23,Y
KC103360,Nagpur,MH,2026-04-12,N
KC103361,Coimbatore,TN,2025-09-05,N
KC103362,Hubballi,KA,2024-08-08,N
KC103363,Bengaluru,KA,2026-08-06,N
KC103364,Warangal,TS,2024-04-16,N
KC103365,Hubballi,KA,2023-01-09,N
KC103366,Lucknow,UP,2022-11-06,N
KC103367,Coimbatore,TN,2025-06-05,N
KC103368,Mysuru,KA,2023-07-27,Y
KC103369,Warangal,TS,2025-09-12,Y
KC103370,Kota,RJ,2025-02-14,N
KC103371,Indore,MP,2024-07-08,N
KC103372,Indore,MP,2026-01-27,Y
KC103373,Kota,RJ,2024-01-07,N
KC103374,Delhi,DL,2022-10-30,N
KC103375,Delhi,DL,2025-10-27,N
KC103376,Hubballi,KA,2025-09-27,N
KC103377,Mysuru,KA,2025-11-05,Y
KC103378,Kota,RJ,2024-06-14,Y
KC103379,Delhi,DL,2025-07-27,Y
KC103380,Nagpur,MH,2024-03-27,N
KC103381,Delhi,DL,2026-05-11,N
KC103382,Delhi,DL,2024-10-26,N
KC103383,Nagpur,MH,2026-06-22,N
KC103384,Lucknow,UP,2025-04-12,N
KC103385,Coimbatore,TN,2026-05-09,N
KC103386,Jaipur,RJ,2024-09-12,N
KC103387,Kota,RJ,2023-11-28,N
KC103388,Aurangabad,MH,2026-01-14,N
KC103389,Mysuru,KA,2024-01-01,N
KC103390,Kota,RJ,2023-12-18,N
KC103391,Delhi,DL,2024-05-11,N
KC103392,Aurangabad,MH,2023-07-17,N
KC103393,Delhi,DL,2023-01-05,N
KC103394,Lucknow,UP,2025-05-19,N
KC103395,Bhopal,MP,2026-04-22,Y
KC103396,Bhopal,MP,2025-09-11,Y
KC103397,Chennai,TN,2024-02-18,N
KC103398,Kota,RJ,2024-12-01,N
KC103399,Bhopal,MP,2026-01-28,N
KC103400,Indore,MP,2023-10-14,N
KC103401,Nagpur,MH,2024-08-11,Y
KC103402,Aurangabad,MH,2024-03-07,N
KC103403,Bengaluru,KA,2023-02-13,N
KC103404,Aurangabad,MH,2026-01-06,N
KC103405,Bhopal,MP,2025-06-28,N
KC103406,Delhi,DL,2023-10-29,Y
KC103407,Delhi,DL,2024-10-03,Y
KC103408,Chennai,TN,2025-12-05,Y
KC103409,Mysuru,KA,2025-05-30,N
KC103410,Bengaluru,KA,2025-06-26,N
KC103411,Bhopal,MP,2023-12-28,N
KC103412,Hubballi,KA,2025-09-04,N
KC103413,Hubballi,KA,2026-02-23,N
KC103414,Hyderabad,TS,2023-08-22,N
KC103415,Bengaluru,KA,2026-06-06,N
KC103416,Bhopal,MP,2026-02-16,N
KC103417,Kota,RJ,2025-10-26,N
KC103418,Aurangabad,MH,2026-01-01,N
KC103419,Nashik,MH,2024-04-25,N
KC103420,Kota,RJ,2022-12-21,Y
KC103421,Indore,MP,2026-07-01,Y
KC103422,Hubballi,KA,2026-01-07,Y
KC103423,Hyderabad,TS,2024-04-01,N
KC103424,Delhi,DL,2025-05-02,N
KC103425,Mumbai,MH,2026-03-20,N
KC103426,Warangal,TS,2025-12-18,Y
KC103427,Mumbai,MH,2025-05-15,N
KC103428,Hyderabad,TS,2025-10-15,N
KC103429,Mumbai,MH,2023-08-12,N
KC103430,Jaipur,RJ,2026-03-08,N
KC103431,Pune,MH,2023-09-11,N
KC103432,Mysuru,KA,2023-05-04,N
KC103433,Bengaluru,KA,2024-04-28,Y
KC103434,Bhopal,MP,2025-11-20,N
KC103435,Jaipur,RJ,2023-12-23,N
KC103436,Mumbai,MH,2025-06-15,N
KC103437,Indore,MP,2023-06-11,Y
KC103438,Delhi,DL,2024-11-26,N
KC103439,Jaipur,RJ,2023-09-27,N
KC103440,Bengaluru,KA,2025-08-14,N
KC103441,Indore,MP,2024-06-16,N
KC103442,Indore,MP,2026-07-26,N
KC103443,Bengaluru,KA,2024-12-26,N
KC103444,Warangal,TS,2025-03-22,N
KC103445,Coimbatore,TN,2024-06-05,N
KC103446,Chennai,TN,2023-09-12,Y
KC103447,Coimbatore,TN,2024-03-22,N
KC103448,Delhi,DL,2026-05-21,Y
KC103449,Nashik,MH,2024-12-21,N
KC103450,Bhopal,MP,2024-08-31,N
KC103451,Warangal,TS,2026-04-18,N
KC103452,Bengaluru,KA,2024-09-29,Y
KC103453,Bengaluru,KA,2023-12-03,Y
KC103454,Bhopal,MP,2023-05-13,N
KC103455,Bhopal,MP,2024-12-31,N
KC103456,Nagpur,MH,2023-10-06,N
KC103457,Indore,MP,2023-09-24,N
KC103458,Bhopal,MP,2024-08-31,N
KC103459,Lucknow,UP,2026-05-13,N
KC103460,Lucknow,UP,2025-09-01,Y
KC103461,Indore,MP,2023-06-12,Y
KC103462,Hyderabad,TS,2025-08-10,N
KC103463,Nashik,MH,2026-02-19,N
KC103464,Pune,MH,2023-07-05,N
KC103465,Delhi,DL,2025-08-24,Y
KC103466,Bhopal,MP,2023-02-11,N
KC103467,Warangal,TS,2024-12-28,N
KC103468,Jaipur,RJ,2026-07-04,N
KC103469,Chennai,TN,2024-04-17,N
KC103470,Hubballi,KA,2025-09-07,N
KC103471,Jaipur,RJ,2025-07-22,N
KC103472,Nashik,MH,2025-01-13,N
KC103473,Bengaluru,KA,2025-12-31,N
KC103474,Lucknow,UP,2024-01-22,N
KC103475,Chennai,TN,2026-08-07,Y
KC103476,Chennai,TN,2024-04-24,N
KC103477,Nagpur,MH,2023-09-19,N
KC103478,Indore,MP,2025-01-08,N
KC103479,Coimbatore,TN,2025-07-01,N
KC103480,Coimbatore,TN,2026-06-11,N
KC103481,Coimbatore,TN,2026-02-16,N
KC103482,Pune,MH,2025-10-30,N
KC103483,Indore,MP,2025-02-18,Y
KC103484,Nagpur,MH,2025-07-05,N
KC103485,Jaipur,RJ,2026-06-14,Y
KC103486,Coimbatore,TN,2025-04-08,N
KC103487,Jaipur,RJ,2024-10-13,N
KC103488,Mumbai,MH,2025-07-19,Y
KC103489,Jaipur,RJ,2026-02-11,Y
KC103490,Indore,MP,2026-01-01,Y
KC103491,Jaipur,RJ,2026-01-25,N
KC103492,Indore,MP,2024-04-04,N
KC103493,Nashik,MH,2025-11-20,N
KC103494,Nashik,MH,2026-03-18,N
KC103495,Nashik,MH,2026-01-11,N
KC103496,Bhopal,MP,2026-05-30,N
KC103497,Mysuru,KA,2026-06-16,N
KC103498,Warangal,TS,2025-07-23,N
KC103499,Pune,MH,2023-07-07,Y
KC103500,Mumbai,MH,2023-03-20,N
KC103501,Indore,MP,2026-03-09,Y
KC103502,Nagpur,MH,2026-02-04,N
KC103503,Kota,RJ,2024-05-02,N
KC103504,Mumbai,MH,2025-08-25,N
KC103505,Mysuru,KA,2024-10-28,N
KC103506,Pune,MH,2023-06-19,N
KC103507,Mumbai,MH,2026-06-22,N
KC103508,Nashik,MH,2026-03-17,N
KC103509,Hyderabad,TS,2024-07-19,N
KC103510,Indore,MP,2025-04-28,N
KC103511,Jaipur,RJ,2025-10-09,N
KC103512,Nashik,MH,2023-05-06,N
KC103513,Bhopal,MP,2025-08-29,N
KC103514,Kota,RJ,2023-07-23,Y
KC103515,Kota,RJ,2024-12-16,N
KC103516,Bengaluru,KA,2022-12-12,N
KC103517,Kota,RJ,2026-04-08,N
KC103518,Chennai,TN,2024-10-22,N
KC103519,Warangal,TS,2023-07-06,N
KC103520,Coimbatore,TN,2025-07-27,Y
KC103521,Lucknow,UP,2026-03-19,N
KC103522,Jaipur,RJ,2023-03-29,N
KC103523,Nagpur,MH,2025-11-12,N
KC103524,Mumbai,MH,2025-10-16,N
KC103525,Lucknow,UP,2023-07-10,N
KC103526,Kota,RJ,2023-11-24,N
KC103527,Bengaluru,KA,2024-06-20,Y
KC103528,Bhopal,MP,2022-10-27,N
KC103529,Mysuru,KA,2025-11-04,N
KC103530,Nagpur,MH,2023-08-14,Y
KC103531,Lucknow,UP,2025-07-16,N
KC103532,Nashik,MH,2024-12-08,N
KC103533,Mysuru,KA,2025-06-14,N
KC103534,Delhi,DL,2025-09-24,N
KC103535,Bhopal,MP,2024-12-30,N
KC103536,Warangal,TS,2023-04-25,N
KC103537,Bhopal,MP,2025-07-09,N
KC103538,Nagpur,MH,2026-07-05,N
KC103539,Jaipur,RJ,2023-01-01,N
KC103540,Kota,RJ,2024-02-05,N
KC103541,Mysuru,KA,2026-01-09,N
KC103542,Kota,RJ,2022-12-14,N
KC103543,Aurangabad,MH,2025-10-22,N
KC103544,Pune,MH,2024-09-02,N
KC103545,Coimbatore,TN,2024-01-11,N
KC103546,Indore,MP,2023-05-03,N
KC103547,Hubballi,KA,2026-01-14,N
KC103548,Delhi,DL,2026-04-16,N
KC103549,Nagpur,MH,2025-06-30,N
KC103550,Warangal,TS,2025-02-21,N
KC103551,Warangal,TS,2025-05-29,N
KC103552,Warangal,TS,2025-04-05,N
KC103553,Indore,MP,2024-07-06,N
KC103554,Coimbatore,TN,2025-11-04,Y
KC103555,Mysuru,KA,2023-08-05,N
KC103556,Warangal,TS,2025-10-12,N
KC103557,Delhi,DL,2023-02-26,Y
KC103558,Bengaluru,KA,2023-02-09,Y
KC103559,Jaipur,RJ,2026-07-05,N
KC103560,Kota,RJ,2024-03-18,N
KC103561,Coimbatore,TN,2024-03-19,N
KC103562,Pune,MH,2026-02-17,N
KC103563,Nagpur,MH,2022-10-31,N
KC103564,Coimbatore,TN,2023-02-08,N
KC103565,Chennai,TN,2025-03-08,N
KC103566,Delhi,DL,2024-03-05,Y
KC103567,Bengaluru,KA,2026-04-10,N
KC103568,Lucknow,UP,2022-11-15,N
KC103569,Delhi,DL,2022-12-17,Y
KC103570,Delhi,DL,2023-05-08,N
KC103571,Delhi,DL,2022-11-16,N
KC103572,Jaipur,RJ,2024-10-20,N
KC103573,Pune,MH,2024-09-15,N
KC103574,Kota,RJ,2026-01-31,N
KC103575,Warangal,TS,2023-05-10,N
KC103576,Nashik,MH,2025-03-18,N
KC103577,Pune,MH,2025-05-09,Y
KC103578,Pune,MH,2024-05-23,Y
KC103579,Hyderabad,TS,2023-04-21,N
KC103580,Delhi,DL,2025-11-22,N
KC103581,Warangal,TS,2026-06-11,N
KC103582,Aurangabad,MH,2023-11-08,N
KC103583,Nashik,MH,2024-09-30,N
KC103584,Bhopal,MP,2025-04-03,N
KC103585,Bhopal,MP,2024-10-05,N
KC103586,Chennai,TN,2025-05-31,N
KC103587,Warangal,TS,2024-11-30,N
KC103588,Nashik,MH,2025-06-05,N
KC103589,Indore,MP,2024-10-13,N
KC103590,Mysuru,KA,2024-12-15,N
KC103591,Lucknow,UP,2026-07-01,Y
KC103592,Nagpur,MH,2024-09-21,N
KC103593,Warangal,TS,2024-07-04,Y
KC103594,Bhopal,MP,2023-08-18,N
KC103595,Warangal,TS,2025-04-30,N
KC103596,Coimbatore,TN,2025-08-24,N
KC103597,Chennai,TN,2025-08-28,N
KC103598,Hubballi,KA,2023-05-05,N
KC103599,Jaipur,RJ,2025-08-12,Y
KC103600,Indore,MP,2023-09-12,Y
KC103601,Bengaluru,KA,2023-07-10,N
KC103602,Aurangabad,MH,2024-06-24,N
KC103603,Nagpur,MH,2022-11-27,N
KC103604,Mysuru,KA,2026-08-04,N
KC103605,Hyderabad,TS,2023-05-28,Y
KC103606,Aurangabad,MH,2025-11-16,N
KC103607,Nashik,MH,2023-11-29,N
KC103608,Coimbatore,TN,2023-09-11,Y
KC103609,Hubballi,KA,2023-09-05,Y
KC103610,Bhopal,MP,2024-10-02,N
KC103611,Hubballi,KA,2026-03-23,N
KC103612,Jaipur,RJ,2025-07-13,Y
KC103613,Bhopal,MP,2022-10-26,N
KC103614,Hubballi,KA,2024-04-24,N
KC103615,Bengaluru,KA,2024-08-20,N
KC103616,Coimbatore,TN,2023-06-23,N
KC103617,Indore,MP,2023-10-18,N
KC103618,Bhopal,MP,2026-07-25,N
KC103619,Nashik,MH,2023-04-28,N
KC103620,Nagpur,MH,2024-09-30,N
KC103621,Nagpur,MH,2023-03-20,Y
KC103622,Jaipur,RJ,2023-01-31,N
KC103623,Delhi,DL,2024-09-07,Y
KC103624,Nagpur,MH,2026-07-29,N
KC103625,Aurangabad,MH,2026-04-06,N
KC103626,Delhi,DL,2026-07-26,N
KC103627,Aurangabad,MH,2025-09-06,N
KC103628,Kota,RJ,2025-07-11,N
KC103629,Delhi,DL,2025-09-07,N
KC103630,Coimbatore,TN,2023-08-23,N
KC103631,Nashik,MH,2026-01-19,Y
KC103632,Hyderabad,TS,2023-07-25,N
KC103633,Mysuru,KA,2025-05-31,N
KC103634,Indore,MP,2026-01-19,N
KC103635,Hubballi,KA,2025-01-29,N
KC103636,Jaipur,RJ,2025-12-29,N
KC103637,Delhi,DL,2026-06-09,N
KC103638,Bhopal,MP,2023-11-02,Y
KC103639,Hyderabad,TS,2025-07-16,Y
KC103640,Hubballi,KA,2023-08-17,N
KC103641,Kota,RJ,2026-08-13,N
KC103642,Hyderabad,TS,2026-04-30,N
KC103643,Lucknow,UP,2025-12-15,N
KC103644,Chennai,TN,2025-05-20,Y
KC103645,Coimbatore,TN,2026-01-25,N
KC103646,Lucknow,UP,2024-02-17,N
KC103647,Lucknow,UP,2023-09-10,N
KC103648,Coimbatore,TN,2026-01-30,N
KC103649,Pune,MH,2022-12-04,N
KC103650,Mumbai,MH,2025-10-27,N
KC103651,Lucknow,UP,2024-09-10,Y
KC103652,Hubballi,KA,2023-02-26,N
KC103653,Indore,MP,2024-01-08,N
KC103654,Kota,RJ,2023-04-21,N
KC103655,Hyderabad,TS,2026-04-20,N
KC103656,Nashik,MH,2022-12-05,N
KC103657,Mumbai,MH,2023-02-24,Y
KC103658,Pune,MH,2024-03-13,N
KC103659,Lucknow,UP,2025-02-01,N
KC103660,Coimbatore,TN,2024-08-05,N
KC103661,Kota,RJ,2026-06-04,Y
KC103662,Mumbai,MH,2024-11-28,N
KC103663,Coimbatore,TN,2023-01-09,N
KC103664,Delhi,DL,2023-06-07,N
KC103665,Hyderabad,TS,2023-04-16,N
KC103666,Delhi,DL,2024-05-17,N
KC103667,Warangal,TS,2022-11-04,Y
KC103668,Chennai,TN,2024-07-19,N
KC103669,Kota,RJ,2024-11-25,N
KC103670,Kota,RJ,2026-05-09,Y
KC103671,Hyderabad,TS,2026-04-28,N
KC103672,Warangal,TS,2026-06-28,N
KC103673,Coimbatore,TN,2023-07-04,N
KC103674,Nagpur,MH,2023-04-19,N
KC103675,Bengaluru,KA,2026-06-28,N
KC103676,Kota,RJ,2026-03-02,Y
KC103677,Bengaluru,KA,2026-05-02,N
KC103678,Aurangabad,MH,2024-05-01,N
KC103679,Coimbatore,TN,2023-02-04,N
KC103680,Bengaluru,KA,2024-09-03,N
KC103681,Mysuru,KA,2023-08-29,N
KC103682,Delhi,DL,2025-05-15,Y
KC103683,Nashik,MH,2026-04-30,N
KC103684,Indore,MP,2026-05-09,N
KC103685,Mumbai,MH,2025-03-12,N
KC103686,Bhopal,MP,2023-02-06,Y
KC103687,Indore,MP,2025-04-25,Y
KC103688,Bengaluru,KA,2024-03-15,N
KC103689,Delhi,DL,2024-06-12,Y
KC103690,Nashik,MH,2024-03-17,N
KC103691,Nagpur,MH,2025-08-02,Y
KC103692,Bhopal,MP,2023-10-22,Y
KC103693,Nashik,MH,2025-08-12,N
KC103694,Pune,MH,2023-07-06,N
KC103695,Mysuru,KA,2024-09-22,N
KC103696,Mysuru,KA,2026-02-14,N
KC103697,Bhopal,MP,2026-02-13,N
KC103698,Nashik,MH,2023-03-17,N
KC103699,Coimbatore,TN,2025-01-25,N
KC103700,Hubballi,KA,2024-01-06,N
KC103701,Nashik,MH,2025-06-20,Y
KC103702,Warangal,TS,2023-05-31,N
KC103703,Nagpur,MH,2025-05-24,N
KC103704,Aurangabad,MH,2023-12-13,N
KC103705,Mysuru,KA,2024-11-04,N
KC103706,Warangal,TS,2024-11-24,N
KC103707,Mumbai,MH,2023-04-13,N
KC103708,Mysuru,KA,2026-06-11,N
KC103709,Mumbai,MH,2025-02-17,N
KC103710,Mysuru,KA,2025-05-28,Y
KC103711,Hyderabad,TS,2025-08-13,N
KC103712,Warangal,TS,2025-03-17,Y
KC103713,Hubballi,KA,2026-02-20,N
KC103714,Bengaluru,KA,2023-12-16,Y
KC103715,Kota,RJ,2024-12-11,N
KC103716,Warangal,TS,2022-12-30,N
KC103717,Warangal,TS,2023-08-18,N
KC103718,Nagpur,MH,2025-07-24,N
KC103719,Nashik,MH,2024-12-19,N
KC103720,Kota,RJ,2024-10-18,N
KC103721,Nagpur,MH,2022-12-15,N
KC103722,Bhopal,MP,2024-11-29,N
KC103723,Nagpur,MH,2025-05-11,Y
KC103724,Hyderabad,TS,2024-06-06,Y
KC103725,Lucknow,UP,2026-07-18,N
KC103726,Indore,MP,2024-02-01,N
KC103727,Jaipur,RJ,2024-08-23,Y
KC103728,Delhi,DL,2025-12-29,N
KC103729,Hubballi,KA,2025-04-23,N
KC103730,Bengaluru,KA,2026-04-03,Y
KC103731,Hubballi,KA,2023-01-15,N
KC103732,Nagpur,MH,2024-11-16,N
KC103733,Aurangabad,MH,2023-02-24,N
KC103734,Nashik,MH,2025-10-18,N
KC103735,Delhi,DL,2023-12-07,Y
KC103736,Warangal,TS,2024-07-27,N
KC103737,Aurangabad,MH,2024-05-01,N
KC103738,Aurangabad,MH,2025-04-05,Y
KC103739,Hubballi,KA,2023-11-28,N
KC103740,Hyderabad,TS,2025-02-22,N
KC103741,Warangal,TS,2023-02-24,N
KC103742,Kota,RJ,2024-08-14,N
KC103743,Coimbatore,TN,2026-07-16,N
KC103744,Nagpur,MH,2024-07-15,N
KC103745,Hyderabad,TS,2025-05-20,N
KC103746,Mysuru,KA,2023-03-19,Y
KC103747,Aurangabad,MH,2023-06-22,N
KC103748,Chennai,TN,2025-04-28,N
KC103749,Hyderabad,TS,2024-05-16,Y
KC103750,Pune,MH,2022-12-09,N
KC103751,Hubballi,KA,2023-06-04,N
KC103752,Bengaluru,KA,2023-05-09,N
KC103753,Indore,MP,2023-05-07,Y
KC103754,Hyderabad,TS,2025-07-27,N
KC103755,Nashik,MH,2024-08-26,N
KC103756,Chennai,TN,2025-05-29,Y
KC103757,Mysuru,KA,2025-06-27,N
KC103758,Delhi,DL,2023-03-01,Y
KC103759,Nashik,MH,2026-07-15,N
KC103760,Bhopal,MP,2024-06-17,N
KC103761,Nashik,MH,2024-12-21,Y
KC103762,Jaipur,RJ,2025-03-15,N
KC103763,Bengaluru,KA,2024-10-15,N
KC103764,Mysuru,KA,2024-10-24,N
KC103765,Warangal,TS,2024-01-01,N
KC103766,Nagpur,MH,2023-12-06,N
KC103767,Mysuru,KA,2025-06-29,N
KC103768,Coimbatore,TN,2024-09-19,Y
KC103769,Kota,RJ,2024-05-14,N
KC103770,Chennai,TN,2024-10-04,N
KC103771,Nagpur,MH,2024-07-30,Y
KC103772,Delhi,DL,2023-03-15,N
KC103773,Bengaluru,KA,2025-12-27,N
KC103774,Indore,MP,2026-07-21,N
KC103775,Nashik,MH,2023-04-06,N
KC103776,Lucknow,UP,2024-09-27,N
KC103777,Indore,MP,2025-07-01,Y
KC103778,Warangal,TS,2023-02-09,N
KC103779,Bengaluru,KA,2026-08-01,N
KC103780,Hubballi,KA,2025-04-27,N
KC103781,Mysuru,KA,2026-06-15,N
KC103782,Hubballi,KA,2023-03-13,N
KC103783,Nashik,MH,2023-09-25,N
KC103784,Warangal,TS,2025-11-27,N
KC103785,Chennai,TN,2025-10-08,N
KC103786,Aurangabad,MH,2026-07-20,Y
KC103787,Hubballi,KA,2024-02-29,N
KC103788,Coimbatore,TN,2023-07-30,N
KC103789,Kota,RJ,2022-12-29,Y
KC103790,Jaipur,RJ,2024-10-17,N
KC103791,Nashik,MH,2025-01-17,N
KC103792,Kota,RJ,2024-10-13,N
KC103793,Chennai,TN,2024-09-24,N
KC103794,Nashik,MH,2023-12-29,N
KC103795,Jaipur,RJ,2024-11-25,N
KC103796,Nashik,MH,2025-04-20,Y
KC103797,Nagpur,MH,2025-07-08,N
KC103798,Mysuru,KA,2026-05-16,Y
KC103799,Mumbai,MH,2025-06-13,N
KC103800,Kota,RJ,2025-08-29,N
KC103801,Pune,MH,2022-12-21,N
KC103802,Mysuru,KA,2025-04-19,N
KC103803,Warangal,TS,2024-07-10,N
KC103804,Pune,MH,2026-02-01,N
KC103805,Hubballi,KA,2023-05-02,N
KC103806,Bhopal,MP,2023-01-01,Y
KC103807,Mysuru,KA,2025-08-25,N
KC103808,Bhopal,MP,2025-03-06,N
KC103809,Pune,MH,2024-04-03,Y
KC103810,Warangal,TS,2025-02-01,N
KC103811,Mysuru,KA,2024-12-07,N
KC103812,Hubballi,KA,2023-07-24,N
KC103813,Mumbai,MH,2025-09-02,Y
KC103814,Warangal,TS,2024-01-25,N
KC103815,Lucknow,UP,2023-01-11,Y
KC103816,Bengaluru,KA,2024-10-21,N
KC103817,Pune,MH,2025-12-22,N
KC103818,Pune,MH,2026-01-24,N
KC103819,Indore,MP,2024-02-07,N
KC103820,Chennai,TN,2025-05-12,N
KC103821,Jaipur,RJ,2023-02-02,N
KC103822,Lucknow,UP,2025-11-06,Y
KC103823,Aurangabad,MH,2026-03-31,N
KC103824,Bengaluru,KA,2024-10-17,N
KC103825,Hyderabad,TS,2023-07-15,Y
KC103826,Bengaluru,KA,2024-04-25,N
KC103827,Nashik,MH,2026-06-14,Y
KC103828,Lucknow,UP,2024-08-07,Y
KC103829,Jaipur,RJ,2024-02-20,N
KC103830,Delhi,DL,2025-01-16,N
KC103831,Warangal,TS,2025-03-04,N
KC103832,Bhopal,MP,2026-08-14,N
KC103833,Kota,RJ,2023-07-03,N
KC103834,Indore,MP,2026-03-06,Y
KC103835,Nashik,MH,2025-10-29,N
KC103836,Nashik,MH,2023-04-04,N
KC103837,Hubballi,KA,2023-07-27,N
KC103838,Mumbai,MH,2023-07-11,Y
KC103839,Kota,RJ,2022-12-07,N
KC103840,Warangal,TS,2025-11-16,N
KC103841,Aurangabad,MH,2024-11-11,N
KC103842,Nashik,MH,2022-12-15,Y
KC103843,Pune,MH,2025-01-08,Y
KC103844,Mysuru,KA,2023-09-10,N
KC103845,Bengaluru,KA,2024-08-19,N
KC103846,Indore,MP,2023-07-05,N
KC103847,Kota,RJ,2023-03-28,Y
KC103848,Nagpur,MH,2023-04-16,Y
KC103849,Bhopal,MP,2023-11-19,N
KC103850,Kota,RJ,2025-12-24,N
KC103851,Coimbatore,TN,2025-05-28,N
KC103852,Delhi,DL,2025-09-19,N
KC103853,Lucknow,UP,2024-07-30,N
KC103854,Indore,MP,2023-12-08,Y
KC103855,Mysuru,KA,2024-06-05,Y
KC103856,Nashik,MH,2024-05-14,N
KC103857,Aurangabad,MH,2023-06-26,N
KC103858,Bhopal,MP,2024-05-27,N
KC103859,Kota,RJ,2022-11-07,N
KC103860,Pune,MH,2026-02-20,N
KC103861,Mumbai,MH,2025-02-25,Y
KC103862,Bengaluru,KA,2024-08-10,Y
KC103863,Nagpur,MH,2024-02-28,N
KC103864,Hubballi,KA,2025-10-23,Y
KC103865,Indore,MP,2025-08-22,N
KC103866,Lucknow,UP,2025-02-14,N
KC103867,Hubballi,KA,2025-05-01,N
KC103868,Delhi,DL,2024-04-29,N
KC103869,Chennai,TN,2022-12-09,Y
KC103870,Aurangabad,MH,2025-02-06,Y
KC103871,Warangal,TS,2022-11-25,N
KC103872,Lucknow,UP,2023-01-24,N
KC103873,Hubballi,KA,2023-08-06,N
KC103874,Hubballi,KA,2026-02-04,N
KC103875,Mumbai,MH,2023-10-21,N
KC103876,Coimbatore,TN,2024-06-15,N
KC103877,Pune,MH,2026-08-09,N
KC103878,Hubballi,KA,2025-03-14,Y
KC103879,Nashik,MH,2024-06-05,N
KC103880,Nagpur,MH,2024-06-26,N
KC103881,Delhi,DL,2023-12-12,Y
KC103882,Nagpur,MH,2023-01-28,N
KC103883,Hyderabad,TS,2023-12-23,N
KC103884,Mumbai,MH,2024-11-30,Y
KC103885,Hubballi,KA,2025-03-28,N
KC103886,Nagpur,MH,2026-03-07,Y
KC103887,Hubballi,KA,2025-10-08,N
KC103888,Chennai,TN,2025-10-09,N
KC103889,Coimbatore,TN,2026-05-24,N
KC103890,Bengaluru,KA,2023-09-04,N
KC103891,Nagpur,MH,2024-12-20,N
KC103892,Hyderabad,TS,2026-02-28,N
KC103893,Hyderabad,TS,2023-01-24,N
KC103894,Indore,MP,2023-01-28,N
KC103895,Nashik,MH,2025-06-02,N
KC103896,Hubballi,KA,2025-02-23,N
KC103897,Hyderabad,TS,2023-12-13,Y
KC103898,Warangal,TS,2026-06-20,N
KC103899,Warangal,TS,2026-06-20,Y
KC103900,Chennai,TN,2023-02-11,N
KC103901,Hubballi,KA,2024-06-06,N
KC103902,Indore,MP,2024-07-23,N
KC103903,Mumbai,MH,2025-06-27,Y
KC103904,Kota,RJ,2024-12-16,N
KC103905,Hyderabad,TS,2025-07-21,N
KC103906,Delhi,DL,2025-09-03,Y
KC103907,Pune,MH,2025-05-05,N
KC103908,Warangal,TS,2025-02-28,N
KC103909,Hyderabad,TS,2025-07-06,N
KC103910,Nashik,MH,2025-08-16,N
KC103911,Kota,RJ,2024-03-07,N
KC103912,Warangal,TS,2024-12-07,N
KC103913,Hubballi,KA,2025-05-26,N
KC103914,Kota,RJ,2024-07-08,Y
KC103915,Indore,MP,2026-06-01,N
KC103916,Bhopal,MP,2025-01-17,N
KC103917,Indore,MP,2024-03-09,N
KC103918,Indore,MP,2024-12-25,N
KC103919,Bengaluru,KA,2026-07-21,N
KC103920,Nagpur,MH,2024-04-05,N
KC103921,Jaipur,RJ,2022-12-03,N
KC103922,Pune,MH,2025-07-15,N
KC103923,Hyderabad,TS,2022-11-12,N
KC103924,Warangal,TS,2024-03-08,N
KC103925,Nagpur,MH,2025-01-06,N
KC103926,Lucknow,UP,2024-03-10,N
KC103927,Chennai,TN,2023-02-01,Y
KC103928,Delhi,DL,2026-05-03,N
KC103929,Jaipur,RJ,2026-04-23,N
KC103930,Hyderabad,TS,2025-07-24,N
KC103931,Nagpur,MH,2024-04-09,N
KC103932,Nagpur,MH,2023-02-25,N
KC103933,Chennai,TN,2023-09-10,N
KC103934,Nashik,MH,2023-07-13,N
KC103935,Indore,MP,2023-09-16,N
KC103936,Aurangabad,MH,2023-08-15,Y
KC103937,Mysuru,KA,2025-09-25,N
KC103938,Hyderabad,TS,2024-04-18,N
KC103939,Mysuru,KA,2023-09-08,N
KC103940,Mumbai,MH,2026-07-05,N
KC103941,Kota,RJ,2024-12-07,N
KC103942,Nagpur,MH,2024-02-11,N
KC103943,Warangal,TS,2026-02-19,N
KC103944,Nashik,MH,2023-05-12,N
KC103945,Mysuru,KA,2024-05-21,N
KC103946,Hubballi,KA,2024-05-11,N
KC103947,Nagpur,MH,2025-10-20,N
KC103948,Mysuru,KA,2023-03-25,N
KC103949,Hyderabad,TS,2024-05-01,Y
KC103950,Nashik,MH,2024-03-02,N
KC103951,Warangal,TS,2023-05-02,Y
KC103952,Nashik,MH,2025-12-24,N
KC103953,Jaipur,RJ,2024-03-07,N
KC103954,Lucknow,UP,2023-02-16,N
KC103955,Nagpur,MH,2024-12-14,N
KC103956,Bhopal,MP,2025-05-14,Y
KC103957,Bhopal,MP,2025-05-06,N
KC103958,Bengaluru,KA,2026-04-25,N
KC103959,Bhopal,MP,2022-10-23,N
KC103960,Aurangabad,MH,2023-09-17,N
KC103961,Mysuru,KA,2023-02-25,N
KC103962,Hubballi,KA,2023-03-12,N
KC103963,Kota,RJ,2023-10-21,Y
KC103964,Warangal,TS,2023-02-09,Y
KC103965,Hyderabad,TS,2025-06-06,Y
KC103966,Chennai,TN,2023-05-31,N
KC103967,Jaipur,RJ,2024-12-18,N
KC103968,Pune,MH,2024-05-30,Y
KC103969,Jaipur,RJ,2023-06-14,N
KC103970,Delhi,DL,2023-04-01,Y
KC103971,Bengaluru,KA,2024-06-25,N
KC103972,Mumbai,MH,2025-03-04,N
KC103973,Lucknow,UP,2023-03-17,N
KC103974,Indore,MP,2023-06-03,N
KC103975,Kota,RJ,2025-10-15,Y
KC103976,Indore,MP,2025-02-15,Y
KC103977,Indore,MP,2025-08-29,Y
KC103978,Nagpur,MH,2024-11-12,N
KC103979,Jaipur,RJ,2024-06-02,N
KC103980,Bhopal,MP,2025-04-16,Y
KC103981,Hubballi,KA,2023-01-09,Y
KC103982,Aurangabad,MH,2023-06-01,N
KC103983,Nashik,MH,2025-01-08,N
KC103984,Coimbatore,TN,2025-06-19,N
KC103985,Coimbatore,TN,2023-07-04,N
KC103986,Nashik,MH,2026-04-13,N
KC103987,Warangal,TS,2023-05-29,N
KC103988,Indore,MP,2025-02-10,N
KC103989,Mysuru,KA,2023-05-25,N
KC103990,Hyderabad,TS,2024-09-03,Y
KC103991,Pune,MH,2026-01-30,Y
KC103992,Lucknow,UP,2023-04-16,Y
KC103993,Nashik,MH,2024-08-30,N
KC103994,Delhi,DL,2025-12-11,Y
KC103995,Coimbatore,TN,2024-10-01,Y
KC103996,Coimbatore,TN,2022-11-28,Y
KC103997,Hubballi,KA,2023-05-10,N
KC103998,Nagpur,MH,2023-10-12,N
KC103999,Kota,RJ,2024-07-13,N
KC104000,Mumbai,MH,2025-06-27,Y
KC104001,Coimbatore,TN,2024-02-14,N
KC104002,Aurangabad,MH,2025-10-22,N
KC104003,Bhopal,MP,2023-03-25,N
KC104004,Indore,MP,2023-02-13,N
KC104005,Kota,RJ,2025-10-23,N
KC104006,Jaipur,RJ,2023-05-09,N
KC104007,Indore,MP,2024-08-24,N
KC104008,Kota,RJ,2023-02-10,Y
KC104009,Warangal,TS,2023-05-29,Y
KC104010,Indore,MP,2024-04-13,N
KC104011,Chennai,TN,2024-06-21,N
KC104012,Nashik,MH,2026-03-24,N
KC104013,Lucknow,UP,2025-03-28,N
KC104014,Delhi,DL,2024-04-16,N
KC104015,Lucknow,UP,2022-12-12,Y
KC104016,Pune,MH,2025-01-19,N
KC104017,Jaipur,RJ,2025-09-13,Y
KC104018,Bengaluru,KA,2022-10-28,N
KC104019,Delhi,DL,2025-04-23,N
KC104020,Lucknow,UP,2024-02-16,N
KC104021,Hyderabad,TS,2025-12-21,N
KC104022,Pune,MH,2025-03-12,N
KC104023,Warangal,TS,2024-06-09,Y
KC104024,Aurangabad,MH,2025-07-02,N
KC104025,Hyderabad,TS,2026-02-04,Y
KC104026,Hubballi,KA,2024-04-05,N
KC104027,Jaipur,RJ,2024-10-07,N
KC104028,Nashik,MH,2023-10-22,N
KC104029,Hubballi,KA,2024-08-02,N
KC104030,Kota,RJ,2023-09-12,N
KC104031,Bengaluru,KA,2024-06-04,Y
KC104032,Nagpur,MH,2025-07-21,Y
KC104033,Bhopal,MP,2025-02-19,N
KC104034,Hyderabad,TS,2024-11-21,N
KC104035,Kota,RJ,2023-02-03,N
KC104036,Coimbatore,TN,2026-03-31,N
KC104037,Delhi,DL,2026-07-05,N
KC104038,Aurangabad,MH,2025-09-05,N
KC104039,Nashik,MH,2024-01-15,N
KC104040,Kota,RJ,2026-07-31,N
KC104041,Hyderabad,TS,2026-01-03,Y
KC104042,Delhi,DL,2023-09-08,N
KC104043,Aurangabad,MH,2026-01-06,N
KC104044,Warangal,TS,2024-11-07,N
KC104045,Nagpur,MH,2022-10-31,N
KC104046,Hubballi,KA,2024-02-26,N
KC104047,Bhopal,MP,2023-04-28,N
KC104048,Aurangabad,MH,2024-04-19,N
KC104049,Jaipur,RJ,2026-02-26,N
KC104050,Bengaluru,KA,2024-10-29,N
KC104051,Bengaluru,KA,2023-04-20,N
KC104052,Nashik,MH,2024-08-14,Y
KC104053,Chennai,TN,2024-09-21,Y
KC104054,Pune,MH,2025-11-11,N
KC104055,Mumbai,MH,2024-05-27,Y
KC104056,Warangal,TS,2024-05-06,N
KC104057,Coimbatore,TN,2023-03-01,N
KC104058,Delhi,DL,2023-10-30,N
KC104059,Mumbai,MH,2024-03-28,N
KC104060,Lucknow,UP,2024-07-26,N
KC104061,Mumbai,MH,2023-03-09,N
KC104062,Aurangabad,MH,2023-12-14,N
KC104063,Mumbai,MH,2026-02-02,N
KC104064,Bhopal,MP,2023-11-08,N
KC104065,Bhopal,MP,2026-01-23,N
KC104066,Nagpur,MH,2025-10-08,N
KC104067,Mumbai,MH,2024-05-06,N
KC104068,Nashik,MH,2024-11-01,N
KC104069,Kota,RJ,2025-04-15,N
KC104070,Jaipur,RJ,2024-04-23,N
KC104071,Coimbatore,TN,2024-06-06,Y
KC104072,Pune,MH,2023-03-09,N
KC104073,Coimbatore,TN,2025-11-24,N
KC104074,Coimbatore,TN,2024-06-08,N
KC104075,Indore,MP,2025-08-14,N
KC104076,Jaipur,RJ,2022-10-24,N
KC104077,Indore,MP,2024-09-24,N
KC104078,Indore,MP,2023-12-05,N
KC104079,Hubballi,KA,2025-09-10,Y
KC104080,Warangal,TS,2025-04-17,N
KC104081,Nashik,MH,2025-09-26,Y
KC104082,Hyderabad,TS,2025-08-23,Y
KC104083,Bengaluru,KA,2026-05-28,N
KC104084,Mysuru,KA,2025-10-16,Y
KC104085,Warangal,TS,2023-09-13,N
KC104086,Aurangabad,MH,2023-06-12,Y
KC104087,Hyderabad,TS,2023-10-30,N
KC104088,Pune,MH,2024-01-05,Y
KC104089,Jaipur,RJ,2024-09-22,N
KC104090,Coimbatore,TN,2023-02-13,N
KC104091,Coimbatore,TN,2025-05-15,N
KC104092,Indore,MP,2023-04-26,N
KC104093,Mumbai,MH,2025-06-20,N
KC104094,Lucknow,UP,2024-05-10,N
KC104095,Hyderabad,TS,2025-01-29,Y
KC104096,Mumbai,MH,2025-01-02,Y
KC104097,Lucknow,UP,2026-04-08,N
KC104098,Bhopal,MP,2024-05-15,N
KC104099,Pune,MH,2025-01-18,N
KC104100,Bengaluru,KA,2024-02-04,Y
KC104101,Nashik,MH,2025-10-30,Y
KC104102,Hyderabad,TS,2025-02-20,N
KC104103,Delhi,DL,2025-03-28,Y
KC104104,Aurangabad,MH,2025-01-27,N
KC104105,Mysuru,KA,2025-12-11,N
KC104106,Delhi,DL,2025-01-04,Y
KC104107,Aurangabad,MH,2024-03-01,N
KC104108,Delhi,DL,2025-03-05,Y
KC104109,Coimbatore,TN,2024-04-23,N
KC104110,Kota,RJ,2022-12-16,N
KC104111,Chennai,TN,2025-01-22,N
KC104112,Hubballi,KA,2023-11-23,N
KC104113,Mysuru,KA,2023-07-11,N
KC104114,Nashik,MH,2025-11-08,N
KC104115,Mysuru,KA,2023-09-29,N
KC104116,Mumbai,MH,2026-07-10,N
KC104117,Bengaluru,KA,2024-10-17,Y
KC104118,Pune,MH,2024-08-01,Y
KC104119,Warangal,TS,2022-11-09,N
KC104120,Mysuru,KA,2023-11-22,N
KC104121,Nagpur,MH,2024-12-08,N
KC104122,Warangal,TS,2024-04-16,N
KC104123,Delhi,DL,2024-03-05,Y
KC104124,Coimbatore,TN,2023-12-18,N
KC104125,Nashik,MH,2025-01-10,Y
KC104126,Coimbatore,TN,2025-03-18,N
KC104127,Indore,MP,2026-04-02,N
KC104128,Lucknow,UP,2026-03-15,N
KC104129,Hyderabad,TS,2023-03-25,N
KC104130,Nagpur,MH,2025-07-20,Y
KC104131,Aurangabad,MH,2024-02-12,N
KC104132,Nashik,MH,2023-10-07,N
KC104133,Mysuru,KA,2023-01-14,N
KC104134,Aurangabad,MH,2024-09-15,N
KC104135,Bengaluru,KA,2025-10-23,N
KC104136,Hubballi,KA,2025-08-13,Y
KC104137,Delhi,DL,2023-04-21,N
KC104138,Mumbai,MH,2026-06-27,N
KC104139,Jaipur,RJ,2024-04-24,N
KC104140,Pune,MH,2023-10-06,N
KC104141,Warangal,TS,2025-02-19,N
KC104142,Lucknow,UP,2026-01-16,N
KC104143,Lucknow,UP,2025-04-06,N
KC104144,Delhi,DL,2026-03-14,Y
KC104145,Kota,RJ,2025-02-10,Y
KC104146,Pune,MH,2023-06-27,N
KC104147,Aurangabad,MH,2025-04-07,N
KC104148,Delhi,DL,2026-07-07,N
KC104149,Nagpur,MH,2023-07-30,N
KC104150,Aurangabad,MH,2024-08-05,N
KC104151,Mumbai,MH,2024-04-21,Y
KC104152,Hubballi,KA,2025-12-19,Y
KC104153,Jaipur,RJ,2022-12-25,N
KC104154,Nashik,MH,2024-05-09,N
KC104155,Mysuru,KA,2023-06-11,Y
KC104156,Pune,MH,2026-07-12,N
KC104157,Hyderabad,TS,2026-04-10,N
KC104158,Coimbatore,TN,2026-02-25,N
KC104159,Warangal,TS,2024-02-12,N
KC104160,Jaipur,RJ,2023-02-02,N
KC104161,Jaipur,RJ,2023-01-03,Y
KC104162,Mysuru,KA,2023-06-27,N
KC104163,Delhi,DL,2023-02-25,N
KC104164,Coimbatore,TN,2024-06-09,N
KC104165,Jaipur,RJ,2023-06-28,N
KC104166,Chennai,TN,2023-02-15,N
KC104167,Mumbai,MH,2025-12-13,N
KC104168,Bengaluru,KA,2025-12-14,Y
KC104169,Lucknow,UP,2022-12-19,N
KC104170,Kota,RJ,2026-02-18,N
KC104171,Coimbatore,TN,2024-06-23,N
KC104172,Nagpur,MH,2025-01-07,N
KC104173,Indore,MP,2025-10-03,Y
KC104174,Coimbatore,TN,2023-12-14,Y
KC104175,Lucknow,UP,2024-07-14,N
KC104176,Jaipur,RJ,2026-02-16,Y
KC104177,Nashik,MH,2026-07-29,Y
KC104178,Mysuru,KA,2024-04-15,Y
KC104179,Nashik,MH,2024-07-17,Y
KC104180,Nashik,MH,2024-10-14,N
KC104181,Mysuru,KA,2024-11-04,Y
KC104182,Bengaluru,KA,2023-10-08,N
KC104183,Mysuru,KA,2023-01-30,N
KC104184,Bengaluru,KA,2024-12-07,N
KC104185,Jaipur,RJ,2026-07-15,N
KC104186,Bengaluru,KA,2026-08-01,Y
KC104187,Bengaluru,KA,2023-08-28,Y
KC104188,Kota,RJ,2024-10-20,Y
KC104189,Aurangabad,MH,2024-02-07,Y
KC104190,Lucknow,UP,2026-08-13,N
KC104191,Hyderabad,TS,2026-04-28,N
KC104192,Pune,MH,2026-01-25,N
KC104193,Bhopal,MP,2026-03-07,Y
KC104194,Delhi,DL,2025-06-01,Y
KC104195,Mysuru,KA,2024-08-07,Y
KC104196,Coimbatore,TN,2023-07-08,N
KC104197,Chennai,TN,2023-02-21,Y
KC104198,Hubballi,KA,2025-11-02,N
KC104199,Mumbai,MH,2026-07-04,N
KC104200,Nashik,MH,2025-07-18,Y
KC104201,Hyderabad,TS,2024-08-10,N
KC104202,Mumbai,MH,2024-02-01,N
KC104203,Warangal,TS,2025-02-03,Y
KC104204,Pune,MH,2023-03-06,N
KC104205,Bengaluru,KA,2026-03-31,N
KC104206,Mysuru,KA,2023-09-24,N
KC104207,Bengaluru,KA,2025-05-12,N
KC104208,Nagpur,MH,2025-07-01,N
KC104209,Coimbatore,TN,2025-03-25,Y
KC104210,Jaipur,RJ,2023-12-06,N
KC104211,Lucknow,UP,2024-11-15,N
KC104212,Aurangabad,MH,2023-05-14,N
KC104213,Kota,RJ,2025-01-11,N
KC104214,Nashik,MH,2024-02-09,N
KC104215,Hyderabad,TS,2023-12-28,N
KC104216,Mumbai,MH,2025-06-22,Y
KC104217,Nagpur,MH,2026-05-12,N
KC104218,Hyderabad,TS,2023-11-11,N
KC104219,Coimbatore,TN,2025-12-03,N
KC104220,Aurangabad,MH,2023-12-18,Y
KC104221,Mumbai,MH,2026-01-17,N
KC104222,Warangal,TS,2025-01-25,N
KC104223,Lucknow,UP,2025-08-04,N
KC104224,Hubballi,KA,2024-11-11,N
KC104225,Chennai,TN,2024-12-12,N
KC104226,Hubballi,KA,2025-07-01,Y
KC104227,Nashik,MH,2024-01-07,Y
KC104228,Delhi,DL,2024-02-25,Y
KC104229,Mysuru,KA,2022-10-27,N
KC104230,Jaipur,RJ,2026-07-13,N
KC104231,Indore,MP,2025-06-14,N
KC104232,Hyderabad,TS,2023-12-16,Y
KC104233,Nashik,MH,2023-08-25,Y
KC104234,Warangal,TS,2024-02-16,N
KC104235,Mysuru,KA,2024-12-18,N
KC104236,Delhi,DL,2023-02-17,Y
KC104237,Delhi,DL,2023-07-17,N
KC104238,Pune,MH,2025-07-08,N
KC104239,Kota,RJ,2026-01-12,N
KC104240,Coimbatore,TN,2023-01-09,N
KC104241,Indore,MP,2025-02-23,N
KC104242,Chennai,TN,2023-05-17,Y
KC104243,Lucknow,UP,2024-09-12,N
KC104244,Indore,MP,2026-02-15,N
KC104245,Coimbatore,TN,2026-06-08,N
KC104246,Jaipur,RJ,2023-07-24,N
KC104247,Nashik,MH,2023-03-29,N
KC104248,Jaipur,RJ,2023-06-24,N
KC104249,Nagpur,MH,2024-05-17,N
KC104250,Hyderabad,TS,2025-02-16,N
KC104251,Indore,MP,2025-01-05,N
KC104252,Hyderabad,TS,2025-08-21,N
KC104253,Nagpur,MH,2026-02-06,N
KC104254,Bengaluru,KA,2025-11-04,Y
KC104255,Bengaluru,KA,2023-06-09,N
KC104256,Kota,RJ,2024-07-27,N
KC104257,Coimbatore,TN,2025-12-05,N
KC104258,Warangal,TS,2024-11-30,N
KC104259,Aurangabad,MH,2025-12-13,N
KC104260,Lucknow,UP,2024-01-02,N
KC104261,Mumbai,MH,2024-08-02,Y
KC104262,Mysuru,KA,2026-04-10,Y
KC104263,Lucknow,UP,2025-05-15,N
KC104264,Coimbatore,TN,2026-01-26,N
KC104265,Lucknow,UP,2024-07-05,N
KC104266,Jaipur,RJ,2023-12-03,N
KC104267,Hyderabad,TS,2023-03-13,N
KC104268,Bengaluru,KA,2025-04-10,Y
KC104269,Kota,RJ,2024-02-22,N
KC104270,Mysuru,KA,2025-12-11,N
KC104271,Chennai,TN,2026-08-12,N
KC104272,Bengaluru,KA,2026-01-30,N
KC104273,Indore,MP,2023-11-04,N
KC104274,Nashik,MH,2025-03-06,N
KC104275,Hubballi,KA,2025-04-27,Y
KC104276,Lucknow,UP,2023-10-27,N
KC104277,Bhopal,MP,2025-06-21,N
KC104278,Nashik,MH,2026-03-28,N
KC104279,Pune,MH,2025-03-28,N
KC104280,Nashik,MH,2023-07-13,N
KC104281,Nagpur,MH,2024-01-17,Y
KC104282,Nashik,MH,2025-09-07,N
KC104283,Indore,MP,2024-11-30,N
KC104284,Pune,MH,2026-07-16,Y
KC104285,Mumbai,MH,2025-11-11,N
KC104286,Coimbatore,TN,2025-07-14,Y
KC104287,Bengaluru,KA,2024-04-11,N
KC104288,Nashik,MH,2024-10-30,N
KC104289,Chennai,TN,2025-10-02,N
KC104290,Pune,MH,2023-10-07,N
KC104291,Lucknow,UP,2024-01-09,N
KC104292,Delhi,DL,2025-05-26,Y
KC104293,Indore,MP,2023-01-27,N
KC104294,Chennai,TN,2024-06-08,N
KC104295,Bengaluru,KA,2026-06-11,Y
KC104296,Nagpur,MH,2025-11-06,N
KC104297,Indore,MP,2024-06-01,Y
KC104298,Nashik,MH,2025-01-07,N
KC104299,Bhopal,MP,2022-11-15,N
KC104300,Indore,MP,2024-09-01,N
KC104301,Kota,RJ,2026-02-22,Y
KC104302,Pune,MH,2024-07-28,N
KC104303,Indore,MP,2025-03-04,N
KC104304,Mysuru,KA,2023-12-08,N
KC104305,Nagpur,MH,2022-12-12,N
KC104306,Coimbatore,TN,2025-05-26,N
KC104307,Delhi,DL,2025-01-10,N
KC104308,Indore,MP,2023-11-09,N
KC104309,Bhopal,MP,2023-03-06,Y
KC104310,Delhi,DL,2025-04-29,N
KC104311,Warangal,TS,2024-09-01,N
KC104312,Lucknow,UP,2023-04-08,Y
KC104313,Warangal,TS,2026-03-27,Y
KC104314,Jaipur,RJ,2025-07-24,N
KC104315,Bhopal,MP,2025-10-30,N
KC104316,Nagpur,MH,2025-03-02,N
KC104317,Coimbatore,TN,2025-05-09,Y
KC104318,Jaipur,RJ,2025-12-27,N
KC104319,Pune,MH,2026-02-04,N
KC104320,Hyderabad,TS,2024-11-11,N
KC104321,Nagpur,MH,2022-12-18,Y
KC104322,Hyderabad,TS,2022-11-15,N
KC104323,Indore,MP,2024-07-09,N
KC104324,Warangal,TS,2025-08-09,Y
KC104325,Indore,MP,2023-01-30,N
KC104326,Bhopal,MP,2024-01-06,N
KC104327,Indore,MP,2026-05-02,Y
KC104328,Hyderabad,TS,2025-01-30,N
KC104329,Nashik,MH,2023-06-10,N
KC104330,Kota,RJ,2025-05-07,N
KC104331,Nagpur,MH,2023-09-22,Y
KC104332,Hyderabad,TS,2023-02-01,N
KC104333,Aurangabad,MH,2024-03-01,Y
KC104334,Hubballi,KA,2026-01-26,N
KC104335,Mysuru,KA,2023-12-01,N
KC104336,Coimbatore,TN,2024-09-15,N
KC104337,Hyderabad,TS,2025-05-21,N
KC104338,Bengaluru,KA,2023-03-09,N
KC104339,Mumbai,MH,2023-05-15,N
KC104340,Bengaluru,KA,2024-02-05,N
KC104341,Bengaluru,KA,2024-10-24,Y
KC104342,Nashik,MH,2022-11-09,Y
KC104343,Mumbai,MH,2025-02-12,N
KC104344,Kota,RJ,2025-02-14,N
KC104345,Coimbatore,TN,2024-05-13,N
KC104346,Delhi,DL,2024-05-28,N
KC104347,Kota,RJ,2025-02-10,N
KC104348,Bengaluru,KA,2026-01-11,Y
KC104349,Mysuru,KA,2025-11-15,N
KC104350,Bhopal,MP,2025-09-12,N
KC104351,Warangal,TS,2023-06-20,N
KC104352,Mumbai,MH,2024-06-03,N
KC104353,Hubballi,KA,2023-03-12,N
KC104354,Delhi,DL,2023-09-16,N
KC104355,Mysuru,KA,2024-02-03,N
KC104356,Warangal,TS,2023-07-31,N
KC104357,Bengaluru,KA,2024-07-02,Y
KC104358,Hubballi,KA,2026-06-11,N
KC104359,Coimbatore,TN,2024-08-15,N
KC104360,Mysuru,KA,2023-07-25,N
KC104361,Aurangabad,MH,2024-10-27,N
KC104362,Pune,MH,2024-02-18,N
KC104363,Hubballi,KA,2023-01-22,N
KC104364,Aurangabad,MH,2025-02-10,N
KC104365,Jaipur,RJ,2022-12-09,N
KC104366,Pune,MH,2025-08-23,N
KC104367,Delhi,DL,2025-08-30,Y
KC104368,Indore,MP,2025-06-24,N
KC104369,Pune,MH,2024-11-30,N
KC104370,Nagpur,MH,2025-05-24,N
KC104371,Mumbai,MH,2026-06-06,N
KC104372,Hubballi,KA,2025-02-21,N
KC104373,Pune,MH,2023-02-25,N
KC104374,Pune,MH,2026-07-27,Y
KC104375,Hyderabad,TS,2025-11-26,N
KC104376,Hyderabad,TS,2025-06-16,N
KC104377,Hubballi,KA,2022-12-28,N
KC104378,Bengaluru,KA,2025-01-17,Y
KC104379,Hyderabad,TS,2022-11-02,N
KC104380,Coimbatore,TN,2024-09-02,N
KC104381,Bhopal,MP,2023-01-25,Y
KC104382,Hubballi,KA,2024-07-19,N
KC104383,Warangal,TS,2026-05-27,N
KC104384,Aurangabad,MH,2025-02-03,N
KC104385,Jaipur,RJ,2023-07-10,N
KC104386,Mumbai,MH,2024-12-12,N
KC104387,Indore,MP,2026-01-07,N
KC104388,Nashik,MH,2024-04-15,N
KC104389,Nashik,MH,2025-09-17,N
KC104390,Coimbatore,TN,2024-06-08,N
KC104391,Kota,RJ,2023-12-22,N
KC104392,Nagpur,MH,2023-08-26,N
KC104393,Mumbai,MH,2022-12-11,N
KC104394,Jaipur,RJ,2025-10-19,N
KC104395,Bhopal,MP,2024-01-21,N
KC104396,Delhi,DL,2024-01-04,N
KC104397,Bhopal,MP,2025-09-27,N
KC104398,Bhopal,MP,2025-09-24,N
KC104399,Hubballi,KA,2024-11-20,N
KC104400,Pune,MH,2023-06-13,N
KC104401,Lucknow,UP,2023-05-07,N
KC104402,Coimbatore,TN,2026-05-30,N
KC104403,Jaipur,RJ,2024-02-12,Y
KC104404,Delhi,DL,2023-10-08,N
KC104405,Mysuru,KA,2023-03-11,N
KC104406,Lucknow,UP,2023-09-01,Y
KC104407,Hubballi,KA,2023-05-18,N
KC104408,Hubballi,KA,2022-10-23,N
KC104409,Chennai,TN,2025-12-17,Y
KC104410,Hubballi,KA,2023-05-24,N
KC104411,Mysuru,KA,2023-05-31,N
KC104412,Mumbai,MH,2024-08-05,N
KC104413,Nagpur,MH,2024-08-11,N
KC104414,Indore,MP,2024-07-11,Y
KC104415,Bengaluru,KA,2024-02-06,N
KC104416,Bengaluru,KA,2024-06-16,Y
KC104417,Mumbai,MH,2024-02-06,N
KC104418,Indore,MP,2024-04-17,N
KC104419,Warangal,TS,2023-03-15,N
KC104420,Bengaluru,KA,2025-12-31,N
KC104421,Nagpur,MH,2023-04-19,N
KC104422,Coimbatore,TN,2025-03-09,N
KC104423,Pune,MH,2026-07-07,N
KC104424,Bhopal,MP,2023-11-07,N
KC104425,Indore,MP,2023-01-08,N
KC104426,Hubballi,KA,2025-03-10,N
KC104427,Indore,MP,2024-09-17,N
KC104428,Hubballi,KA,2023-11-10,N
KC104429,Lucknow,UP,2023-12-17,N
KC104430,Bhopal,MP,2026-06-12,N
KC104431,Hyderabad,TS,2023-06-12,Y
KC104432,Indore,MP,2022-12-26,N
KC104433,Coimbatore,TN,2024-03-23,N
KC104434,Coimbatore,TN,2024-07-19,N
KC104435,Pune,MH,2023-02-09,N
KC104436,Nashik,MH,2026-07-08,N
KC104437,Aurangabad,MH,2026-06-16,N
KC104438,Bengaluru,KA,2025-12-25,N
KC104439,Mysuru,KA,2025-05-18,N
KC104440,Jaipur,RJ,2025-08-18,N
KC104441,Indore,MP,2022-11-01,N
KC104442,Warangal,TS,2026-03-12,N
KC104443,Hyderabad,TS,2024-10-11,Y
KC104444,Delhi,DL,2024-06-02,N
KC104445,Nashik,MH,2024-03-11,N
KC104446,Warangal,TS,2024-08-26,N
KC104447,Kota,RJ,2024-07-25,Y
KC104448,Aurangabad,MH,2026-02-16,N
KC104449,Bhopal,MP,2022-12-30,N
KC104450,Lucknow,UP,2024-07-01,N
KC104451,Mumbai,MH,2023-06-04,N
KC104452,Bhopal,MP,2026-01-23,N
KC104453,Warangal,TS,2026-04-14,Y
KC104454,Jaipur,RJ,2025-01-30,N
KC104455,Chennai,TN,2023-11-14,Y
KC104456,Pune,MH,2023-01-07,N
KC104457,Hyderabad,TS,2024-01-07,N
KC104458,Mumbai,MH,2023-12-13,N
KC104459,Aurangabad,MH,2026-06-06,N
KC104460,Mumbai,MH,2026-02-21,Y
KC104461,Hubballi,KA,2024-05-15,N
KC104462,Nagpur,MH,2026-06-06,N
KC104463,Nagpur,MH,2025-07-23,N
KC104464,Jaipur,RJ,2024-06-09,N
KC104465,Delhi,DL,2026-06-14,Y
KC104466,Delhi,DL,2024-04-28,N
KC104467,Indore,MP,2024-06-21,N
KC104468,Hubballi,KA,2025-08-13,N
KC104469,Delhi,DL,2023-12-07,N
KC104470,Lucknow,UP,2024-01-13,N
KC104471,Jaipur,RJ,2024-11-13,N
KC104472,Coimbatore,TN,2024-06-01,Y
KC104473,Jaipur,RJ,2026-03-14,N
KC104474,Coimbatore,TN,2026-04-28,Y
KC104475,Warangal,TS,2023-09-23,N
KC104476,Nashik,MH,2026-08-07,N
KC104477,Bengaluru,KA,2025-02-17,N
KC104478,Kota,RJ,2025-09-23,N
KC104479,Mysuru,KA,2023-01-30,Y
KC104480,Chennai,TN,2025-01-21,N
KC104481,Warangal,TS,2024-09-08,Y
KC104482,Hyderabad,TS,2024-01-18,N
KC104483,Bengaluru,KA,2023-07-14,N
KC104484,Aurangabad,MH,2025-06-04,N
KC104485,Kota,RJ,2023-08-26,Y
KC104486,Hubballi,KA,2025-10-02,N
KC104487,Coimbatore,TN,2023-02-01,N
KC104488,Nagpur,MH,2025-08-04,N
KC104489,Bengaluru,KA,2024-06-26,N
KC104490,Indore,MP,2025-10-25,N
KC104491,Kota,RJ,2023-10-05,N
KC104492,Lucknow,UP,2026-03-31,N
KC104493,Hubballi,KA,2024-08-11,N
KC104494,Nashik,MH,2023-06-26,N
KC104495,Nashik,MH,2024-03-25,N
KC104496,Mysuru,KA,2023-04-26,N
KC104497,Hyderabad,TS,2025-07-16,N
KC104498,Bhopal,MP,2023-07-29,Y
KC104499,Lucknow,UP,2023-10-08,N
KC104500,Nagpur,MH,2024-12-03,N
KC104501,Warangal,TS,2024-03-03,N
KC104502,Warangal,TS,2026-07-10,N
KC104503,Hubballi,KA,2025-07-05,N
KC104504,Mysuru,KA,2025-04-03,N
KC104505,Aurangabad,MH,2025-05-10,N
KC104506,Mysuru,KA,2023-10-27,Y
KC104507,Chennai,TN,2023-03-09,Y
KC104508,Warangal,TS,2026-02-04,N
KC104509,Bhopal,MP,2026-05-31,N
KC104510,Mumbai,MH,2024-08-29,N
KC104511,Jaipur,RJ,2023-08-05,N
KC104512,Jaipur,RJ,2025-08-21,N
KC104513,Aurangabad,MH,2023-07-29,N
KC104514,Bengaluru,KA,2022-11-21,N
KC104515,Hyderabad,TS,2023-01-22,Y
KC104516,Lucknow,UP,2023-09-25,Y
KC104517,Jaipur,RJ,2026-07-15,Y
KC104518,Hubballi,KA,2024-11-07,N
KC104519,Mumbai,MH,2022-11-21,N
KC104520,Kota,RJ,2024-03-28,N
KC104521,Warangal,TS,2024-02-08,Y
KC104522,Lucknow,UP,2023-01-17,N
KC104523,Mumbai,MH,2026-02-26,N
KC104524,Indore,MP,2024-12-27,N
KC104525,Mumbai,MH,2024-03-27,N
KC104526,Nashik,MH,2025-02-28,N
KC104527,Pune,MH,2025-06-08,N
KC104528,Bengaluru,KA,2024-08-08,N
KC104529,Mysuru,KA,2024-10-12,Y
KC104530,Lucknow,UP,2026-02-22,Y
KC104531,Pune,MH,2025-04-19,N
KC104532,Nashik,MH,2025-12-04,N
KC104533,Kota,RJ,2026-01-05,N
KC104534,Warangal,TS,2023-07-17,N
KC104535,Bengaluru,KA,2023-09-13,Y
KC104536,Nashik,MH,2024-03-17,N
KC104537,Hubballi,KA,2022-12-26,Y
KC104538,Nagpur,MH,2023-02-12,N
KC104539,Mysuru,KA,2022-12-27,Y
KC104540,Aurangabad,MH,2024-08-05,Y
KC104541,Indore,MP,2024-05-24,N
KC104542,Indore,MP,2025-02-28,N
KC104543,Coimbatore,TN,2025-02-09,N
KC104544,Bengaluru,KA,2023-12-07,Y
KC104545,Aurangabad,MH,2026-05-22,Y
KC104546,Chennai,TN,2023-05-25,N
KC104547,Hyderabad,TS,2024-06-01,Y
KC104548,Bengaluru,KA,2024-04-17,N
KC104549,Hubballi,KA,2023-07-28,N
KC104550,Jaipur,RJ,2022-11-19,N
KC104551,Indore,MP,2025-11-15,N
KC104552,Warangal,TS,2025-05-31,N
KC104553,Mysuru,KA,2025-11-17,N
KC104554,Aurangabad,MH,2026-04-09,N
KC104555,Chennai,TN,2023-10-23,Y
KC104556,Lucknow,UP,2024-08-07,N
KC104557,Pune,MH,2023-06-20,N
KC104558,Lucknow,UP,2025-11-21,N
KC104559,Chennai,TN,2025-03-30,N
KC104560,Warangal,TS,2025-09-03,N
KC104561,Kota,RJ,2024-01-10,Y
KC104562,Mumbai,MH,2023-08-27,N
KC104563,Bengaluru,KA,2026-05-29,N
KC104564,Warangal,TS,2025-05-22,N
KC104565,Nagpur,MH,2026-05-01,N
KC104566,Hubballi,KA,2026-05-11,N
KC104567,Pune,MH,2025-06-17,N
KC104568,Coimbatore,TN,2023-07-02,N
KC104569,Lucknow,UP,2025-09-29,N
KC104570,Lucknow,UP,2024-10-04,Y
KC104571,Mumbai,MH,2025-04-01,N
KC104572,Delhi,DL,2025-06-15,N
KC104573,Bengaluru,KA,2024-09-24,N
KC104574,Mumbai,MH,2023-11-30,N
KC104575,Hubballi,KA,2025-10-26,Y
KC104576,Aurangabad,MH,2025-02-05,N
KC104577,Chennai,TN,2023-06-02,N
KC104578,Bengaluru,KA,2025-03-06,N
KC104579,Mysuru,KA,2023-03-24,N
KC104580,Pune,MH,2026-07-18,N
KC104581,Lucknow,UP,2026-02-17,N
KC104582,Hyderabad,TS,2026-07-08,N
KC104583,Coimbatore,TN,2023-04-24,N
KC104584,Hyderabad,TS,2022-12-21,Y
KC104585,Indore,MP,2026-01-19,N
KC104586,Warangal,TS,2023-08-18,N
KC104587,Mumbai,MH,2023-07-30,N
KC104588,Indore,MP,2023-07-04,N
KC104589,Coimbatore,TN,2025-05-14,N
KC104590,Bengaluru,KA,2023-01-15,N
KC104591,Mumbai,MH,2026-03-03,Y
KC104592,Hubballi,KA,2025-04-12,Y
KC104593,Delhi,DL,2024-09-13,N
KC104594,Lucknow,UP,2026-02-21,Y
KC104595,Kota,RJ,2024-06-07,N
KC104596,Bengaluru,KA,2026-06-10,N
KC104597,Jaipur,RJ,2024-09-27,N
KC104598,Delhi,DL,2024-10-17,N
KC104599,Bhopal,MP,2023-05-12,N
KC104600,Jaipur,RJ,2025-03-24,N
KC104601,Indore,MP,2023-04-27,N
KC104602,Coimbatore,TN,2026-03-23,N
KC104603,Mysuru,KA,2024-03-23,N
KC104604,Pune,MH,2024-05-22,N
KC104605,Delhi,DL,2026-03-30,Y
KC104606,Mysuru,KA,2023-12-19,N
KC104607,Aurangabad,MH,2024-01-21,Y
KC104608,Nagpur,MH,2025-09-19,N
KC104609,Warangal,TS,2022-11-25,N
KC104610,Kota,RJ,2024-09-30,Y
KC104611,Mumbai,MH,2024-08-31,N
KC104612,Aurangabad,MH,2026-05-03,Y
KC104613,Aurangabad,MH,2025-10-30,N
KC104614,Mumbai,MH,2025-08-12,Y
KC104615,Kota,RJ,2023-09-14,N
KC104616,Aurangabad,MH,2026-01-09,N
KC104617,Chennai,TN,2024-11-20,N
KC104618,Warangal,TS,2024-10-12,N
KC104619,Mysuru,KA,2024-08-02,N
KC104620,Nagpur,MH,2025-07-09,N
KC104621,Nashik,MH,2025-03-12,N
KC104622,Chennai,TN,2025-03-23,N
KC104623,Nashik,MH,2023-06-23,N
KC104624,Coimbatore,TN,2024-03-18,Y
KC104625,Indore,MP,2023-03-07,N
KC104626,Pune,MH,2023-03-28,Y
KC104627,Warangal,TS,2024-12-30,N
KC104628,Bengaluru,KA,2023-01-18,N
KC104629,Nagpur,MH,2026-03-28,N
KC104630,Pune,MH,2026-04-19,N
KC104631,Nagpur,MH,2026-04-07,Y
KC104632,Kota,RJ,2023-06-25,Y
KC104633,Aurangabad,MH,2023-08-16,N
KC104634,Coimbatore,TN,2023-09-16,N
KC104635,Delhi,DL,2023-05-22,Y
KC104636,Delhi,DL,2023-03-31,N
KC104637,Warangal,TS,2023-10-24,N
KC104638,Delhi,DL,2024-10-11,N
KC104639,Hubballi,KA,2023-06-01,N
KC104640,Warangal,TS,2024-05-16,N
KC104641,Warangal,TS,2026-06-16,N
KC104642,Kota,RJ,2025-11-19,N
KC104643,Warangal,TS,2023-02-18,N
KC104644,Coimbatore,TN,2025-08-14,N
KC104645,Lucknow,UP,2025-06-27,N
KC104646,Aurangabad,MH,2026-01-22,Y
KC104647,Mumbai,MH,2025-03-01,N
KC104648,Nashik,MH,2026-03-07,N
KC104649,Jaipur,RJ,2023-06-19,N
KC104650,Delhi,DL,2025-04-16,N
KC104651,Jaipur,RJ,2024-09-18,N
KC104652,Mysuru,KA,2026-04-23,N
KC104653,Warangal,TS,2026-06-04,N
KC104654,Hyderabad,TS,2024-11-19,N
KC104655,Hyderabad,TS,2025-05-08,N
KC104656,Aurangabad,MH,2025-03-28,N
KC104657,Mumbai,MH,2025-07-04,Y
KC104658,Nashik,MH,2023-12-18,N
KC104659,Hyderabad,TS,2023-11-28,Y
KC104660,Nagpur,MH,2026-04-23,Y
KC104661,Bengaluru,KA,2024-09-15,N
KC104662,Delhi,DL,2022-12-24,N
KC104663,Nashik,MH,2026-07-01,N
KC104664,Jaipur,RJ,2023-11-18,N
KC104665,Delhi,DL,2025-11-02,N
KC104666,Hubballi,KA,2022-10-24,N
KC104667,Aurangabad,MH,2025-07-09,N
KC104668,Lucknow,UP,2026-03-31,Y
KC104669,Chennai,TN,2026-03-11,N
KC104670,Nagpur,MH,2026-02-21,N
KC104671,Pune,MH,2024-05-10,N
KC104672,Coimbatore,TN,2023-10-22,N
KC104673,Delhi,DL,2024-02-10,N
KC104674,Delhi,DL,2026-06-04,N
KC104675,Warangal,TS,2026-03-16,N
KC104676,Lucknow,UP,2022-12-24,N
KC104677,Nagpur,MH,2025-11-19,N
KC104678,Delhi,DL,2025-12-11,Y
KC104679,Bhopal,MP,2023-11-25,N
KC104680,Kota,RJ,2024-05-21,N
KC104681,Bengaluru,KA,2024-11-24,N
KC104682,Bhopal,MP,2025-09-10,N
KC104683,Mysuru,KA,2023-02-26,N
KC104684,Coimbatore,TN,2024-11-08,N
KC104685,Nagpur,MH,2024-06-14,N
KC104686,Nagpur,MH,2024-01-17,Y
KC104687,Mysuru,KA,2026-03-10,N
KC104688,Warangal,TS,2026-05-23,N
KC104689,Mumbai,MH,2026-08-14,N
KC104690,Jaipur,RJ,2026-06-06,N
KC104691,Kota,RJ,2024-01-31,N
KC104692,Jaipur,RJ,2025-04-05,N
KC104693,Mysuru,KA,2022-10-23,N
KC104694,Lucknow,UP,2026-07-16,N
KC104695,Nashik,MH,2024-08-17,N
KC104696,Nagpur,MH,2025-08-30,Y
KC104697,Jaipur,RJ,2026-06-20,N
KC104698,Warangal,TS,2024-11-15,N
KC104699,Hyderabad,TS,2025-07-08,N
KC104700,Mysuru,KA,2024-05-28,N
KC104701,Warangal,TS,2025-12-07,Y
KC104702,Hubballi,KA,2026-01-30,N
KC104703,Bengaluru,KA,2023-04-14,N
KC104704,Delhi,DL,2026-03-09,N
KC104705,Bengaluru,KA,2024-09-26,Y
KC104706,Nashik,MH,2025-01-28,N
KC104707,Nagpur,MH,2026-01-12,N
KC104708,Aurangabad,MH,2022-11-30,N
KC104709,Coimbatore,TN,2025-08-12,Y
KC104710,Lucknow,UP,2023-07-07,N
KC104711,Mumbai,MH,2026-04-15,N
KC104712,Warangal,TS,2022-12-06,N
KC104713,Bhopal,MP,2024-01-09,N
KC104714,Delhi,DL,2025-10-19,N
KC104715,Indore,MP,2023-10-26,Y
KC104716,Chennai,TN,2024-02-14,N
KC104717,Aurangabad,MH,2025-04-28,N
KC104718,Aurangabad,MH,2023-12-20,N
KC104719,Warangal,TS,2023-10-14,N
KC104720,Warangal,TS,2026-05-05,N
KC104721,Hubballi,KA,2022-11-25,N
KC104722,Bhopal,MP,2023-05-23,N
KC104723,Mumbai,MH,2022-10-26,N
KC104724,Nagpur,MH,2023-10-15,N
KC104725,Lucknow,UP,2024-05-19,N
KC104726,Coimbatore,TN,2025-03-03,N
KC104727,Aurangabad,MH,2025-12-01,N
KC104728,Pune,MH,2023-06-14,N
KC104729,Lucknow,UP,2023-09-01,N
KC104730,Chennai,TN,2022-11-25,N
KC104731,Aurangabad,MH,2023-02-25,N
KC104732,Kota,RJ,2024-05-26,N
KC104733,Nashik,MH,2023-03-23,N
KC104734,Kota,RJ,2023-12-21,N
KC104735,Kota,RJ,2023-04-22,N
KC104736,Delhi,DL,2025-02-24,N
KC104737,Mysuru,KA,2024-08-29,N
KC104738,Delhi,DL,2023-10-29,Y
KC104739,Jaipur,RJ,2025-06-11,N
KC104740,Hyderabad,TS,2024-04-07,N
KC104741,Pune,MH,2022-11-22,Y
KC104742,Bengaluru,KA,2023-11-04,N
KC104743,Warangal,TS,2023-03-25,Y
KC104744,Indore,MP,2023-11-16,N
KC104745,Pune,MH,2026-03-13,N
KC104746,Jaipur,RJ,2023-09-14,N
KC104747,Mumbai,MH,2023-05-22,N
KC104748,Hyderabad,TS,2025-04-20,N
KC104749,Indore,MP,2023-09-02,N
KC104750,Kota,RJ,2025-03-18,N
KC104751,Hyderabad,TS,2025-09-17,N
KC104752,Kota,RJ,2025-02-11,N
KC104753,Lucknow,UP,2023-04-02,N
KC104754,Bhopal,MP,2025-07-20,Y
KC104755,Delhi,DL,2025-04-29,N
KC104756,Bengaluru,KA,2022-12-20,N
KC104757,Nagpur,MH,2023-07-19,N
KC104758,Pune,MH,2026-01-01,Y
KC104759,Bhopal,MP,2024-05-18,N
KC104760,Indore,MP,2024-07-17,N
KC104761,Coimbatore,TN,2024-03-04,N
KC104762,Coimbatore,TN,2023-10-24,N
KC104763,Bhopal,MP,2026-02-03,N
KC104764,Nashik,MH,2023-10-24,N
KC104765,Bengaluru,KA,2026-03-27,N
KC104766,Delhi,DL,2025-08-07,N
KC104767,Chennai,TN,2022-11-02,Y
KC104768,Lucknow,UP,2024-01-25,N
KC104769,Nagpur,MH,2023-06-28,Y
KC104770,Jaipur,RJ,2025-04-02,N
KC104771,Pune,MH,2026-04-28,N
KC104772,Warangal,TS,2023-04-28,N
KC104773,Warangal,TS,2026-07-21,N
KC104774,Bengaluru,KA,2024-06-14,N
KC104775,Nagpur,MH,2023-01-14,N
KC104776,Warangal,TS,2026-01-02,N
KC104777,Mysuru,KA,2024-08-27,N
KC104778,Delhi,DL,2023-12-20,Y
KC104779,Lucknow,UP,2024-12-04,N
KC104780,Hyderabad,TS,2026-06-22,N
KC104781,Bengaluru,KA,2023-08-15,N
KC104782,Warangal,TS,2025-06-10,Y
KC104783,Delhi,DL,2024-10-28,N
KC104784,Kota,RJ,2023-08-20,N
KC104785,Bengaluru,KA,2025-09-19,N
KC104786,Pune,MH,2025-05-31,N
KC104787,Hyderabad,TS,2026-02-19,N
KC104788,Lucknow,UP,2024-06-08,N
KC104789,Pune,MH,2023-03-22,Y
KC104790,Nashik,MH,2024-04-17,N
KC104791,Lucknow,UP,2024-04-16,Y
KC104792,Jaipur,RJ,2023-07-18,N
KC104793,Aurangabad,MH,2026-06-16,Y
KC104794,Warangal,TS,2023-10-26,N
KC104795,Nagpur,MH,2026-02-22,Y
KC104796,Mysuru,KA,2024-07-10,N
KC104797,Nagpur,MH,2025-02-27,N
KC104798,Hyderabad,TS,2024-01-26,Y
KC104799,Bhopal,MP,2026-01-18,N
KC104800,Nagpur,MH,2024-08-10,N
KC104801,Warangal,TS,2022-12-10,Y
KC104802,Kota,RJ,2024-04-14,N
KC104803,Jaipur,RJ,2024-07-03,Y
KC104804,Coimbatore,TN,2023-01-07,N
KC104805,Nashik,MH,2023-12-24,N
KC104806,Nashik,MH,2023-11-25,N
KC104807,Lucknow,UP,2023-08-16,N
KC104808,Indore,MP,2022-12-19,N
KC104809,Warangal,TS,2023-11-03,N
KC104810,Hyderabad,TS,2024-06-16,N
KC104811,Delhi,DL,2025-07-22,N
KC104812,Mumbai,MH,2025-09-29,N
KC104813,Nagpur,MH,2024-08-18,N
KC104814,Mumbai,MH,2024-12-01,N
KC104815,Warangal,TS,2023-01-26,N
KC104816,Indore,MP,2023-05-15,N
KC104817,Bengaluru,KA,2022-12-27,N
KC104818,Nagpur,MH,2024-07-29,N
KC104819,Hubballi,KA,2025-03-20,N
KC104820,Hubballi,KA,2025-01-14,Y
KC104821,Chennai,TN,2023-01-07,N
KC104822,Bhopal,MP,2026-06-25,N
KC104823,Bengaluru,KA,2023-07-21,N
KC104824,Mumbai,MH,2024-09-03,N
KC104825,Pune,MH,2024-04-05,Y
KC104826,Lucknow,UP,2025-08-08,N
KC104827,Indore,MP,2023-06-15,N
KC104828,Bengaluru,KA,2023-08-30,N
KC104829,Aurangabad,MH,2025-11-19,Y
KC104830,Warangal,TS,2026-06-15,N
KC104831,Hyderabad,TS,2024-11-08,N
KC104832,Delhi,DL,2023-08-01,Y
KC104833,Indore,MP,2024-07-08,N
KC104834,Aurangabad,MH,2023-04-30,Y
KC104835,Mumbai,MH,2026-03-30,N
KC104836,Aurangabad,MH,2024-10-12,Y
KC104837,Chennai,TN,2024-12-10,Y
KC104838,Kota,RJ,2026-01-07,N
KC104839,Coimbatore,TN,2025-09-14,N
KC104840,Bengaluru,KA,2023-10-11,N
KC104841,Indore,MP,2023-09-19,N
KC104842,Lucknow,UP,2024-11-15,N
KC104843,Bengaluru,KA,2026-05-25,N
KC104844,Jaipur,RJ,2023-09-10,Y
KC104845,Mysuru,KA,2025-09-05,N
KC104846,Bengaluru,KA,2024-07-19,N
KC104847,Coimbatore,TN,2025-12-23,N
KC104848,Bengaluru,KA,2026-05-15,N
KC104849,Bengaluru,KA,2025-07-01,Y
KC104850,Coimbatore,TN,2023-12-04,Y
KC104851,Nagpur,MH,2025-06-13,N
KC104852,Coimbatore,TN,2026-04-16,Y
KC104853,Kota,RJ,2024-07-22,N
KC104854,Hubballi,KA,2023-06-27,N
KC104855,Mumbai,MH,2025-03-21,Y
KC104856,Chennai,TN,2026-03-11,N
KC104857,Nagpur,MH,2024-05-06,N
KC104858,Hyderabad,TS,2023-06-11,N
KC104859,Mumbai,MH,2024-04-13,Y
KC104860,Mysuru,KA,2023-05-25,N
KC104861,Nashik,MH,2023-06-28,N
KC104862,Bhopal,MP,2025-08-14,N
KC104863,Delhi,DL,2023-09-18,Y
KC104864,Lucknow,UP,2023-08-03,N
KC104865,Hubballi,KA,2025-04-25,N
KC104866,Pune,MH,2026-06-15,N
KC104867,Aurangabad,MH,2025-09-26,N
KC104868,Delhi,DL,2025-03-14,N
KC104869,Jaipur,RJ,2026-04-17,N
KC104870,Warangal,TS,2024-11-07,Y
KC104871,Warangal,TS,2023-05-10,Y
KC104872,Jaipur,RJ,2026-08-06,Y
KC104873,Mumbai,MH,2023-05-12,Y
KC104874,Jaipur,RJ,2025-06-16,Y
KC104875,Hubballi,KA,2024-07-08,Y
KC104876,Indore,MP,2022-11-25,N
KC104877,Bhopal,MP,2023-05-16,N
KC104878,Lucknow,UP,2024-02-21,N
KC104879,Aurangabad,MH,2025-03-25,Y
KC104880,Hubballi,KA,2025-09-28,N
KC104881,Nagpur,MH,2026-07-06,N
KC104882,Bengaluru,KA,2026-05-20,N
KC104883,Kota,RJ,2025-10-22,N
KC104884,Kota,RJ,2025-10-01,N
KC104885,Pune,MH,2024-05-20,N
KC104886,Nashik,MH,2026-03-15,N
KC104887,Mysuru,KA,2025-07-31,N
KC104888,Jaipur,RJ,2025-11-10,Y
KC104889,Mumbai,MH,2024-05-25,N
KC104890,Warangal,TS,2023-09-04,N
KC104891,Lucknow,UP,2023-07-02,N
KC104892,Indore,MP,2023-10-16,N
KC104893,Hubballi,KA,2024-12-13,N
KC104894,Indore,MP,2023-12-19,N
KC104895,Hubballi,KA,2025-04-29,N
KC104896,Pune,MH,2024-01-05,N
KC104897,Indore,MP,2025-06-21,N
KC104898,Delhi,DL,2024-06-27,Y
KC104899,Warangal,TS,2026-06-09,N
KC104900,Coimbatore,TN,2026-07-17,N
KC104901,Kota,RJ,2025-02-16,Y
KC104902,Lucknow,UP,2025-02-24,N
KC104903,Pune,MH,2024-05-15,Y
KC104904,Hyderabad,TS,2025-01-23,N
KC104905,Delhi,DL,2026-04-21,N
KC104906,Hubballi,KA,2024-08-18,N
KC104907,Aurangabad,MH,2024-08-19,N
KC104908,Hubballi,KA,2023-07-24,N
KC104909,Pune,MH,2026-06-09,N
KC104910,Nagpur,MH,2025-10-12,N
KC104911,Pune,MH,2026-03-07,N
KC104912,Hubballi,KA,2025-08-18,Y
KC104913,Bhopal,MP,2025-10-26,N
KC104914,Warangal,TS,2026-01-30,N
KC104915,Nagpur,MH,2025-06-10,N
KC104916,Pune,MH,2026-03-18,N
KC104917,Jaipur,RJ,2023-06-22,N
KC104918,Warangal,TS,2025-09-29,N
KC104919,Jaipur,RJ,2024-12-06,N
KC104920,Lucknow,UP,2023-10-02,N
KC104921,Coimbatore,TN,2026-06-11,N
KC104922,Nagpur,MH,2022-11-22,N
KC104923,Chennai,TN,2024-05-03,N
KC104924,Kota,RJ,2026-04-04,N
KC104925,Mysuru,KA,2023-03-03,N
KC104926,Jaipur,RJ,2025-05-19,N
KC104927,Hubballi,KA,2024-09-28,N
KC104928,Hyderabad,TS,2023-10-18,Y
KC104929,Hubballi,KA,2023-12-26,N
KC104930,Bengaluru,KA,2024-09-07,N
KC104931,Hyderabad,TS,2024-07-06,N
KC104932,Nagpur,MH,2025-04-20,Y
KC104933,Bengaluru,KA,2025-03-22,N
KC104934,Jaipur,RJ,2024-06-02,Y
KC104935,Coimbatore,TN,2025-11-28,N
KC104936,Hubballi,KA,2023-08-21,N
KC104937,Coimbatore,TN,2023-10-04,N
KC104938,Pune,MH,2025-12-27,N
KC104939,Kota,RJ,2026-06-18,N
KC104940,Lucknow,UP,2026-05-13,N
KC104941,Nagpur,MH,2023-01-05,N
KC104942,Bhopal,MP,2025-10-20,N
KC104943,Warangal,TS,2024-09-07,N
KC104944,Warangal,TS,2024-03-28,Y
KC104945,Mumbai,MH,2024-01-26,N
KC104946,Aurangabad,MH,2024-02-05,Y
KC104947,Delhi,DL,2025-07-28,N
KC104948,Warangal,TS,2024-06-21,N
KC104949,Kota,RJ,2022-12-06,Y
KC104950,Jaipur,RJ,2025-07-06,Y
KC104951,Lucknow,UP,2025-11-26,N
KC104952,Hyderabad,TS,2024-09-30,N
KC104953,Aurangabad,MH,2026-06-14,N
KC104954,Hubballi,KA,2024-04-18,N
KC104955,Jaipur,RJ,2026-06-17,N
KC104956,Aurangabad,MH,2026-03-28,N
KC104957,Nashik,MH,2026-04-24,N
KC104958,Nashik,MH,2026-01-24,Y
KC104959,Aurangabad,MH,2025-07-30,N
KC104960,Indore,MP,2023-10-02,N
KC104961,Mysuru,KA,2025-08-18,N
KC104962,Hyderabad,TS,2023-12-31,N
KC104963,Nashik,MH,2023-05-05,Y
KC104964,Mysuru,KA,2025-07-25,N
KC104965,Bhopal,MP,2024-01-20,N
KC104966,Mumbai,MH,2024-01-13,Y
KC104967,Delhi,DL,2025-02-26,N
KC104968,Indore,MP,2024-06-29,N
KC104969,Jaipur,RJ,2025-07-07,N
KC104970,Hyderabad,TS,2026-05-05,N
KC104971,Indore,MP,2024-09-03,Y
KC104972,Mumbai,MH,2023-06-16,Y
KC104973,Coimbatore,TN,2022-11-22,N
KC104974,Hyderabad,TS,2023-03-30,N
KC104975,Bhopal,MP,2023-10-17,Y
KC104976,Hyderabad,TS,2026-07-05,Y
KC104977,Mysuru,KA,2024-11-16,N
KC104978,Indore,MP,2023-10-14,Y
KC104979,Kota,RJ,2023-09-21,Y
KC104980,Hubballi,KA,2022-11-19,Y
KC104981,Bengaluru,KA,2025-12-30,N
KC104982,Coimbatore,TN,2023-10-24,N
KC104983,Chennai,TN,2023-08-18,N
KC104984,Coimbatore,TN,2024-07-31,N
KC104985,Coimbatore,TN,2025-07-17,N
KC104986,Nagpur,MH,2025-04-10,N
KC104987,Delhi,DL,2024-09-10,N
KC104988,Nashik,MH,2022-12-21,N
KC104989,Chennai,TN,2022-10-30,N
KC104990,Mysuru,KA,2023-07-29,Y
KC104991,Aurangabad,MH,2025-06-12,N
KC104992,Delhi,DL,2025-02-24,N
KC104993,Delhi,DL,2023-05-29,N
KC104994,Hyderabad,TS,2023-10-11,N
KC104995,Hyderabad,TS,2024-08-03,N
KC104996,Coimbatore,TN,2023-03-17,N
KC104997,Bhopal,MP,2023-12-24,N
KC104998,Delhi,DL,2024-02-07,Y
KC104999,Bengaluru,KA,2026-03-30,N
KC105000,Mysuru,KA,2026-08-06,N
KC105001,Delhi,DL,2026-07-23,N
KC105002,Nashik,MH,2024-01-04,N
KC105003,Hubballi,KA,2023-07-09,N
KC105004,Indore,MP,2024-02-16,N
KC105005,Mysuru,KA,2024-07-24,N
KC105006,Lucknow,UP,2026-06-15,N
KC105007,Mysuru,KA,2022-11-20,N
KC105008,Nashik,MH,2025-12-19,N
KC105009,Hyderabad,TS,2023-06-21,Y
KC105010,Indore,MP,2022-12-03,N
KC105011,Coimbatore,TN,2025-07-24,N
KC105012,Mysuru,KA,2023-03-30,N
KC105013,Jaipur,RJ,2024-12-05,Y
KC105014,Coimbatore,TN,2026-05-16,N
KC105015,Lucknow,UP,2024-03-17,N
KC105016,Nashik,MH,2025-03-12,N
KC105017,Chennai,TN,2024-01-30,N
KC105018,Lucknow,UP,2025-08-23,N
KC105019,Hubballi,KA,2023-08-01,N
KC105020,Bengaluru,KA,2026-02-07,Y
KC105021,Delhi,DL,2026-04-12,N
KC105022,Jaipur,RJ,2025-06-22,N
KC105023,Lucknow,UP,2024-11-18,N
KC105024,Coimbatore,TN,2024-04-24,N
KC105025,Jaipur,RJ,2025-08-28,N
KC105026,Nashik,MH,2024-06-29,N
KC105027,Delhi,DL,2022-11-12,N
KC105028,Nagpur,MH,2026-06-19,Y
KC105029,Warangal,TS,2023-07-30,N
KC105030,Nashik,MH,2024-10-24,N
KC105031,Jaipur,RJ,2025-05-09,N
KC105032,Aurangabad,MH,2026-05-25,N
KC105033,Hyderabad,TS,2024-03-12,N
KC105034,Hyderabad,TS,2025-07-26,N
KC105035,Jaipur,RJ,2023-06-13,Y
KC105036,Chennai,TN,2024-12-27,Y
KC105037,Lucknow,UP,2022-12-06,N
KC105038,Indore,MP,2025-01-31,Y
KC105039,Indore,MP,2025-08-14,N
KC105040,Hubballi,KA,2023-07-02,N
KC105041,Kota,RJ,2024-02-25,N
KC105042,Jaipur,RJ,2024-09-14,N
KC105043,Chennai,TN,2026-01-07,Y
KC105044,Chennai,TN,2026-08-10,Y
KC105045,Hubballi,KA,2026-07-16,N
KC105046,Chennai,TN,2024-07-23,Y
KC105047,Mysuru,KA,2024-05-21,Y
KC105048,Jaipur,RJ,2024-07-26,N
KC105049,Indore,MP,2025-12-30,Y
KC105050,Indore,MP,2023-08-25,N
KC105051,Warangal,TS,2026-08-08,N
KC105052,Bengaluru,KA,2025-12-25,N
KC105053,Delhi,DL,2024-03-02,N
KC105054,Bhopal,MP,2024-06-28,Y
KC105055,Bengaluru,KA,2025-09-01,N
KC105056,Nashik,MH,2023-03-27,N
KC105057,Hyderabad,TS,2024-09-16,N
KC105058,Mumbai,MH,2023-03-21,N
KC105059,Mumbai,MH,2025-04-29,Y
KC105060,Warangal,TS,2024-02-28,N
KC105061,Coimbatore,TN,2024-11-10,N
KC105062,Delhi,DL,2023-08-06,Y
KC105063,Hyderabad,TS,2023-01-28,N
KC105064,Coimbatore,TN,2023-08-12,N
KC105065,Nashik,MH,2025-09-15,N
KC105066,Bhopal,MP,2025-10-19,Y
KC105067,Nashik,MH,2023-08-24,N
KC105068,Jaipur,RJ,2025-04-07,N
KC105069,Delhi,DL,2023-11-12,N
KC105070,Delhi,DL,2023-05-05,N
KC105071,Bhopal,MP,2023-11-21,N
KC105072,Chennai,TN,2024-07-01,N
KC105073,Delhi,DL,2026-02-01,N
KC105074,Bengaluru,KA,2026-02-10,N
KC105075,Bengaluru,KA,2026-05-23,N
KC105076,Lucknow,UP,2025-05-27,N
KC105077,Jaipur,RJ,2025-06-29,N
KC105078,Bhopal,MP,2024-07-27,Y
KC105079,Aurangabad,MH,2023-06-04,Y
KC105080,Bhopal,MP,2026-03-20,Y
KC105081,Bengaluru,KA,2025-09-15,Y
KC105082,Pune,MH,2024-11-05,N
KC105083,Delhi,DL,2024-10-28,N
KC105084,Nagpur,MH,2023-06-01,Y
KC105085,Nagpur,MH,2026-07-19,Y
KC105086,Indore,MP,2024-02-16,N
KC105087,Jaipur,RJ,2026-08-02,N
KC105088,Hyderabad,TS,2025-02-18,N
KC105089,Hubballi,KA,2024-02-21,N
KC105090,Hubballi,KA,2025-03-03,Y
KC105091,Nagpur,MH,2025-10-26,N
KC105092,Mysuru,KA,2026-05-29,Y
KC105093,Lucknow,UP,2025-04-11,Y
KC105094,Hyderabad,TS,2025-03-27,N
KC105095,Chennai,TN,2025-12-02,N
KC105096,Kota,RJ,2025-03-22,N
KC105097,Hyderabad,TS,2023-04-30,N
KC105098,Bengaluru,KA,2022-11-26,N
KC105099,Hubballi,KA,2026-01-21,N
KC105100,Bengaluru,KA,2022-10-19,Y
KC105101,Warangal,TS,2026-01-10,Y
KC105102,Jaipur,RJ,2024-02-10,Y
KC105103,Nashik,MH,2023-02-23,N
KC105104,Warangal,TS,2023-01-08,N
KC105105,Nagpur,MH,2024-11-20,Y
KC105106,Kota,RJ,2025-05-29,N
KC105107,Mumbai,MH,2024-03-28,N
KC105108,Bengaluru,KA,2023-05-19,N
KC105109,Coimbatore,TN,2023-02-08,N
KC105110,Mumbai,MH,2023-10-21,Y
KC105111,Hubballi,KA,2023-11-21,N
KC105112,Coimbatore,TN,2026-07-30,N
KC105113,Nagpur,MH,2025-01-31,N
KC105114,Mumbai,MH,2025-06-20,N
KC105115,Pune,MH,2025-01-22,N
KC105116,Aurangabad,MH,2025-12-20,N
KC105117,Warangal,TS,2025-10-22,Y
KC105118,Nashik,MH,2024-11-27,N
KC105119,Chennai,TN,2025-06-19,N
KC105120,Hyderabad,TS,2026-03-06,N
KC105121,Indore,MP,2026-03-12,N
KC105122,Lucknow,UP,2023-01-12,N
KC105123,Coimbatore,TN,2025-04-10,N
KC105124,Bhopal,MP,2023-05-19,N
KC105125,Mumbai,MH,2025-08-19,N
KC105126,Aurangabad,MH,2025-02-03,N
KC105127,Aurangabad,MH,2024-07-25,N
KC105128,Mumbai,MH,2025-01-11,N
KC105129,Chennai,TN,2026-05-07,Y
KC105130,Bhopal,MP,2024-08-24,N
KC105131,Aurangabad,MH,2024-11-27,Y
KC105132,Kota,RJ,2023-10-01,Y
KC105133,Pune,MH,2025-08-28,N
KC105134,Nagpur,MH,2023-10-29,N
KC105135,Kota,RJ,2026-08-10,N
KC105136,Nagpur,MH,2024-06-23,Y
KC105137,Mysuru,KA,2024-03-29,Y
KC105138,Delhi,DL,2026-03-19,N
KC105139,Bengaluru,KA,2026-04-14,N
KC105140,Bhopal,MP,2025-03-29,N
KC105141,Mysuru,KA,2023-06-10,N
KC105142,Kota,RJ,2025-08-06,N
KC105143,Indore,MP,2023-09-03,N
KC105144,Delhi,DL,2026-07-17,N
KC105145,Aurangabad,MH,2025-12-24,N
KC105146,Hubballi,KA,2023-10-20,Y
KC105147,Bengaluru,KA,2024-05-20,Y
KC105148,Indore,MP,2025-10-24,Y
KC105149,Indore,MP,2025-05-24,N
KC105150,Jaipur,RJ,2024-04-14,N
KC105151,Indore,MP,2024-02-23,N
KC105152,Chennai,TN,2024-12-20,N
KC105153,Mysuru,KA,2023-01-25,N
KC105154,Hyderabad,TS,2025-05-13,N
KC105155,Nashik,MH,2023-03-10,N
KC105156,Delhi,DL,2022-10-20,Y
KC105157,Bhopal,MP,2023-01-21,N
KC105158,Bengaluru,KA,2026-04-27,N
KC105159,Bhopal,MP,2025-08-27,N
KC105160,Hubballi,KA,2025-10-19,Y
KC105161,Coimbatore,TN,2023-08-08,N
KC105162,Bhopal,MP,2024-09-12,N
KC105163,Mumbai,MH,2023-03-03,N
KC105164,Aurangabad,MH,2025-04-29,N
KC105165,Coimbatore,TN,2024-03-25,Y
KC105166,Nagpur,MH,2026-03-09,N
KC105167,Mumbai,MH,2024-08-10,N
KC105168,Chennai,TN,2025-01-04,N
KC105169,Delhi,DL,2023-06-05,N
KC105170,Mumbai,MH,2026-02-04,Y
KC105171,Delhi,DL,2026-04-01,Y
KC105172,Chennai,TN,2023-10-27,N
KC105173,Kota,RJ,2023-05-31,Y
KC105174,Hubballi,KA,2024-05-31,N
KC105175,Chennai,TN,2025-03-23,Y
KC105176,Mumbai,MH,2022-11-26,N
KC105177,Nashik,MH,2022-12-15,N
KC105178,Warangal,TS,2026-04-08,Y
KC105179,Delhi,DL,2023-06-19,N
KC105180,Nashik,MH,2024-05-08,N
KC105181,Delhi,DL,2024-11-01,Y
KC105182,Mysuru,KA,2023-09-01,N
KC105183,Pune,MH,2026-01-17,Y
KC105184,Delhi,DL,2022-12-15,N
KC105185,Chennai,TN,2023-05-08,N
KC105186,Chennai,TN,2023-10-30,Y
KC105187,Bengaluru,KA,2026-05-11,Y
KC105188,Chennai,TN,2025-04-12,N
KC105189,Aurangabad,MH,2024-07-27,N
KC105190,Mumbai,MH,2025-08-05,Y
KC105191,Warangal,TS,2025-05-20,N
KC105192,Hubballi,KA,2024-09-21,N
KC105193,Indore,MP,2025-12-29,N
KC105194,Jaipur,RJ,2026-08-06,N
KC105195,Warangal,TS,2024-05-09,N
KC105196,Warangal,TS,2026-01-09,N
KC105197,Bhopal,MP,2026-04-27,Y
KC105198,Nashik,MH,2025-10-20,N
KC105199,Chennai,TN,2023-04-05,N
KC105200,Mysuru,KA,2026-05-14,N
KC105201,Kota,RJ,2023-10-04,N
KC105202,Bhopal,MP,2025-03-13,N
KC105203,Kota,RJ,2023-04-18,Y
KC105204,Nashik,MH,2022-10-25,N
KC105205,Hubballi,KA,2024-07-30,N
KC105206,Warangal,TS,2023-04-26,N
KC105207,Nagpur,MH,2023-05-15,Y
KC105208,Delhi,DL,2023-08-05,N
KC105209,Delhi,DL,2024-04-02,N
KC105210,Aurangabad,MH,2024-11-28,N
KC105211,Lucknow,UP,2025-04-18,N
KC105212,Bengaluru,KA,2025-08-31,N
KC105213,Indore,MP,2023-08-26,N
KC105214,Delhi,DL,2024-06-24,Y
KC105215,Jaipur,RJ,2025-12-12,Y
KC105216,Hyderabad,TS,2023-05-02,Y
KC105217,Mysuru,KA,2025-06-14,N
KC105218,Pune,MH,2023-11-29,Y
KC105219,Indore,MP,2026-04-23,N
KC105220,Bengaluru,KA,2025-08-09,N
KC105221,Indore,MP,2023-02-19,N
KC105222,Bhopal,MP,2026-05-14,N
KC105223,Lucknow,UP,2023-03-09,N
KC105224,Kota,RJ,2024-12-28,Y
KC105225,Lucknow,UP,2024-07-03,N
KC105226,Kota,RJ,2025-10-10,N
KC105227,Kota,RJ,2025-02-26,N
KC105228,Aurangabad,MH,2023-07-12,N
KC105229,Warangal,TS,2026-03-23,N
KC105230,Chennai,TN,2025-08-28,Y
KC105231,Nashik,MH,2025-06-10,N
KC105232,Hyderabad,TS,2024-11-14,N
KC105233,Bengaluru,KA,2025-05-20,N
KC105234,Pune,MH,2024-01-22,N
KC105235,Delhi,DL,2024-10-15,N
KC105236,Mumbai,MH,2026-03-06,N
KC105237,Indore,MP,2025-03-03,N
KC105238,Mumbai,MH,2025-11-08,N
KC105239,Aurangabad,MH,2025-05-20,N
KC105240,Bhopal,MP,2024-05-04,N
KC105241,Chennai,TN,2025-05-08,N
KC105242,Chennai,TN,2025-02-10,N
KC105243,Chennai,TN,2025-08-11,N
KC105244,Mysuru,KA,2026-08-08,Y
KC105245,Warangal,TS,2023-08-28,Y
KC105246,Aurangabad,MH,2025-09-24,N
KC105247,Lucknow,UP,2026-06-03,N
KC105248,Warangal,TS,2026-03-11,N
KC105249,Mysuru,KA,2025-01-21,N
KC105250,Jaipur,RJ,2026-08-03,N
KC105251,Mumbai,MH,2025-01-05,N
KC105252,Nashik,MH,2023-02-02,N
KC105253,Nashik,MH,2022-11-07,Y
KC105254,Mysuru,KA,2023-11-28,Y
KC105255,Jaipur,RJ,2025-03-28,N
KC105256,Chennai,TN,2026-03-22,N
KC105257,Nashik,MH,2025-06-15,Y
KC105258,Bengaluru,KA,2023-06-04,N
KC105259,Bhopal,MP,2024-04-15,N
KC105260,Kota,RJ,2026-08-02,N
KC105261,Indore,MP,2025-12-15,N
KC105262,Jaipur,RJ,2024-04-04,N
KC105263,Mumbai,MH,2023-08-27,Y
KC105264,Jaipur,RJ,2024-08-27,N
KC105265,Indore,MP,2022-11-21,N
KC105266,Indore,MP,2025-09-06,Y
KC105267,Mysuru,KA,2024-04-28,N
KC105268,Nagpur,MH,2023-01-14,Y
KC105269,Mumbai,MH,2024-11-10,N
KC105270,Hubballi,KA,2023-08-28,N
KC105271,Indore,MP,2026-06-28,N
KC105272,Aurangabad,MH,2026-01-24,N
KC105273,Mumbai,MH,2022-12-24,Y
KC105274,Indore,MP,2023-03-21,N
KC105275,Bengaluru,KA,2026-06-13,N
KC105276,Pune,MH,2023-06-26,Y
KC105277,Jaipur,RJ,2023-07-03,N
KC105278,Warangal,TS,2026-02-01,Y
KC105279,Warangal,TS,2025-05-12,Y
KC105280,Nashik,MH,2023-03-15,N
KC105281,Pune,MH,2025-05-06,N
KC105282,Indore,MP,2024-05-11,N
KC105283,Bhopal,MP,2025-02-20,Y
KC105284,Lucknow,UP,2025-07-11,Y
KC105285,Bhopal,MP,2025-11-28,N
KC105286,Hubballi,KA,2026-06-12,N
KC105287,Nashik,MH,2024-10-23,Y
KC105288,Bhopal,MP,2025-12-12,N
KC105289,Kota,RJ,2024-04-24,N
KC105290,Delhi,DL,2025-08-13,N
KC105291,Lucknow,UP,2024-11-02,N
KC105292,Bengaluru,KA,2025-02-11,N
KC105293,Nashik,MH,2024-05-12,N
KC105294,Nashik,MH,2026-03-22,N
KC105295,Chennai,TN,2023-02-02,N
KC105296,Delhi,DL,2024-06-26,Y
KC105297,Coimbatore,TN,2024-09-17,Y
KC105298,Lucknow,UP,2024-02-02,N
KC105299,Indore,MP,2025-04-01,N
KC105300,Jaipur,RJ,2026-04-13,N
KC105301,Kota,RJ,2023-08-23,N
KC105302,Nagpur,MH,2023-04-25,N
KC105303,Bengaluru,KA,2025-05-03,N
KC105304,Indore,MP,2026-07-19,N
KC105305,Hubballi,KA,2026-04-27,N
KC105306,Hyderabad,TS,2023-05-07,N
KC105307,Pune,MH,2023-03-04,N
KC105308,Mumbai,MH,2025-02-20,N
KC105309,Indore,MP,2025-05-02,N
KC105310,Nagpur,MH,2024-12-25,Y
KC105311,Nashik,MH,2023-01-04,N
KC105312,Coimbatore,TN,2026-01-23,N
KC105313,Lucknow,UP,2026-07-21,N
KC105314,Coimbatore,TN,2025-03-13,N
KC105315,Coimbatore,TN,2023-12-24,N
KC105316,Lucknow,UP,2024-01-26,N
KC105317,Lucknow,UP,2026-04-04,N
KC105318,Mysuru,KA,2024-07-05,N
KC105319,Indore,MP,2023-07-05,N
KC105320,Nagpur,MH,2025-08-10,Y
KC105321,Aurangabad,MH,2026-01-15,N
KC105322,Nashik,MH,2023-05-29,Y
KC105323,Pune,MH,2024-05-09,N
KC105324,Mysuru,KA,2023-10-14,N
KC105325,Nashik,MH,2024-07-30,N
KC105326,Kota,RJ,2025-07-08,N
KC105327,Mumbai,MH,2024-05-24,N
KC105328,Bengaluru,KA,2023-08-20,Y
KC105329,Chennai,TN,2026-01-27,N
KC105330,Aurangabad,MH,2025-05-26,N
KC105331,Warangal,TS,2022-10-23,N
KC105332,Mysuru,KA,2024-06-11,Y
KC105333,Hubballi,KA,2026-06-29,Y
KC105334,Bengaluru,KA,2023-11-04,Y
KC105335,Hubballi,KA,2023-09-27,Y
KC105336,Aurangabad,MH,2025-05-11,N
KC105337,Delhi,DL,2023-02-13,Y
KC105338,Aurangabad,MH,2024-05-07,Y
KC105339,Aurangabad,MH,2023-12-01,N
KC105340,Nagpur,MH,2023-12-23,N
KC105341,Warangal,TS,2023-09-23,N
KC105342,Hyderabad,TS,2023-10-10,N
KC105343,Indore,MP,2024-11-19,N
KC105344,Delhi,DL,2026-07-31,N
KC105345,Pune,MH,2025-12-15,N
KC105346,Hyderabad,TS,2023-07-01,N
KC105347,Coimbatore,TN,2023-04-04,N
KC105348,Aurangabad,MH,2025-10-23,Y
KC105349,Hyderabad,TS,2024-05-17,N
KC105350,Nagpur,MH,2026-05-12,N
KC105351,Nashik,MH,2022-10-30,N
KC105352,Mumbai,MH,2026-08-08,Y
KC105353,Pune,MH,2024-10-05,N
KC105354,Chennai,TN,2024-08-16,N
KC105355,Hyderabad,TS,2023-09-24,Y
KC105356,Aurangabad,MH,2023-05-31,N
KC105357,Mysuru,KA,2026-05-19,N
KC105358,Warangal,TS,2025-10-19,N
KC105359,Coimbatore,TN,2026-08-03,N
KC105360,Jaipur,RJ,2023-04-02,N
KC105361,Chennai,TN,2026-03-23,N
KC105362,Warangal,TS,2023-06-23,N
KC105363,Nagpur,MH,2023-08-14,Y
KC105364,Chennai,TN,2024-02-13,N
KC105365,Warangal,TS,2023-09-27,N
KC105366,Delhi,DL,2023-11-18,N
KC105367,Mysuru,KA,2024-05-04,N
KC105368,Indore,MP,2023-12-03,N
KC105369,Coimbatore,TN,2024-12-25,Y
KC105370,Coimbatore,TN,2025-04-18,N
KC105371,Mumbai,MH,2025-11-01,N
KC105372,Jaipur,RJ,2023-12-30,Y
KC105373,Nagpur,MH,2025-09-27,Y
KC105374,Mysuru,KA,2023-07-17,N
KC105375,Bhopal,MP,2024-11-03,N
KC105376,Jaipur,RJ,2025-07-05,N
KC105377,Nashik,MH,2023-06-15,N
KC105378,Bengaluru,KA,2023-07-16,N
KC105379,Bengaluru,KA,2026-03-08,N
KC105380,Delhi,DL,2025-07-06,N
KC105381,Mysuru,KA,2026-07-07,N
KC105382,Aurangabad,MH,2023-11-28,N
KC105383,Bengaluru,KA,2023-03-05,Y
KC105384,Aurangabad,MH,2023-08-28,Y
KC105385,Hyderabad,TS,2022-10-17,N
KC105386,Coimbatore,TN,2023-07-31,N
KC105387,Kota,RJ,2024-07-08,N
KC105388,Hubballi,KA,2023-06-10,N
KC105389,Delhi,DL,2022-11-01,N
KC105390,Bengaluru,KA,2024-02-15,N
KC105391,Nagpur,MH,2024-10-17,N
KC105392,Mumbai,MH,2025-12-20,Y
KC105393,Coimbatore,TN,2025-10-12,N
KC105394,Delhi,DL,2025-08-22,N
KC105395,Bhopal,MP,2026-08-04,N
KC105396,Mumbai,MH,2023-02-01,N
KC105397,Bengaluru,KA,2025-02-27,N
KC105398,Mysuru,KA,2023-12-16,N
KC105399,Jaipur,RJ,2025-09-10,N
KC105400,Mysuru,KA,2024-07-20,Y
KC105401,Nagpur,MH,2026-06-06,N
KC105402,Mysuru,KA,2025-10-05,Y
KC105403,Pune,MH,2024-04-03,N
KC105404,Bengaluru,KA,2022-12-28,N
KC105405,Chennai,TN,2023-10-28,N
KC105406,Nashik,MH,2023-06-23,N
KC105407,Warangal,TS,2022-10-22,N
KC105408,Bengaluru,KA,2026-06-27,N
KC105409,Hubballi,KA,2025-06-24,Y
KC105410,Bhopal,MP,2023-10-07,Y
KC105411,Aurangabad,MH,2022-11-13,N
KC105412,Aurangabad,MH,2025-02-23,Y
KC105413,Delhi,DL,2022-10-27,N
KC105414,Warangal,TS,2024-10-05,N
KC105415,Coimbatore,TN,2023-09-08,Y
KC105416,Kota,RJ,2024-02-06,N
KC105417,Indore,MP,2024-02-19,N
KC105418,Bhopal,MP,2026-01-16,N
KC105419,Warangal,TS,2024-05-12,N
KC105420,Nashik,MH,2025-07-25,N
KC105421,Kota,RJ,2023-02-26,Y
KC105422,Mysuru,KA,2023-04-10,N
KC105423,Nashik,MH,2024-04-02,N
KC105424,Hubballi,KA,2025-06-28,N
KC105425,Indore,MP,2023-11-19,N
KC105426,Bhopal,MP,2023-07-13,N
KC105427,Chennai,TN,2024-03-13,N
KC105428,Pune,MH,2025-09-08,N
KC105429,Nagpur,MH,2024-12-07,N
KC105430,Hubballi,KA,2024-10-02,Y
KC105431,Delhi,DL,2025-03-26,Y
KC105432,Indore,MP,2024-08-24,Y
KC105433,Hyderabad,TS,2025-07-17,N
KC105434,Bengaluru,KA,2026-06-19,N
KC105435,Mysuru,KA,2024-04-13,N
KC105436,Kota,RJ,2025-05-28,N
KC105437,Bhopal,MP,2023-12-02,N
KC105438,Warangal,TS,2026-05-08,Y
KC105439,Hyderabad,TS,2022-12-08,N
KC105440,Mumbai,MH,2026-03-01,N
KC105441,Nagpur,MH,2023-03-09,N
KC105442,Jaipur,RJ,2023-07-31,N
KC105443,Bengaluru,KA,2023-08-18,N
KC105444,Nashik,MH,2024-05-24,N
KC105445,Bengaluru,KA,2023-02-10,N
KC105446,Aurangabad,MH,2025-12-29,Y
KC105447,Aurangabad,MH,2026-03-19,N
KC105448,Pune,MH,2023-05-11,N
KC105449,Mysuru,KA,2022-11-15,N
KC105450,Aurangabad,MH,2023-11-26,N
KC105451,Mumbai,MH,2026-07-07,N
KC105452,Coimbatore,TN,2023-02-18,N
KC105453,Pune,MH,2025-08-08,N
KC105454,Mumbai,MH,2023-11-08,N
KC105455,Kota,RJ,2025-02-10,N
KC105456,Coimbatore,TN,2025-02-12,N
KC105457,Coimbatore,TN,2025-01-02,N
KC105458,Chennai,TN,2022-12-15,N
KC105459,Delhi,DL,2024-07-13,N
KC105460,Chennai,TN,2023-01-03,N
KC105461,Kota,RJ,2023-04-11,N
KC105462,Mysuru,KA,2023-10-03,Y
KC105463,Chennai,TN,2023-03-10,N
KC105464,Bhopal,MP,2025-12-04,N
KC105465,Bengaluru,KA,2026-01-19,Y
KC105466,Chennai,TN,2025-07-30,N
KC105467,Delhi,DL,2026-04-25,N
KC105468,Indore,MP,2023-08-28,N
KC105469,Lucknow,UP,2024-02-05,Y
KC105470,Chennai,TN,2023-06-29,N
KC105471,Delhi,DL,2024-12-15,Y
KC105472,Nagpur,MH,2024-05-05,N
KC105473,Nagpur,MH,2023-01-11,N
KC105474,Warangal,TS,2026-03-24,N
KC105475,Kota,RJ,2026-05-30,N
KC105476,Hubballi,KA,2026-05-23,N
KC105477,Kota,RJ,2023-11-08,N
KC105478,Nagpur,MH,2025-09-28,N
KC105479,Warangal,TS,2024-07-15,N
KC105480,Jaipur,RJ,2026-01-29,N
KC105481,Delhi,DL,2022-12-22,N
KC105482,Kota,RJ,2026-08-05,N
KC105483,Nashik,MH,2025-11-29,N
KC105484,Hubballi,KA,2025-10-25,N
KC105485,Mumbai,MH,2026-08-02,N
KC105486,Chennai,TN,2025-03-19,N
KC105487,Bhopal,MP,2024-07-17,N
KC105488,Aurangabad,MH,2023-12-07,N
KC105489,Indore,MP,2026-05-27,N
KC105490,Mysuru,KA,2024-02-13,N
KC105491,Nagpur,MH,2023-05-12,N
KC105492,Pune,MH,2024-09-26,N
KC105493,Chennai,TN,2025-04-18,N
KC105494,Jaipur,RJ,2025-04-25,Y
KC105495,Chennai,TN,2024-01-20,Y
KC105496,Indore,MP,2023-05-27,N
KC105497,Pune,MH,2026-06-10,Y
KC105498,Mumbai,MH,2025-07-29,N
KC105499,Hubballi,KA,2025-06-04,N
KC105500,Delhi,DL,2024-06-08,Y
KC105501,Indore,MP,2023-04-03,Y
KC105502,Hubballi,KA,2026-06-12,N
KC105503,Lucknow,UP,2024-03-01,N
KC105504,Aurangabad,MH,2024-03-28,N
KC105505,Pune,MH,2025-12-16,N
KC105506,Aurangabad,MH,2025-11-23,Y
KC105507,Chennai,TN,2026-04-29,N
KC105508,Bengaluru,KA,2024-01-23,N
KC105509,Aurangabad,MH,2022-11-04,Y
KC105510,Nagpur,MH,2026-03-12,N
KC105511,Hubballi,KA,2023-12-09,N
KC105512,Hubballi,KA,2026-06-16,N
KC105513,Hubballi,KA,2023-05-30,Y
KC105514,Mysuru,KA,2024-12-31,N
KC105515,Hubballi,KA,2026-01-21,Y
KC105516,Hyderabad,TS,2024-03-26,N
KC105517,Coimbatore,TN,2023-02-20,N
KC105518,Mysuru,KA,2025-10-24,N
KC105519,Hyderabad,TS,2025-04-08,Y
KC105520,Lucknow,UP,2024-12-27,N
KC105521,Hubballi,KA,2025-01-21,N
KC105522,Bhopal,MP,2023-02-06,N
KC105523,Jaipur,RJ,2026-04-02,N
KC105524,Jaipur,RJ,2025-12-02,Y
KC105525,Chennai,TN,2026-02-23,N
KC105526,Nagpur,MH,2023-01-10,N
KC105527,Mumbai,MH,2023-05-07,N
KC105528,Delhi,DL,2024-05-24,N
KC105529,Lucknow,UP,2023-03-23,N
KC105530,Bengaluru,KA,2025-09-26,N
KC105531,Jaipur,RJ,2025-07-03,N
KC105532,Delhi,DL,2025-08-11,N
KC105533,Nashik,MH,2025-01-02,N
KC105534,Coimbatore,TN,2023-05-14,N
KC105535,Coimbatore,TN,2023-02-18,N
KC105536,Warangal,TS,2025-12-26,Y
KC105537,Hyderabad,TS,2023-06-07,Y
KC105538,Jaipur,RJ,2026-07-26,N
KC105539,Bhopal,MP,2024-04-08,N
KC105540,Hyderabad,TS,2023-02-25,N
KC105541,Chennai,TN,2023-11-08,N
KC105542,Bengaluru,KA,2026-08-03,N
KC105543,Hubballi,KA,2023-05-07,N
KC105544,Bhopal,MP,2023-03-28,N
KC105545,Chennai,TN,2023-10-20,Y
KC105546,Mumbai,MH,2026-02-25,Y
KC105547,Mumbai,MH,2025-06-04,N
KC105548,Bhopal,MP,2023-07-29,N
KC105549,Nashik,MH,2024-12-28,N
KC105550,Warangal,TS,2023-10-22,N
KC105551,Chennai,TN,2026-07-27,N
KC105552,Jaipur,RJ,2026-07-05,N
KC105553,Coimbatore,TN,2025-04-20,N
KC105554,Nashik,MH,2024-12-07,N
KC105555,Kota,RJ,2024-08-09,Y
KC105556,Hubballi,KA,2023-10-10,N
KC105557,Delhi,DL,2025-01-16,N
KC105558,Lucknow,UP,2024-09-04,Y
KC105559,Indore,MP,2024-10-24,N
KC105560,Jaipur,RJ,2025-02-08,N
KC105561,Jaipur,RJ,2025-11-20,N
KC105562,Delhi,DL,2025-10-22,N
KC105563,Pune,MH,2026-01-14,N
KC105564,Lucknow,UP,2024-06-11,N
KC105565,Nagpur,MH,2025-06-14,N
KC105566,Chennai,TN,2023-03-01,Y
KC105567,Delhi,DL,2026-01-13,N
KC105568,Chennai,TN,2024-05-23,Y
KC105569,Lucknow,UP,2025-05-19,N
KC105570,Jaipur,RJ,2024-04-01,N
KC105571,Delhi,DL,2023-10-20,Y
KC105572,Aurangabad,MH,2024-01-14,N
KC105573,Warangal,TS,2024-12-21,N
KC105574,Hyderabad,TS,2024-08-05,N
KC105575,Mumbai,MH,2025-10-31,N
KC105576,Mumbai,MH,2023-09-18,N
KC105577,Pune,MH,2025-06-11,N
KC105578,Mysuru,KA,2023-08-14,N
KC105579,Nashik,MH,2023-08-07,N
KC105580,Nashik,MH,2023-04-18,N
KC105581,Chennai,TN,2023-05-06,N
KC105582,Coimbatore,TN,2025-04-16,Y
KC105583,Bengaluru,KA,2026-01-23,N
KC105584,Mumbai,MH,2023-03-07,N
KC105585,Delhi,DL,2023-01-08,Y
KC105586,Kota,RJ,2024-12-03,N
KC105587,Nagpur,MH,2024-03-13,Y
KC105588,Hubballi,KA,2024-10-04,Y
KC105589,Delhi,DL,2023-03-07,N
KC105590,Mumbai,MH,2025-06-15,N
KC105591,Hyderabad,TS,2023-10-28,N
KC105592,Jaipur,RJ,2022-12-17,N
KC105593,Aurangabad,MH,2025-06-19,N
KC105594,Hyderabad,TS,2024-11-25,N
KC105595,Warangal,TS,2025-10-14,N
KC105596,Jaipur,RJ,2024-06-02,N
KC105597,Aurangabad,MH,2024-05-05,N
KC105598,Lucknow,UP,2024-04-16,N
KC105599,Lucknow,UP,2023-04-27,N
KC105600,Indore,MP,2026-02-14,N
KC105601,Nashik,MH,2024-08-08,N
KC105602,Delhi,DL,2025-06-14,N
KC105603,Kota,RJ,2025-01-29,N
KC105604,Jaipur,RJ,2024-01-29,N
KC105605,Mysuru,KA,2022-11-06,N
KC105606,Kota,RJ,2025-05-11,N
KC105607,Kota,RJ,2022-11-22,N
KC105608,Pune,MH,2023-03-04,N
KC105609,Kota,RJ,2024-11-15,N
KC105610,Bengaluru,KA,2025-08-29,N
KC105611,Bhopal,MP,2024-06-24,N
KC105612,Lucknow,UP,2023-02-04,N
KC105613,Mysuru,KA,2025-09-07,N
KC105614,Coimbatore,TN,2026-07-21,N
KC105615,Delhi,DL,2024-04-12,N
KC105616,Coimbatore,TN,2023-11-19,N
KC105617,Coimbatore,TN,2023-09-26,Y
KC105618,Jaipur,RJ,2023-03-27,N
KC105619,Chennai,TN,2022-12-07,Y
KC105620,Chennai,TN,2025-05-07,N
KC105621,Lucknow,UP,2025-02-08,N
KC105622,Mumbai,MH,2024-05-14,Y
KC105623,Lucknow,UP,2025-09-10,N
KC105624,Indore,MP,2023-10-11,N
KC105625,Hubballi,KA,2025-05-30,Y
KC105626,Mumbai,MH,2026-01-18,N
KC105627,Bengaluru,KA,2023-01-13,Y
KC105628,Bengaluru,KA,2024-07-08,Y
KC105629,Kota,RJ,2023-07-28,N
KC105630,Kota,RJ,2025-04-15,Y
KC105631,Aurangabad,MH,2024-10-11,N
KC105632,Jaipur,RJ,2025-03-02,N
KC105633,Pune,MH,2022-10-23,N
KC105634,Hyderabad,TS,2026-04-14,N
KC105635,Aurangabad,MH,2026-03-21,N
KC105636,Hubballi,KA,2024-05-20,N
KC105637,Jaipur,RJ,2025-08-31,N
KC105638,Aurangabad,MH,2024-05-12,N
KC105639,Mysuru,KA,2025-03-16,Y
KC105640,Warangal,TS,2025-02-23,N
KC105641,Kota,RJ,2026-05-02,N
KC105642,Mumbai,MH,2025-01-16,N
KC105643,Bengaluru,KA,2023-03-05,N
KC105644,Chennai,TN,2023-02-10,N
KC105645,Nashik,MH,2023-11-05,Y
KC105646,Pune,MH,2026-02-16,Y
KC105647,Warangal,TS,2024-03-03,N
KC105648,Indore,MP,2024-10-13,N
KC105649,Aurangabad,MH,2023-06-09,N
KC105650,Kota,RJ,2026-06-21,N
KC105651,Jaipur,RJ,2023-02-03,Y
KC105652,Warangal,TS,2024-12-16,N
KC105653,Mumbai,MH,2026-06-12,N
KC105654,Coimbatore,TN,2026-05-21,N
KC105655,Mumbai,MH,2024-06-07,N
KC105656,Hubballi,KA,2026-03-19,N
KC105657,Jaipur,RJ,2022-11-19,N
KC105658,Mysuru,KA,2024-01-02,N
KC105659,Jaipur,RJ,2022-12-15,N
KC105660,Nashik,MH,2025-09-26,N
KC105661,Indore,MP,2025-02-22,N
KC105662,Aurangabad,MH,2026-03-19,Y
KC105663,Mysuru,KA,2022-12-13,N
KC105664,Jaipur,RJ,2024-01-18,N
KC105665,Nashik,MH,2023-06-22,N
KC105666,Aurangabad,MH,2024-01-07,N
KC105667,Hyderabad,TS,2024-05-29,Y
KC105668,Nagpur,MH,2026-02-07,N
KC105669,Indore,MP,2025-08-16,N
KC105670,Indore,MP,2026-02-12,N
KC105671,Mumbai,MH,2026-04-11,N
KC105672,Pune,MH,2025-12-12,N
KC105673,Warangal,TS,2026-04-14,Y
KC105674,Jaipur,RJ,2024-04-29,N
KC105675,Jaipur,RJ,2025-05-31,Y
KC105676,Hyderabad,TS,2023-05-17,Y
KC105677,Bhopal,MP,2023-11-08,N
KC105678,Mysuru,KA,2026-08-14,N
KC105679,Hubballi,KA,2023-05-15,N
KC105680,Aurangabad,MH,2026-07-05,N
KC105681,Warangal,TS,2026-06-13,N
KC105682,Hubballi,KA,2025-09-28,N
KC105683,Indore,MP,2023-08-24,N
KC105684,Lucknow,UP,2025-03-18,N
KC105685,Mysuru,KA,2026-05-04,N
KC105686,Delhi,DL,2026-01-30,Y
KC105687,Delhi,DL,2022-11-16,N
KC105688,Mysuru,KA,2024-08-29,N
KC105689,Nashik,MH,2025-07-30,N
KC105690,Kota,RJ,2023-09-19,Y
KC105691,Nashik,MH,2023-06-19,N
KC105692,Coimbatore,TN,2023-06-24,N
KC105693,Nashik,MH,2025-07-18,N
KC105694,Nashik,MH,2026-02-09,N
KC105695,Jaipur,RJ,2023-03-26,N
KC105696,Indore,MP,2024-09-01,N
KC105697,Hubballi,KA,2024-12-15,N
KC105698,Bengaluru,KA,2024-11-19,N
KC105699,Hyderabad,TS,2023-07-05,Y
KC105700,Kota,RJ,2024-02-25,N
KC105701,Hubballi,KA,2026-04-20,N
KC105702,Coimbatore,TN,2024-10-13,N
KC105703,Mumbai,MH,2024-09-01,Y
KC105704,Nagpur,MH,2025-05-25,N
KC105705,Jaipur,RJ,2023-01-01,N
KC105706,Nagpur,MH,2023-07-11,N
KC105707,Coimbatore,TN,2024-02-11,N
KC105708,Jaipur,RJ,2023-12-20,N
KC105709,Pune,MH,2023-09-22,N
KC105710,Jaipur,RJ,2023-04-21,N
KC105711,Indore,MP,2025-07-22,N
KC105712,Kota,RJ,2023-09-09,N
KC105713,Nagpur,MH,2025-10-07,Y
KC105714,Mumbai,MH,2026-08-09,Y
KC105715,Pune,MH,2023-05-11,Y
KC105716,Chennai,TN,2023-10-14,N
KC105717,Hyderabad,TS,2023-06-16,Y
KC105718,Warangal,TS,2024-10-30,Y
KC105719,Kota,RJ,2023-01-14,N
KC105720,Aurangabad,MH,2022-12-18,N
KC105721,Aurangabad,MH,2025-05-21,N
KC105722,Coimbatore,TN,2024-08-22,N
KC105723,Indore,MP,2025-02-05,N
KC105724,Kota,RJ,2025-08-20,N
KC105725,Aurangabad,MH,2025-02-03,N
KC105726,Lucknow,UP,2023-11-18,N
KC105727,Bengaluru,KA,2025-01-09,N
KC105728,Aurangabad,MH,2023-04-05,N
KC105729,Warangal,TS,2024-08-28,N
KC105730,Delhi,DL,2024-02-14,N
KC105731,Chennai,TN,2024-11-01,N
KC105732,Delhi,DL,2026-08-12,Y
KC105733,Coimbatore,TN,2023-06-25,N
KC105734,Pune,MH,2022-11-20,N
KC105735,Bhopal,MP,2024-12-11,N
KC105736,Lucknow,UP,2023-04-25,N
KC105737,Chennai,TN,2026-07-23,N
KC105738,Chennai,TN,2026-05-30,N
KC105739,Jaipur,RJ,2025-10-22,N
KC105740,Jaipur,RJ,2023-03-13,N
KC105741,Indore,MP,2024-03-18,N
KC105742,Bengaluru,KA,2023-03-14,N
KC105743,Hyderabad,TS,2024-12-20,N
KC105744,Delhi,DL,2023-01-29,N
KC105745,Hubballi,KA,2023-11-25,N
KC105746,Hubballi,KA,2025-08-09,N
KC105747,Bengaluru,KA,2025-02-01,N
KC105748,Chennai,TN,2025-09-07,N
KC105749,Aurangabad,MH,2024-05-29,N
KC105750,Delhi,DL,2024-04-10,N
KC105751,Warangal,TS,2024-08-31,N
KC105752,Mysuru,KA,2023-10-09,Y
KC105753,Mysuru,KA,2022-10-16,N
KC105754,Jaipur,RJ,2024-11-16,N
KC105755,Coimbatore,TN,2024-01-17,N
KC105756,Chennai,TN,2025-06-07,N
KC105757,Bhopal,MP,2023-08-06,Y
KC105758,Chennai,TN,2026-04-02,Y
KC105759,Kota,RJ,2025-10-11,N
KC105760,Warangal,TS,2025-09-16,Y
KC105761,Delhi,DL,2025-11-23,Y
KC105762,Lucknow,UP,2026-07-29,N
KC105763,Nagpur,MH,2026-01-01,N
KC105764,Mumbai,MH,2024-10-30,N
KC105765,Aurangabad,MH,2022-11-04,Y
KC105766,Hyderabad,TS,2025-04-29,N
KC105767,Kota,RJ,2023-11-18,N
KC105768,Coimbatore,TN,2026-06-12,N
KC105769,Aurangabad,MH,2025-02-06,Y
KC105770,Kota,RJ,2023-09-08,Y
KC105771,Mumbai,MH,2025-10-23,N
KC105772,Mumbai,MH,2026-04-26,N
KC105773,Kota,RJ,2025-07-27,N
KC105774,Warangal,TS,2024-08-15,N
KC105775,Kota,RJ,2024-09-01,N
KC105776,Aurangabad,MH,2026-05-03,N
KC105777,Indore,MP,2025-12-26,Y
KC105778,Lucknow,UP,2024-01-24,N
KC105779,Nashik,MH,2023-07-26,Y
KC105780,Nashik,MH,2023-11-03,N
KC105781,Indore,MP,2023-10-05,Y
KC105782,Warangal,TS,2025-11-10,Y
KC105783,Nashik,MH,2024-05-25,N
KC105784,Delhi,DL,2024-01-31,N
KC105785,Aurangabad,MH,2025-12-07,Y
KC105786,Delhi,DL,2025-10-27,N
KC105787,Hubballi,KA,2024-08-04,N
KC105788,Bengaluru,KA,2023-02-08,N
KC105789,Delhi,DL,2023-02-05,N
KC105790,Jaipur,RJ,2026-04-04,N
KC105791,Coimbatore,TN,2026-01-02,N
KC105792,Hubballi,KA,2024-07-22,N
KC105793,Hyderabad,TS,2025-03-25,N
KC105794,Coimbatore,TN,2023-07-07,N
KC105795,Indore,MP,2023-09-15,N
KC105796,Delhi,DL,2023-08-15,N
KC105797,Warangal,TS,2023-01-08,N
KC105798,Mysuru,KA,2024-08-23,Y
KC105799,Delhi,DL,2024-02-05,N
KC105800,Delhi,DL,2026-07-17,Y
KC105801,Nashik,MH,2023-09-20,Y
KC105802,Bengaluru,KA,2025-08-07,N
KC105803,Delhi,DL,2026-06-18,N
KC105804,Nashik,MH,2024-12-11,Y
KC105805,Delhi,DL,2025-12-13,N
KC105806,Nashik,MH,2022-12-26,N
KC105807,Bhopal,MP,2026-07-22,N
KC105808,Mumbai,MH,2024-11-30,N
KC105809,Chennai,TN,2026-05-21,N
KC105810,Hyderabad,TS,2024-07-02,N
KC105811,Aurangabad,MH,2022-12-14,N
KC105812,Aurangabad,MH,2023-02-28,N
KC105813,Delhi,DL,2024-09-30,N
KC105814,Nashik,MH,2023-11-22,N
KC105815,Kota,RJ,2024-11-14,N
KC105816,Mysuru,KA,2025-06-13,N
KC105817,Lucknow,UP,2023-03-25,N
KC105818,Pune,MH,2022-11-11,N
KC105819,Hyderabad,TS,2024-02-25,N
KC105820,Kota,RJ,2024-09-04,N
KC105821,Nagpur,MH,2023-06-22,N
KC105822,Bhopal,MP,2024-12-04,N
KC105823,Jaipur,RJ,2024-05-02,Y
KC105824,Aurangabad,MH,2024-11-10,Y
KC105825,Hubballi,KA,2025-02-02,N
KC105826,Kota,RJ,2025-05-19,N
KC105827,Bengaluru,KA,2023-03-15,Y
KC105828,Indore,MP,2026-05-02,N
KC105829,Indore,MP,2023-08-10,N
KC105830,Coimbatore,TN,2024-09-01,N
KC105831,Warangal,TS,2023-07-02,N
KC105832,Indore,MP,2025-03-06,N
KC105833,Bhopal,MP,2026-07-15,N
KC105834,Mysuru,KA,2023-02-05,Y
KC105835,Mysuru,KA,2023-05-13,N
KC105836,Aurangabad,MH,2024-10-22,N
KC105837,Mumbai,MH,2024-08-19,Y
KC105838,Pune,MH,2023-11-30,N
KC105839,Hyderabad,TS,2025-10-17,N
KC105840,Jaipur,RJ,2023-10-06,N
KC105841,Coimbatore,TN,2024-04-16,N
KC105842,Nashik,MH,2023-02-23,N
KC105843,Bengaluru,KA,2024-05-18,Y
KC105844,Pune,MH,2026-05-11,N
KC105845,Mysuru,KA,2025-09-03,N
KC105846,Kota,RJ,2025-02-19,N
KC105847,Nagpur,MH,2024-11-15,N
KC105848,Nashik,MH,2024-03-08,N
KC105849,Warangal,TS,2026-06-04,N
KC105850,Indore,MP,2024-09-28,N
KC105851,Hyderabad,TS,2022-11-14,Y
KC105852,Coimbatore,TN,2024-01-03,N
KC105853,Jaipur,RJ,2025-11-20,N
KC105854,Hyderabad,TS,2026-06-06,Y
KC105855,Bengaluru,KA,2024-10-30,N
KC105856,Delhi,DL,2024-03-15,N
KC105857,Mysuru,KA,2025-11-08,N
KC105858,Bhopal,MP,2025-01-27,N
KC105859,Coimbatore,TN,2026-06-17,N
KC105860,Hyderabad,TS,2025-01-19,Y
KC105861,Mumbai,MH,2023-04-17,N
KC105862,Bhopal,MP,2025-10-02,N
KC105863,Lucknow,UP,2024-04-01,N
KC105864,Warangal,TS,2024-05-06,N
KC105865,Bhopal,MP,2023-09-25,N
KC105866,Chennai,TN,2025-11-24,N
KC105867,Bengaluru,KA,2026-01-16,N
KC105868,Mumbai,MH,2026-05-04,N
KC105869,Pune,MH,2024-04-05,N
KC105870,Hubballi,KA,2024-06-30,N
KC105871,Coimbatore,TN,2024-06-02,N
KC105872,Chennai,TN,2024-06-07,Y
KC105873,Indore,MP,2024-10-05,N
KC105874,Indore,MP,2024-12-05,N
KC105875,Hyderabad,TS,2026-02-10,Y
KC105876,Indore,MP,2023-02-01,N
KC105877,Nashik,MH,2023-05-24,N
KC105878,Hubballi,KA,2024-04-12,Y
KC105879,Chennai,TN,2025-07-14,Y
KC105880,Jaipur,RJ,2023-08-09,N
KC105881,Bhopal,MP,2024-07-15,N
KC105882,Nagpur,MH,2023-05-23,N
KC105883,Kota,RJ,2023-08-12,N
KC105884,Bengaluru,KA,2025-02-20,N
KC105885,Nagpur,MH,2024-11-09,N
KC105886,Bhopal,MP,2026-04-06,N
KC105887,Mumbai,MH,2024-10-23,N
KC105888,Nashik,MH,2026-02-28,N
KC105889,Hyderabad,TS,2025-04-18,N
KC105890,Bengaluru,KA,2024-12-24,N
KC105891,Kota,RJ,2024-03-14,N
KC105892,Lucknow,UP,2024-12-19,N
KC105893,Warangal,TS,2024-04-27,N
KC105894,Indore,MP,2023-06-12,N
KC105895,Delhi,DL,2023-03-25,N
KC105896,Mumbai,MH,2025-09-04,N
KC105897,Coimbatore,TN,2024-04-15,Y
KC105898,Hyderabad,TS,2023-05-06,Y
KC105899,Chennai,TN,2024-01-02,N
KC105900,Bengaluru,KA,2023-03-02,N
KC105901,Pune,MH,2024-12-04,N
KC105902,Mysuru,KA,2024-12-26,N
KC105903,Coimbatore,TN,2026-02-25,Y
KC105904,Mysuru,KA,2024-05-31,Y
KC105905,Coimbatore,TN,2026-03-06,N
KC105906,Hyderabad,TS,2026-03-27,Y
KC105907,Hyderabad,TS,2024-09-01,N
KC105908,Pune,MH,2026-04-24,N
KC105909,Warangal,TS,2024-09-24,N
KC105910,Indore,MP,2022-10-22,N
KC105911,Nagpur,MH,2025-03-04,N
KC105912,Delhi,DL,2024-09-03,N
KC105913,Warangal,TS,2024-09-03,N
KC105914,Indore,MP,2026-06-07,N
KC105915,Coimbatore,TN,2025-05-19,N
KC105916,Nagpur,MH,2022-11-22,N
KC105917,Hubballi,KA,2024-10-11,N
KC105918,Delhi,DL,2022-12-01,N
KC105919,Nashik,MH,2025-06-22,N
KC105920,Lucknow,UP,2026-05-09,N
KC105921,Bhopal,MP,2026-01-03,N
KC105922,Nagpur,MH,2023-07-01,N
KC105923,Pune,MH,2025-08-27,N
KC105924,Bengaluru,KA,2023-02-13,N
KC105925,Bhopal,MP,2023-09-12,N
KC105926,Jaipur,RJ,2023-07-09,N
KC105927,Bengaluru,KA,2025-08-28,Y
KC105928,Nashik,MH,2023-08-14,N
KC105929,Bengaluru,KA,2024-10-04,N
KC105930,Pune,MH,2023-01-08,N
KC105931,Aurangabad,MH,2025-08-03,Y
KC105932,Kota,RJ,2025-03-20,N
KC105933,Delhi,DL,2026-08-11,Y
KC105934,Lucknow,UP,2023-06-21,Y
KC105935,Warangal,TS,2025-11-28,N
KC105936,Mysuru,KA,2025-06-25,Y
KC105937,Coimbatore,TN,2025-01-14,Y
KC105938,Mumbai,MH,2026-04-25,N
KC105939,Mysuru,KA,2026-03-21,Y
KC105940,Chennai,TN,2026-05-11,N
KC105941,Pune,MH,2025-04-22,N
KC105942,Nashik,MH,2024-11-13,Y
KC105943,Hyderabad,TS,2023-09-20,N
KC105944,Lucknow,UP,2024-08-23,N
KC105945,Bengaluru,KA,2024-11-05,N
KC105946,Hyderabad,TS,2026-03-21,Y
KC105947,Bhopal,MP,2025-11-29,Y
KC105948,Indore,MP,2023-01-06,N
KC105949,Aurangabad,MH,2025-06-28,N
KC105950,Chennai,TN,2023-01-13,N
KC105951,Aurangabad,MH,2025-11-06,N
KC105952,Chennai,TN,2024-05-27,N
KC105953,Warangal,TS,2024-12-14,N
KC105954,Delhi,DL,2024-11-06,N
KC105955,Coimbatore,TN,2023-03-19,N
KC105956,Chennai,TN,2025-07-07,N
KC105957,Indore,MP,2024-05-15,N
KC105958,Warangal,TS,2024-02-19,N
KC105959,Bhopal,MP,2023-08-31,Y
KC105960,Indore,MP,2023-05-22,N
KC105961,Chennai,TN,2023-11-15,N
KC105962,Hubballi,KA,2024-08-27,N
KC105963,Mumbai,MH,2025-07-11,N
KC105964,Mysuru,KA,2023-12-30,N
KC105965,Kota,RJ,2025-08-04,N
KC105966,Bhopal,MP,2025-01-01,Y
KC105967,Kota,RJ,2024-10-19,N
KC105968,Chennai,TN,2024-07-19,Y
KC105969,Indore,MP,2025-03-18,N
KC105970,Mumbai,MH,2025-03-27,N
KC105971,Coimbatore,TN,2023-04-28,N
KC105972,Pune,MH,2024-03-20,N
KC105973,Kota,RJ,2025-02-06,N
KC105974,Mumbai,MH,2025-07-17,N
KC105975,Kota,RJ,2025-08-23,N
KC105976,Coimbatore,TN,2025-02-27,N
KC105977,Lucknow,UP,2024-11-30,N
KC105978,Nagpur,MH,2023-09-19,N
KC105979,Nashik,MH,2025-05-22,Y
KC105980,Chennai,TN,2025-11-17,N
KC105981,Mumbai,MH,2024-12-16,N
KC105982,Mysuru,KA,2024-02-03,Y
KC105983,Bengaluru,KA,2023-01-30,N
KC105984,Bengaluru,KA,2024-06-30,N
KC105985,Mumbai,MH,2025-01-02,N
KC105986,Nashik,MH,2026-03-12,N
KC105987,Jaipur,RJ,2025-12-28,N
KC105988,Bengaluru,KA,2024-10-17,N
KC105989,Delhi,DL,2023-08-12,N
KC105990,Hyderabad,TS,2026-03-04,Y
KC105991,Delhi,DL,2024-10-05,Y
KC105992,Kota,RJ,2024-01-20,Y
KC105993,Lucknow,UP,2024-05-29,Y
KC105994,Indore,MP,2022-12-12,N
KC105995,Kota,RJ,2023-07-10,N
KC105996,Kota,RJ,2023-11-12,N
KC105997,Coimbatore,TN,2024-08-13,N
KC105998,Coimbatore,TN,2026-07-05,N
KC105999,Delhi,DL,2024-11-10,N
KC106000,Lucknow,UP,2022-12-29,N
KC106001,Nagpur,MH,2025-10-09,N
KC106002,Hubballi,KA,2024-03-15,Y
KC106003,Hubballi,KA,2024-04-12,N
KC106004,Warangal,TS,2024-10-12,N
KC106005,Nashik,MH,2022-11-23,N
KC106006,Jaipur,RJ,2024-07-06,N
KC106007,Bhopal,MP,2026-07-10,N
KC106008,Lucknow,UP,2024-08-05,N
KC106009,Warangal,TS,2025-12-01,N
KC106010,Kota,RJ,2025-06-16,N
KC106011,Bengaluru,KA,2024-08-25,N
KC106012,Mumbai,MH,2024-11-24,N
KC106013,Indore,MP,2024-01-04,N
KC106014,Hubballi,KA,2023-08-17,N
KC106015,Chennai,TN,2023-07-31,N
KC106016,Bengaluru,KA,2025-08-18,N
KC106017,Bhopal,MP,2026-08-08,N
KC106018,Lucknow,UP,2023-01-02,N
KC106019,Bengaluru,KA,2024-05-11,N
KC106020,Indore,MP,2024-02-11,N
KC106021,Pune,MH,2023-08-20,N
KC106022,Indore,MP,2025-07-11,N
KC106023,Hubballi,KA,2026-04-22,N
KC106024,Nagpur,MH,2025-10-19,N
KC106025,Hyderabad,TS,2023-03-31,N
KC106026,Pune,MH,2023-08-24,N
KC106027,Nagpur,MH,2023-03-12,N
KC106028,Mumbai,MH,2024-08-12,Y
KC106029,Hyderabad,TS,2024-02-24,N
KC106030,Bhopal,MP,2026-03-08,N
KC106031,Mumbai,MH,2024-07-16,N
KC106032,Kota,RJ,2023-04-04,N
KC106033,Bengaluru,KA,2026-01-21,N
KC106034,Hyderabad,TS,2024-07-15,N
KC106035,Coimbatore,TN,2025-05-05,N
KC106036,Hyderabad,TS,2024-01-01,N
KC106037,Indore,MP,2022-11-16,N
KC106038,Bhopal,MP,2023-03-02,N
KC106039,Nashik,MH,2025-08-29,N
KC106040,Bhopal,MP,2025-01-27,N
KC106041,Delhi,DL,2023-08-15,N
KC106042,Pune,MH,2025-03-23,N
KC106043,Nashik,MH,2025-04-09,N
KC106044,Chennai,TN,2025-11-16,N
KC106045,Delhi,DL,2024-08-31,N
KC106046,Mumbai,MH,2026-04-24,N
KC106047,Nagpur,MH,2025-08-29,N
KC106048,Bengaluru,KA,2025-06-12,N
KC106049,Hyderabad,TS,2025-12-31,N
KC106050,Nagpur,MH,2022-11-25,N
KC106051,Chennai,TN,2024-01-15,N
KC106052,Mumbai,MH,2024-05-28,N
KC106053,Nashik,MH,2023-02-18,N
KC106054,Bengaluru,KA,2024-07-07,N
KC106055,Mysuru,KA,2025-10-07,N
KC106056,Coimbatore,TN,2024-10-24,N
KC106057,Coimbatore,TN,2025-09-05,N
KC106058,Chennai,TN,2024-03-03,N
KC106059,Hyderabad,TS,2025-11-16,Y
KC106060,Bhopal,MP,2024-07-18,N
KC106061,Bhopal,MP,2023-11-05,N
KC106062,Nagpur,MH,2023-03-24,N
KC106063,Hyderabad,TS,2026-05-28,N
KC106064,Nashik,MH,2023-03-09,Y
KC106065,Warangal,TS,2026-06-07,N
KC106066,Pune,MH,2024-09-06,Y
KC106067,Warangal,TS,2025-08-23,Y
KC106068,Kota,RJ,2023-06-26,N
KC106069,Bengaluru,KA,2024-10-14,N
KC106070,Aurangabad,MH,2023-09-19,N
KC106071,Aurangabad,MH,2024-02-25,Y
KC106072,Pune,MH,2023-01-09,N
KC106073,Chennai,TN,2023-05-06,Y
KC106074,Bhopal,MP,2026-06-28,Y
KC106075,Chennai,TN,2023-12-10,N
KC106076,Hyderabad,TS,2025-06-21,N
KC106077,Hubballi,KA,2024-05-19,N
KC106078,Warangal,TS,2025-02-12,Y
KC106079,Pune,MH,2024-01-09,N
KC106080,Pune,MH,2022-12-25,N
KC106081,Delhi,DL,2024-02-23,N
KC106082,Bhopal,MP,2023-05-17,N
KC106083,Kota,RJ,2023-04-27,Y
KC106084,Indore,MP,2023-10-27,Y
KC106085,Indore,MP,2024-07-23,N
KC106086,Delhi,DL,2025-09-25,N
KC106087,Chennai,TN,2023-12-16,N
KC106088,Aurangabad,MH,2024-12-15,Y
KC106089,Chennai,TN,2023-09-12,N
KC106090,Aurangabad,MH,2024-11-28,N
KC106091,Kota,RJ,2025-08-11,N
KC106092,Chennai,TN,2026-03-05,N
KC106093,Indore,MP,2023-02-28,N
KC106094,Delhi,DL,2025-09-07,N
KC106095,Coimbatore,TN,2024-06-29,N
KC106096,Hubballi,KA,2025-08-11,Y
KC106097,Mysuru,KA,2024-01-14,N
KC106098,Mysuru,KA,2024-06-11,N
KC106099,Aurangabad,MH,2024-06-09,N
KC106100,Warangal,TS,2024-09-16,N
KC106101,Nashik,MH,2025-05-15,N
KC106102,Pune,MH,2023-02-04,Y
KC106103,Chennai,TN,2024-07-24,Y
KC106104,Delhi,DL,2023-03-14,N
KC106105,Mysuru,KA,2023-06-25,N
KC106106,Coimbatore,TN,2025-07-09,N
KC106107,Hyderabad,TS,2024-07-28,N
KC106108,Nashik,MH,2025-09-13,N
KC106109,Jaipur,RJ,2025-10-07,Y
KC106110,Jaipur,RJ,2022-10-17,N
KC106111,Nagpur,MH,2024-09-25,N
KC106112,Jaipur,RJ,2025-05-09,N
KC106113,Hyderabad,TS,2025-08-28,N
KC106114,Nagpur,MH,2023-07-04,N
KC106115,Lucknow,UP,2022-10-31,N
KC106116,Nashik,MH,2025-10-20,Y
KC106117,Mysuru,KA,2024-07-14,N
KC106118,Aurangabad,MH,2025-08-30,Y
KC106119,Mumbai,MH,2025-06-25,N
KC106120,Delhi,DL,2025-09-02,Y
KC106121,Coimbatore,TN,2023-10-22,N
KC106122,Bhopal,MP,2024-11-18,N
KC106123,Nashik,MH,2025-09-03,N
KC106124,Hubballi,KA,2023-12-06,N
KC106125,Delhi,DL,2022-12-05,N
KC106126,Nashik,MH,2026-06-09,Y
KC106127,Bengaluru,KA,2024-07-30,N
KC106128,Hubballi,KA,2025-04-13,N
KC106129,Chennai,TN,2026-07-01,N
KC106130,Kota,RJ,2022-11-07,Y
KC106131,Lucknow,UP,2023-06-20,N
KC106132,Pune,MH,2025-11-13,N
KC106133,Pune,MH,2024-07-08,Y
KC106134,Hubballi,KA,2025-03-27,Y
KC106135,Nashik,MH,2025-01-31,N
KC106136,Chennai,TN,2025-06-04,N
KC106137,Warangal,TS,2025-06-29,Y
KC106138,Lucknow,UP,2023-03-03,N
KC106139,Nashik,MH,2026-05-24,N
KC106140,Aurangabad,MH,2023-12-04,Y
KC106141,Pune,MH,2025-07-07,N
KC106142,Hyderabad,TS,2023-10-11,N
KC106143,Mysuru,KA,2026-06-29,N
KC106144,Hyderabad,TS,2025-09-18,N
KC106145,Mysuru,KA,2023-06-01,N
KC106146,Aurangabad,MH,2024-01-25,N
KC106147,Lucknow,UP,2024-12-14,N
KC106148,Jaipur,RJ,2023-03-26,N
KC106149,Nagpur,MH,2024-03-09,Y
KC106150,Mumbai,MH,2023-02-10,N
KC106151,Bengaluru,KA,2024-07-25,N
KC106152,Warangal,TS,2025-05-14,N
KC106153,Nagpur,MH,2026-02-12,N
KC106154,Hubballi,KA,2023-07-03,N
KC106155,Hyderabad,TS,2022-12-23,N
KC106156,Kota,RJ,2025-09-01,N
KC106157,Mysuru,KA,2024-05-28,N
KC106158,Pune,MH,2023-10-11,N
KC106159,Hubballi,KA,2025-10-01,N
KC106160,Mumbai,MH,2026-04-26,N
KC106161,Bengaluru,KA,2023-07-25,N
KC106162,Mumbai,MH,2024-12-19,N
KC106163,Bengaluru,KA,2026-05-30,N
KC106164,Chennai,TN,2024-10-15,N
KC106165,Kota,RJ,2023-03-20,N
KC106166,Indore,MP,2025-06-24,Y
KC106167,Bengaluru,KA,2026-03-01,N
KC106168,Mumbai,MH,2024-11-15,N
KC106169,Kota,RJ,2025-07-04,N
KC106170,Delhi,DL,2025-10-20,Y
KC106171,Indore,MP,2023-09-24,Y
KC106172,Indore,MP,2024-09-07,N
KC106173,Lucknow,UP,2025-09-13,N
KC106174,Bengaluru,KA,2023-03-22,Y
KC106175,Chennai,TN,2026-06-29,N
KC106176,Mysuru,KA,2024-02-29,Y
KC106177,Nashik,MH,2025-11-16,N
KC106178,Mumbai,MH,2026-03-27,N
KC106179,Bhopal,MP,2024-06-16,Y
KC106180,Lucknow,UP,2026-05-18,N
KC106181,Bengaluru,KA,2024-09-05,N
KC106182,Bhopal,MP,2025-11-16,N
KC106183,Delhi,DL,2025-03-22,N
KC106184,Aurangabad,MH,2022-10-30,N
KC106185,Lucknow,UP,2025-01-13,N
KC106186,Hyderabad,TS,2023-09-24,N
KC106187,Aurangabad,MH,2025-05-27,N
KC106188,Lucknow,UP,2022-10-20,Y
KC106189,Nashik,MH,2023-10-03,N
KC106190,Coimbatore,TN,2022-10-25,N
KC106191,Aurangabad,MH,2025-11-30,N
KC106192,Aurangabad,MH,2025-02-27,N
KC106193,Indore,MP,2023-03-26,N
KC106194,Chennai,TN,2023-09-22,Y
KC106195,Hyderabad,TS,2024-09-26,N
KC106196,Hyderabad,TS,2026-07-25,Y
KC106197,Nashik,MH,2024-11-19,N
KC106198,Bhopal,MP,2023-05-05,N
KC106199,Delhi,DL,2026-04-07,N
KC106200,Jaipur,RJ,2022-11-08,N
KC106201,Delhi,DL,2026-02-16,N
KC106202,Coimbatore,TN,2023-02-06,Y
KC106203,Indore,MP,2025-06-20,N
KC106204,Aurangabad,MH,2024-05-16,N
KC106205,Delhi,DL,2023-01-07,Y
KC106206,Nashik,MH,2026-02-23,N
KC106207,Hyderabad,TS,2025-01-23,Y
KC106208,Hyderabad,TS,2023-07-27,N
KC106209,Nagpur,MH,2024-04-14,N
KC106210,Mysuru,KA,2023-02-18,N
KC106211,Indore,MP,2025-10-12,N
KC106212,Chennai,TN,2023-10-06,N
KC106213,Hyderabad,TS,2024-09-30,N
KC106214,Mumbai,MH,2026-05-09,N
KC106215,Chennai,TN,2024-02-22,N
KC106216,Chennai,TN,2024-01-29,N
KC106217,Aurangabad,MH,2025-04-25,N
KC106218,Indore,MP,2025-05-28,N
KC106219,Hyderabad,TS,2025-03-20,N
KC106220,Warangal,TS,2024-10-08,N
KC106221,Mumbai,MH,2026-02-05,N
KC106222,Hubballi,KA,2023-07-15,Y
KC106223,Kota,RJ,2024-11-05,Y
KC106224,Coimbatore,TN,2024-03-13,N
KC106225,Kota,RJ,2024-10-13,N
KC106226,Indore,MP,2022-10-24,N
KC106227,Hyderabad,TS,2024-01-19,N
KC106228,Coimbatore,TN,2026-08-13,Y
KC106229,Kota,RJ,2024-10-20,Y
KC106230,Aurangabad,MH,2022-12-10,N
KC106231,Mumbai,MH,2025-10-15,N
KC106232,Aurangabad,MH,2026-01-29,N
KC106233,Nashik,MH,2026-08-04,Y
KC106234,Mysuru,KA,2024-01-05,N
KC106235,Jaipur,RJ,2024-06-06,N
KC106236,Hyderabad,TS,2023-12-21,N
KC106237,Nashik,MH,2025-12-07,Y
KC106238,Lucknow,UP,2025-09-16,N
KC106239,Mumbai,MH,2026-01-25,N
KC106240,Aurangabad,MH,2025-06-27,N
KC106241,Mysuru,KA,2025-02-15,N
KC106242,Indore,MP,2023-10-12,N
KC106243,Hyderabad,TS,2023-06-14,N
KC106244,Mumbai,MH,2023-07-31,N
KC106245,Nashik,MH,2026-04-17,N
KC106246,Mysuru,KA,2025-05-20,Y
KC106247,Nagpur,MH,2024-09-08,Y
KC106248,Coimbatore,TN,2024-08-20,N
KC106249,Aurangabad,MH,2024-12-16,N
KC106250,Aurangabad,MH,2025-03-29,N
KC106251,Aurangabad,MH,2024-05-04,N
KC106252,Mysuru,KA,2024-10-30,N
KC106253,Hyderabad,TS,2025-04-28,N
KC106254,Jaipur,RJ,2025-06-09,N
KC106255,Coimbatore,TN,2022-11-24,Y
KC106256,Pune,MH,2023-01-23,Y
KC106257,Aurangabad,MH,2023-01-24,N
KC106258,Aurangabad,MH,2023-04-23,Y
KC106259,Nashik,MH,2023-02-18,N
KC106260,Chennai,TN,2023-10-17,Y
KC106261,Aurangabad,MH,2024-12-05,N
KC106262,Chennai,TN,2025-08-06,N
KC106263,Jaipur,RJ,2025-10-31,N
KC106264,Lucknow,UP,2024-01-26,N
KC106265,Nagpur,MH,2024-05-09,Y
KC106266,Nashik,MH,2025-08-31,N
KC106267,Indore,MP,2023-10-25,Y
KC106268,Nashik,MH,2025-02-21,N
KC106269,Jaipur,RJ,2024-07-05,Y
KC106270,Aurangabad,MH,2024-07-15,Y
KC106271,Hyderabad,TS,2026-04-09,N
KC106272,Indore,MP,2024-05-06,Y
KC106273,Warangal,TS,2026-01-22,Y
KC106274,Coimbatore,TN,2025-01-11,N
KC106275,Hubballi,KA,2024-12-21,N
KC106276,Hubballi,KA,2024-06-26,Y
KC106277,Hubballi,KA,2025-10-17,N
KC106278,Jaipur,RJ,2025-03-15,N
KC106279,Chennai,TN,2026-03-28,N
KC106280,Lucknow,UP,2023-11-07,N
KC106281,Indore,MP,2024-09-29,N
KC106282,Nashik,MH,2024-08-03,N
KC106283,Nagpur,MH,2024-08-30,Y
KC106284,Nagpur,MH,2024-12-04,Y
KC106285,Chennai,TN,2025-04-19,N
KC106286,Mysuru,KA,2025-04-15,N
KC106287,Delhi,DL,2022-11-14,Y
KC106288,Lucknow,UP,2025-06-30,N
KC106289,Chennai,TN,2023-04-21,N
KC106290,Hyderabad,TS,2025-12-04,N
KC106291,Delhi,DL,2023-02-12,N
KC106292,Delhi,DL,2023-07-25,N
KC106293,Bengaluru,KA,2024-04-20,N
KC106294,Bengaluru,KA,2025-01-31,N
KC106295,Warangal,TS,2023-11-02,Y
KC106296,Hubballi,KA,2023-04-30,N
KC106297,Warangal,TS,2025-03-19,N
KC106298,Hyderabad,TS,2026-06-12,Y
KC106299,Nagpur,MH,2025-09-14,N
KC106300,Chennai,TN,2025-08-03,N
KC106301,Pune,MH,2023-08-10,N
KC106302,Hubballi,KA,2024-03-15,Y
KC106303,Lucknow,UP,2024-12-11,N
KC106304,Nagpur,MH,2024-03-15,N
KC106305,Mumbai,MH,2024-10-12,Y
KC106306,Mumbai,MH,2025-05-06,N
KC106307,Bengaluru,KA,2025-08-28,Y
KC106308,Hubballi,KA,2023-03-28,N
KC106309,Coimbatore,TN,2024-11-07,N
KC106310,Hyderabad,TS,2025-12-11,N
KC106311,Mysuru,KA,2023-10-08,N
KC106312,Bengaluru,KA,2023-03-30,N
KC106313,Hyderabad,TS,2024-06-12,N
KC106314,Lucknow,UP,2024-02-29,N
KC106315,Hyderabad,TS,2023-04-26,N
KC106316,Bhopal,MP,2024-07-02,N
KC106317,Chennai,TN,2025-04-12,N
KC106318,Nagpur,MH,2025-10-26,N
KC106319,Hubballi,KA,2023-07-01,Y
KC106320,Warangal,TS,2025-05-08,N
KC106321,Mysuru,KA,2026-02-19,N
KC106322,Coimbatore,TN,2023-05-18,N
KC106323,Nashik,MH,2024-05-02,N
KC106324,Nagpur,MH,2025-02-27,Y
KC106325,Hyderabad,TS,2024-02-28,Y
KC106326,Mysuru,KA,2024-09-19,N
KC106327,Nagpur,MH,2024-03-21,N
KC106328,Mumbai,MH,2025-10-10,N
KC106329,Jaipur,RJ,2026-04-18,N
KC106330,Aurangabad,MH,2024-11-06,N
KC106331,Lucknow,UP,2024-01-07,N
KC106332,Bengaluru,KA,2023-05-13,N
KC106333,Chennai,TN,2023-12-15,N
KC106334,Delhi,DL,2026-07-12,N
KC106335,Coimbatore,TN,2024-03-22,Y
KC106336,Coimbatore,TN,2023-05-24,N
KC106337,Delhi,DL,2025-03-25,N
KC106338,Nagpur,MH,2025-03-23,N
KC106339,Coimbatore,TN,2025-02-13,N
KC106340,Lucknow,UP,2026-07-04,N
KC106341,Bengaluru,KA,2024-07-21,N
KC106342,Lucknow,UP,2023-09-30,Y
KC106343,Nagpur,MH,2024-02-28,N
KC106344,Chennai,TN,2024-05-22,N
KC106345,Indore,MP,2024-07-19,N
KC106346,Warangal,TS,2023-08-25,Y
KC106347,Lucknow,UP,2026-04-03,Y
KC106348,Indore,MP,2025-03-07,N
KC106349,Pune,MH,2024-08-17,N
KC106350,Hubballi,KA,2024-02-07,N
KC106351,Jaipur,RJ,2022-10-27,N
KC106352,Nashik,MH,2023-10-21,N
KC106353,Bhopal,MP,2025-09-01,N
KC106354,Lucknow,UP,2023-09-12,N
KC106355,Nagpur,MH,2024-03-23,N
KC106356,Nashik,MH,2024-04-18,N
KC106357,Nagpur,MH,2026-03-13,Y
KC106358,Pune,MH,2026-06-02,N
KC106359,Hubballi,KA,2025-10-13,N
KC106360,Nagpur,MH,2023-04-09,N
KC106361,Hyderabad,TS,2024-04-09,N
KC106362,Lucknow,UP,2025-06-07,N
KC106363,Nagpur,MH,2026-03-19,Y
KC106364,Jaipur,RJ,2024-01-18,N
KC106365,Hyderabad,TS,2024-03-13,N
KC106366,Bhopal,MP,2023-11-18,N
KC106367,Nashik,MH,2023-04-30,N
KC106368,Mumbai,MH,2023-01-10,N
KC106369,Delhi,DL,2026-03-02,N
KC106370,Warangal,TS,2024-04-07,Y
KC106371,Coimbatore,TN,2023-02-12,N
KC106372,Bengaluru,KA,2025-04-30,N
KC106373,Mysuru,KA,2024-04-22,Y
KC106374,Lucknow,UP,2022-10-27,N
KC106375,Nashik,MH,2025-01-03,N
KC106376,Warangal,TS,2023-01-10,N
KC106377,Jaipur,RJ,2025-02-27,N
KC106378,Indore,MP,2024-11-21,N
KC106379,Aurangabad,MH,2023-02-09,Y
KC106380,Nagpur,MH,2024-09-14,N
KC106381,Jaipur,RJ,2023-07-28,Y
KC106382,Bhopal,MP,2024-12-31,N
KC106383,Bengaluru,KA,2024-01-14,N
KC106384,Chennai,TN,2024-08-21,Y
KC106385,Nashik,MH,2025-09-02,Y
KC106386,Coimbatore,TN,2023-01-01,N
KC106387,Hubballi,KA,2026-03-10,N
KC106388,Hubballi,KA,2025-02-26,Y
KC106389,Delhi,DL,2023-11-17,N
KC106390,Mumbai,MH,2026-02-04,N
KC106391,Warangal,TS,2025-03-02,N
KC106392,Indore,MP,2024-09-25,Y
KC106393,Jaipur,RJ,2024-04-30,N
KC106394,Lucknow,UP,2024-05-13,N
KC106395,Jaipur,RJ,2024-11-29,N
KC106396,Lucknow,UP,2022-12-26,N
KC106397,Mumbai,MH,2025-09-13,N
KC106398,Indore,MP,2026-04-24,N
KC106399,Nagpur,MH,2026-07-16,Y
KC106400,Kota,RJ,2024-04-23,N
KC106401,Bhopal,MP,2025-12-27,N
KC106402,Aurangabad,MH,2022-11-27,N
KC106403,Aurangabad,MH,2025-08-28,Y
KC106404,Chennai,TN,2025-06-12,N
KC106405,Pune,MH,2024-02-28,N
KC106406,Jaipur,RJ,2024-06-12,N
KC106407,Mumbai,MH,2026-01-05,N
KC106408,Jaipur,RJ,2024-06-13,N
KC106409,Hyderabad,TS,2024-08-30,Y
KC106410,Hubballi,KA,2024-02-08,N
KC106411,Pune,MH,2022-10-21,N
KC106412,Nashik,MH,2023-01-21,Y
KC106413,Delhi,DL,2024-09-25,N
KC106414,Pune,MH,2025-10-19,Y
KC106415,Hubballi,KA,2024-02-14,N
KC106416,Warangal,TS,2023-11-16,N
KC106417,Mumbai,MH,2024-04-18,N
KC106418,Hyderabad,TS,2025-06-08,N
KC106419,Coimbatore,TN,2025-03-30,N
KC106420,Delhi,DL,2024-05-26,N
KC106421,Kota,RJ,2024-06-09,Y
KC106422,Kota,RJ,2025-10-13,N
KC106423,Nagpur,MH,2024-10-22,N
KC106424,Mumbai,MH,2024-03-18,N
KC106425,Pune,MH,2023-05-24,N
KC106426,Lucknow,UP,2025-01-29,N
KC106427,Pune,MH,2024-03-09,N
KC106428,Mysuru,KA,2024-10-10,N
KC106429,Bengaluru,KA,2025-01-01,N
KC106430,Delhi,DL,2025-04-12,Y
KC106431,Kota,RJ,2024-12-12,Y
KC106432,Indore,MP,2025-08-16,N
KC106433,Indore,MP,2023-02-14,N
KC106434,Indore,MP,2024-03-26,N
KC106435,Mumbai,MH,2024-03-29,N
KC106436,Hubballi,KA,2024-01-18,Y
KC106437,Indore,MP,2025-10-02,N
KC106438,Coimbatore,TN,2026-06-09,Y
KC106439,Mysuru,KA,2022-12-17,Y
KC106440,Chennai,TN,2025-12-28,N
KC106441,Jaipur,RJ,2024-11-17,N
KC106442,Bengaluru,KA,2024-11-12,N
KC106443,Nagpur,MH,2024-06-07,N
KC106444,Mysuru,KA,2026-01-20,N
KC106445,Chennai,TN,2025-04-05,N
KC106446,Mysuru,KA,2025-05-21,Y
KC106447,Mysuru,KA,2022-12-24,N
KC106448,Bhopal,MP,2026-08-09,N
KC106449,Mumbai,MH,2024-04-15,N
KC106450,Indore,MP,2025-11-01,N
KC106451,Kota,RJ,2026-06-19,N
KC106452,Mumbai,MH,2023-08-04,N
KC106453,Aurangabad,MH,2024-08-07,N
KC106454,Mumbai,MH,2023-08-12,N
KC106455,Jaipur,RJ,2026-05-07,N
KC106456,Delhi,DL,2026-02-16,N
KC106457,Lucknow,UP,2024-12-18,N
KC106458,Mumbai,MH,2023-08-11,N
KC106459,Bengaluru,KA,2024-09-09,Y
KC106460,Nashik,MH,2024-03-12,N
KC106461,Jaipur,RJ,2025-01-09,N
KC106462,Coimbatore,TN,2023-01-22,Y
KC106463,Aurangabad,MH,2024-09-21,N
KC106464,Bhopal,MP,2024-12-09,N
KC106465,Kota,RJ,2024-04-03,N
KC106466,Lucknow,UP,2025-10-22,N
KC106467,Aurangabad,MH,2025-06-20,N
KC106468,Kota,RJ,2023-09-29,Y
KC106469,Mysuru,KA,2023-11-01,N
KC106470,Indore,MP,2026-04-02,Y
KC106471,Hyderabad,TS,2024-07-19,N
KC106472,Chennai,TN,2023-02-09,N
KC106473,Pune,MH,2025-08-15,Y
KC106474,Coimbatore,TN,2023-04-03,N
KC106475,Chennai,TN,2026-06-07,N
KC106476,Bengaluru,KA,2024-03-06,N
KC106477,Lucknow,UP,2023-02-21,N
KC106478,Delhi,DL,2025-10-17,N
KC106479,Pune,MH,2025-11-14,N
KC106480,Hyderabad,TS,2023-11-28,N
KC106481,Warangal,TS,2024-09-21,N
KC106482,Mumbai,MH,2022-11-25,N
KC106483,Hubballi,KA,2026-02-08,N
KC106484,Pune,MH,2026-05-07,N
KC106485,Indore,MP,2024-04-09,N
KC106486,Aurangabad,MH,2025-06-07,N
KC106487,Lucknow,UP,2024-01-17,Y
KC106488,Kota,RJ,2024-05-13,N
KC106489,Kota,RJ,2023-09-19,Y
KC106490,Mysuru,KA,2024-01-26,Y
KC106491,Pune,MH,2023-12-25,N
KC106492,Jaipur,RJ,2023-04-28,N
KC106493,Hubballi,KA,2026-01-21,N
KC106494,Nagpur,MH,2025-02-03,N
KC106495,Mysuru,KA,2026-02-22,N
KC106496,Bengaluru,KA,2023-10-27,Y
KC106497,Mumbai,MH,2025-10-02,Y
KC106498,Mysuru,KA,2025-01-15,Y
KC106499,Lucknow,UP,2023-06-06,Y
KC106500,Kota,RJ,2025-12-31,N
KC106501,Kota,RJ,2025-08-11,N
KC106502,Hyderabad,TS,2023-07-22,N
KC106503,Warangal,TS,2025-01-20,N
KC106504,Aurangabad,MH,2024-02-12,N
KC106505,Delhi,DL,2023-12-02,N
KC106506,Bengaluru,KA,2023-05-20,N
KC106507,Nagpur,MH,2025-04-14,Y
KC106508,Bengaluru,KA,2026-07-15,N
KC106509,Warangal,TS,2024-09-13,Y
KC106510,Indore,MP,2025-04-24,N
KC106511,Bengaluru,KA,2023-06-23,N
KC106512,Hyderabad,TS,2023-02-23,Y
KC106513,Bengaluru,KA,2025-10-25,N
KC106514,Bhopal,MP,2024-06-08,N
KC106515,Aurangabad,MH,2025-03-03,N
KC106516,Warangal,TS,2024-10-08,N
KC106517,Hubballi,KA,2023-05-13,N
KC106518,Aurangabad,MH,2024-09-13,N
KC106519,Coimbatore,TN,2024-03-12,Y
KC106520,Hyderabad,TS,2025-10-13,N
KC106521,Lucknow,UP,2022-11-26,N
KC106522,Bhopal,MP,2023-01-11,N
KC106523,Indore,MP,2026-04-10,N
KC106524,Bengaluru,KA,2024-05-11,N
KC106525,Indore,MP,2025-08-16,Y
KC106526,Hubballi,KA,2025-11-16,N
KC106527,Aurangabad,MH,2023-02-07,N
KC106528,Bengaluru,KA,2026-04-15,Y
KC106529,Hubballi,KA,2025-10-21,Y
KC106530,Warangal,TS,2023-10-31,N
KC106531,Delhi,DL,2023-10-18,N
KC106532,Bhopal,MP,2023-10-09,Y
KC106533,Mysuru,KA,2026-06-26,Y
KC106534,Nashik,MH,2022-12-07,N
KC106535,Pune,MH,2024-02-04,N
KC106536,Hyderabad,TS,2024-04-15,N
KC106537,Jaipur,RJ,2023-11-29,N
KC106538,Coimbatore,TN,2023-04-23,N
KC106539,Nagpur,MH,2023-01-16,N
KC106540,Warangal,TS,2023-02-13,Y
KC106541,Pune,MH,2025-06-16,Y
KC106542,Chennai,TN,2026-04-23,N
KC106543,Indore,MP,2025-11-18,N
KC106544,Hubballi,KA,2024-11-06,N
KC106545,Nagpur,MH,2023-11-14,Y
KC106546,Coimbatore,TN,2026-02-12,Y
KC106547,Chennai,TN,2025-03-11,N
KC106548,Jaipur,RJ,2025-07-21,N
KC106549,Warangal,TS,2024-07-13,N
KC106550,Mumbai,MH,2024-02-26,N
KC106551,Coimbatore,TN,2025-03-02,N
KC106552,Hubballi,KA,2023-06-11,N
KC106553,Kota,RJ,2025-11-24,N
KC106554,Jaipur,RJ,2025-04-17,N
KC106555,Delhi,DL,2025-10-11,Y
KC106556,Chennai,TN,2025-01-25,Y
KC106557,Mumbai,MH,2024-05-08,Y
KC106558,Nashik,MH,2025-06-17,N
KC106559,Kota,RJ,2026-06-21,N
KC106560,Bhopal,MP,2024-10-24,N
KC106561,Pune,MH,2022-12-09,N
KC106562,Pune,MH,2022-10-18,N
KC106563,Nashik,MH,2025-04-06,N
KC106564,Chennai,TN,2025-06-13,N
KC106565,Mumbai,MH,2025-11-13,N
KC106566,Indore,MP,2025-07-30,N
KC106567,Jaipur,RJ,2024-10-12,N
KC106568,Delhi,DL,2023-03-26,Y
KC106569,Delhi,DL,2024-05-06,N
KC106570,Mumbai,MH,2025-03-19,N
KC106571,Mysuru,KA,2026-05-30,Y
KC106572,Delhi,DL,2025-09-05,N
KC106573,Warangal,TS,2023-02-11,N
KC106574,Hyderabad,TS,2023-05-22,N
KC106575,Delhi,DL,2023-12-07,N
KC106576,Lucknow,UP,2025-01-25,N
KC106577,Nagpur,MH,2023-01-29,N
KC106578,Lucknow,UP,2025-05-23,N
KC106579,Hubballi,KA,2022-12-24,N
KC106580,Jaipur,RJ,2024-02-26,Y
KC106581,Nagpur,MH,2025-07-09,Y
KC106582,Hyderabad,TS,2024-01-22,N
KC106583,Indore,MP,2026-07-23,N
KC106584,Lucknow,UP,2025-09-12,N
KC106585,Chennai,TN,2023-02-25,N
KC106586,Bengaluru,KA,2024-02-26,N
KC106587,Delhi,DL,2026-02-27,Y
KC106588,Coimbatore,TN,2024-04-05,Y
KC106589,Mumbai,MH,2024-05-08,N
KC106590,Bhopal,MP,2024-09-14,Y
KC106591,Warangal,TS,2026-04-12,Y
KC106592,Delhi,DL,2024-03-16,N
KC106593,Chennai,TN,2023-06-28,N
KC106594,Delhi,DL,2025-10-18,N
KC106595,Nashik,MH,2026-07-21,N
KC106596,Indore,MP,2024-02-21,N
KC106597,Nashik,MH,2023-09-28,N
KC106598,Delhi,DL,2023-08-30,N
KC106599,Pune,MH,2023-05-23,N
KC106600,Indore,MP,2023-10-20,N
KC106601,Jaipur,RJ,2023-11-27,N
KC106602,Kota,RJ,2023-05-12,Y
KC106603,Pune,MH,2026-07-03,N
KC106604,Mysuru,KA,2026-02-05,N
KC106605,Aurangabad,MH,2022-10-18,N
KC106606,Bhopal,MP,2023-10-30,N
KC106607,Nagpur,MH,2026-07-19,N
KC106608,Lucknow,UP,2025-01-04,N
KC106609,Jaipur,RJ,2023-02-09,Y
KC106610,Lucknow,UP,2023-02-13,N
KC106611,Nashik,MH,2026-05-19,N
KC106612,Aurangabad,MH,2024-07-07,N
KC106613,Bengaluru,KA,2024-07-25,N
KC106614,Nashik,MH,2024-03-11,N
KC106615,Jaipur,RJ,2024-04-03,N
KC106616,Nashik,MH,2023-05-24,N
KC106617,Coimbatore,TN,2026-06-02,N
KC106618,Indore,MP,2025-07-16,N
KC106619,Jaipur,RJ,2026-08-13,N
KC106620,Kota,RJ,2023-10-16,N
KC106621,Hyderabad,TS,2022-11-21,N
KC106622,Nagpur,MH,2024-11-05,Y
KC106623,Bengaluru,KA,2023-12-27,Y
KC106624,Kota,RJ,2025-07-23,N
KC106625,Warangal,TS,2023-06-04,N
KC106626,Mysuru,KA,2026-02-09,N
KC106627,Indore,MP,2023-05-02,Y
KC106628,Lucknow,UP,2024-03-02,Y
KC106629,Bhopal,MP,2024-02-15,N
KC106630,Mysuru,KA,2022-11-21,N
KC106631,Hyderabad,TS,2025-09-02,N
KC106632,Indore,MP,2023-09-27,Y
KC106633,Aurangabad,MH,2026-07-27,N
KC106634,Mysuru,KA,2023-10-27,Y
KC106635,Mumbai,MH,2026-06-07,Y
KC106636,Pune,MH,2024-06-07,N
KC106637,Hyderabad,TS,2022-11-10,N
KC106638,Nagpur,MH,2025-11-27,N
KC106639,Coimbatore,TN,2026-02-12,N
KC106640,Mysuru,KA,2025-12-04,N
KC106641,Indore,MP,2026-02-25,N
KC106642,Nagpur,MH,2024-11-24,N
KC106643,Aurangabad,MH,2024-11-17,N
KC106644,Pune,MH,2025-10-06,N
KC106645,Nashik,MH,2024-11-13,Y
KC106646,Nagpur,MH,2025-08-02,N
KC106647,Warangal,TS,2026-07-25,N
KC106648,Nagpur,MH,2024-03-18,N
KC106649,Coimbatore,TN,2024-09-17,N
KC106650,Indore,MP,2023-08-26,Y
KC106651,Hubballi,KA,2023-07-17,Y
KC106652,Pune,MH,2026-06-04,N
KC106653,Chennai,TN,2026-04-04,N
KC106654,Indore,MP,2025-04-10,Y
KC106655,Nagpur,MH,2024-07-07,N
KC106656,Coimbatore,TN,2025-03-08,Y
KC106657,Jaipur,RJ,2023-09-27,N
KC106658,Warangal,TS,2025-09-29,N
KC106659,Mysuru,KA,2026-01-28,N
KC106660,Aurangabad,MH,2024-12-23,N
KC106661,Aurangabad,MH,2023-12-17,N
KC106662,Chennai,TN,2023-06-24,N
KC106663,Delhi,DL,2025-05-09,Y
KC106664,Pune,MH,2025-06-18,Y
KC106665,Aurangabad,MH,2025-09-06,N
KC106666,Hyderabad,TS,2023-05-04,N
KC106667,Nashik,MH,2023-09-01,N
KC106668,Warangal,TS,2024-01-29,N
KC106669,Pune,MH,2025-12-31,N
KC106670,Indore,MP,2024-02-02,N
KC106671,Warangal,TS,2025-10-09,N
KC106672,Hyderabad,TS,2024-03-04,N
KC106673,Hyderabad,TS,2025-08-11,N
KC106674,Warangal,TS,2023-11-21,N
KC106675,Chennai,TN,2026-05-20,N
KC106676,Delhi,DL,2024-11-28,N
KC106677,Warangal,TS,2025-01-09,N
KC106678,Kota,RJ,2023-10-03,N
KC106679,Hyderabad,TS,2025-06-03,N
KC106680,Hubballi,KA,2023-12-18,N
KC106681,Bhopal,MP,2024-03-14,N
KC106682,Hubballi,KA,2024-03-19,N
KC106683,Mumbai,MH,2024-05-26,N
KC106684,Hubballi,KA,2023-02-01,N
KC106685,Pune,MH,2025-06-16,N
KC106686,Kota,RJ,2023-03-24,Y
KC106687,Warangal,TS,2023-08-19,N
KC106688,Coimbatore,TN,2023-02-15,N
KC106689,Hyderabad,TS,2024-04-08,Y
KC106690,Delhi,DL,2023-05-26,N
KC106691,Lucknow,UP,2026-02-02,N
KC106692,Hubballi,KA,2023-05-23,N
KC106693,Nashik,MH,2026-01-28,N
KC106694,Nagpur,MH,2022-11-17,N
KC106695,Kota,RJ,2023-02-11,N
KC106696,Coimbatore,TN,2026-07-16,N
KC106697,Nashik,MH,2024-10-16,N
KC106698,Coimbatore,TN,2026-08-12,N
KC106699,Coimbatore,TN,2023-12-17,Y
KC106700,Mumbai,MH,2025-01-19,Y
KC106701,Pune,MH,2026-01-06,N
KC106702,Indore,MP,2025-11-20,N
KC106703,Bhopal,MP,2024-05-04,N
KC106704,Pune,MH,2022-10-29,Y
KC106705,Mysuru,KA,2026-06-13,N
KC106706,Mysuru,KA,2023-03-16,N
KC106707,Coimbatore,TN,2025-07-29,N
KC106708,Bhopal,MP,2026-06-06,N
KC106709,Aurangabad,MH,2025-09-24,Y
KC106710,Coimbatore,TN,2026-02-03,N
KC106711,Jaipur,RJ,2023-04-05,N
KC106712,Chennai,TN,2023-03-26,N
KC106713,Pune,MH,2026-06-10,N
KC106714,Aurangabad,MH,2023-03-08,Y
KC106715,Lucknow,UP,2026-06-14,N
KC106716,Aurangabad,MH,2024-06-16,N
KC106717,Kota,RJ,2025-12-04,N
KC106718,Coimbatore,TN,2023-05-23,N
KC106719,Bengaluru,KA,2024-04-20,N
KC106720,Nagpur,MH,2023-03-07,N
KC106721,Mumbai,MH,2023-04-18,N
KC106722,Hubballi,KA,2025-04-29,N
KC106723,Kota,RJ,2025-01-07,N
KC106724,Lucknow,UP,2025-10-08,N
KC106725,Chennai,TN,2025-01-20,N
KC106726,Nashik,MH,2025-07-13,N
KC106727,Chennai,TN,2023-03-12,N
KC106728,Pune,MH,2026-01-26,Y
KC106729,Hyderabad,TS,2025-02-06,N
KC106730,Warangal,TS,2024-06-30,N
KC106731,Mumbai,MH,2024-07-09,N
KC106732,Delhi,DL,2025-12-03,Y
KC106733,Hubballi,KA,2025-08-16,N
KC106734,Mysuru,KA,2022-10-21,N
KC106735,Mysuru,KA,2023-09-30,N
KC106736,Nagpur,MH,2025-09-02,N
KC106737,Bhopal,MP,2025-03-12,N
KC106738,Hyderabad,TS,2022-11-01,N
KC106739,Warangal,TS,2025-03-03,Y
KC106740,Bengaluru,KA,2024-12-24,N
KC106741,Lucknow,UP,2023-10-14,Y
KC106742,Mumbai,MH,2023-01-31,N
KC106743,Indore,MP,2025-10-09,Y
KC106744,Coimbatore,TN,2025-09-22,Y
KC106745,Coimbatore,TN,2023-06-03,N
KC106746,Chennai,TN,2026-04-14,N
KC106747,Delhi,DL,2023-06-14,N
KC106748,Kota,RJ,2025-10-26,N
KC106749,Hyderabad,TS,2024-10-19,N
KC106750,Warangal,TS,2026-01-20,N
KC106751,Chennai,TN,2024-04-09,Y
KC106752,Hubballi,KA,2023-04-09,Y
KC106753,Nashik,MH,2025-02-20,Y
KC106754,Kota,RJ,2026-07-06,N
KC106755,Aurangabad,MH,2025-04-14,N
KC106756,Bhopal,MP,2025-06-07,N
KC106757,Kota,RJ,2025-11-20,Y
KC106758,Chennai,TN,2023-11-07,N
KC106759,Hyderabad,TS,2025-08-28,N
KC106760,Pune,MH,2026-06-23,Y
KC106761,Lucknow,UP,2023-01-10,N
KC106762,Hubballi,KA,2025-03-04,Y
KC106763,Warangal,TS,2023-09-25,N
KC106764,Bengaluru,KA,2024-08-13,N
KC106765,Jaipur,RJ,2024-04-28,N
KC106766,Mumbai,MH,2023-04-21,N
KC106767,Warangal,TS,2024-09-23,N
KC106768,Aurangabad,MH,2025-11-26,N
KC106769,Mysuru,KA,2024-05-12,N
KC106770,Warangal,TS,2024-10-19,N
KC106771,Jaipur,RJ,2025-08-07,N
KC106772,Mumbai,MH,2024-01-04,N
KC106773,Coimbatore,TN,2025-07-14,N
KC106774,Warangal,TS,2023-07-08,N
KC106775,Bhopal,MP,2023-02-09,N
KC106776,Aurangabad,MH,2022-11-23,N
KC106777,Hyderabad,TS,2023-03-03,N
KC106778,Jaipur,RJ,2024-05-06,N
KC106779,Hubballi,KA,2024-10-20,Y
KC106780,Hubballi,KA,2023-08-08,N
KC106781,Chennai,TN,2025-06-01,N
KC106782,Warangal,TS,2024-06-20,N
KC106783,Nagpur,MH,2025-11-08,N
KC106784,Mumbai,MH,2023-11-14,N
KC106785,Delhi,DL,2025-01-11,N
KC106786,Warangal,TS,2023-11-26,N
KC106787,Lucknow,UP,2026-08-14,N
KC106788,Bhopal,MP,2025-12-08,N
KC106789,Lucknow,UP,2024-04-16,Y
KC106790,Aurangabad,MH,2023-04-18,N
KC106791,Delhi,DL,2022-11-26,N
KC106792,Chennai,TN,2026-03-25,N
KC106793,Coimbatore,TN,2023-09-12,Y
KC106794,Nagpur,MH,2025-11-20,N
KC106795,Mumbai,MH,2025-06-08,N
KC106796,Chennai,TN,2025-05-18,Y
KC106797,Pune,MH,2023-08-21,Y
KC106798,Delhi,DL,2023-01-13,N
KC106799,Hyderabad,TS,2025-01-29,Y
KC106800,Mysuru,KA,2024-01-05,Y
KC106801,Pune,MH,2026-04-20,N
KC106802,Delhi,DL,2023-05-05,Y
KC106803,Aurangabad,MH,2026-02-09,N
KC106804,Jaipur,RJ,2025-11-26,N
KC106805,Kota,RJ,2024-05-25,Y
KC106806,Mumbai,MH,2023-05-12,N
KC106807,Warangal,TS,2023-04-02,N
KC106808,Mumbai,MH,2023-03-07,N
KC106809,Kota,RJ,2026-01-22,N
KC106810,Indore,MP,2025-09-23,N
KC106811,Pune,MH,2024-05-16,N
KC106812,Indore,MP,2025-12-19,Y
KC106813,Lucknow,UP,2026-04-22,N
KC106814,Mysuru,KA,2024-08-11,N
KC106815,Mysuru,KA,2024-08-31,Y
KC106816,Pune,MH,2025-12-06,N
KC106817,Mysuru,KA,2025-11-03,N
KC106818,Bhopal,MP,2024-07-11,N
KC106819,Indore,MP,2026-01-04,N
KC106820,Nagpur,MH,2022-10-19,Y
KC106821,Hubballi,KA,2024-05-05,N
KC106822,Delhi,DL,2023-03-30,N
KC106823,Mumbai,MH,2024-08-15,N
KC106824,Warangal,TS,2025-12-10,Y
KC106825,Nashik,MH,2024-08-04,N
KC106826,Kota,RJ,2023-05-05,Y
KC106827,Warangal,TS,2025-09-06,Y
KC106828,Pune,MH,2025-06-25,N
KC106829,Kota,RJ,2024-08-24,N
KC106830,Mysuru,KA,2025-07-13,N
KC106831,Warangal,TS,2022-11-27,N
KC106832,Kota,RJ,2026-03-20,N
KC106833,Jaipur,RJ,2025-10-18,N
KC106834,Warangal,TS,2026-06-07,Y
KC106835,Nashik,MH,2024-05-12,Y
KC106836,Pune,MH,2026-05-18,N
KC106837,Hubballi,KA,2025-12-09,N
KC106838,Bhopal,MP,2023-09-12,Y
KC106839,Chennai,TN,2022-12-02,N
KC106840,Coimbatore,TN,2025-06-28,N
KC106841,Lucknow,UP,2026-05-19,N
KC106842,Bhopal,MP,2025-04-16,Y
KC106843,Warangal,TS,2023-01-12,Y
KC106844,Mumbai,MH,2025-07-24,N
KC106845,Bhopal,MP,2024-07-08,N
KC106846,Pune,MH,2023-11-08,N
KC106847,Mysuru,KA,2023-11-26,N
KC106848,Pune,MH,2022-12-10,N
KC106849,Indore,MP,2025-06-09,Y
KC106850,Bhopal,MP,2022-12-02,Y
KC106851,Mysuru,KA,2024-12-13,Y
KC106852,Nagpur,MH,2025-05-17,N
KC106853,Hubballi,KA,2025-12-16,N
KC106854,Kota,RJ,2024-06-27,N
KC106855,Mysuru,KA,2026-05-22,N
KC106856,Bhopal,MP,2025-07-16,N
KC106857,Indore,MP,2022-12-09,N
KC106858,Bhopal,MP,2026-06-12,N
KC106859,Chennai,TN,2023-01-29,N
KC106860,Coimbatore,TN,2024-09-10,N
KC106861,Mumbai,MH,2026-04-16,N
KC106862,Bengaluru,KA,2025-09-14,Y
KC106863,Nashik,MH,2025-05-04,N
KC106864,Coimbatore,TN,2025-07-14,N
KC106865,Nagpur,MH,2023-09-21,N
KC106866,Bengaluru,KA,2024-11-30,N
KC106867,Nashik,MH,2025-03-30,N
KC106868,Indore,MP,2025-01-18,N
KC106869,Jaipur,RJ,2024-09-23,N
KC106870,Nashik,MH,2025-07-22,N
KC106871,Kota,RJ,2024-03-02,N
KC106872,Warangal,TS,2023-06-16,N
KC106873,Hubballi,KA,2024-03-26,Y
KC106874,Warangal,TS,2024-07-23,N
KC106875,Chennai,TN,2024-12-31,N
KC106876,Mysuru,KA,2025-07-06,N
KC106877,Indore,MP,2025-07-12,N
KC106878,Bengaluru,KA,2023-12-17,N
KC106879,Indore,MP,2025-05-26,N
KC106880,Kota,RJ,2026-01-10,N
KC106881,Hyderabad,TS,2023-11-11,N
KC106882,Delhi,DL,2025-07-11,Y
KC106883,Kota,RJ,2023-02-15,Y
KC106884,Bhopal,MP,2022-11-16,N
KC106885,Bengaluru,KA,2025-10-20,N
KC106886,Lucknow,UP,2026-06-21,N
KC106887,Indore,MP,2024-11-24,Y
KC106888,Hyderabad,TS,2026-03-27,N
KC106889,Indore,MP,2025-01-01,Y
KC106890,Delhi,DL,2026-04-07,Y
KC106891,Kota,RJ,2025-06-22,N
KC106892,Pune,MH,2025-05-02,N
KC106893,Aurangabad,MH,2023-12-23,N
KC106894,Mumbai,MH,2024-01-25,N
KC106895,Pune,MH,2024-02-14,N
KC106896,Aurangabad,MH,2023-05-19,N
KC106897,Nagpur,MH,2023-01-26,N
KC106898,Hubballi,KA,2023-01-22,N
KC106899,Warangal,TS,2026-05-24,N
KC106900,Kota,RJ,2025-07-13,N
KC106901,Nagpur,MH,2023-07-10,N
KC106902,Lucknow,UP,2022-11-08,Y
KC106903,Pune,MH,2024-07-29,N
KC106904,Hubballi,KA,2025-03-26,Y
KC106905,Kota,RJ,2026-07-01,N
KC106906,Mysuru,KA,2026-08-03,N
KC106907,Lucknow,UP,2024-11-19,N
KC106908,Coimbatore,TN,2024-09-18,N
KC106909,Bengaluru,KA,2023-09-19,N
KC106910,Hyderabad,TS,2024-01-05,N
KC106911,Delhi,DL,2026-05-17,N
KC106912,Hyderabad,TS,2024-01-23,N
KC106913,Bengaluru,KA,2023-03-24,N
KC106914,Coimbatore,TN,2023-12-26,N
KC106915,Nagpur,MH,2023-10-30,N
KC106916,Hyderabad,TS,2023-02-22,N
KC106917,Indore,MP,2023-05-05,N
KC106918,Lucknow,UP,2026-02-12,N
KC106919,Indore,MP,2025-09-28,Y
KC106920,Bengaluru,KA,2023-01-10,N
KC106921,Nagpur,MH,2025-08-22,Y
KC106922,Pune,MH,2023-05-21,Y
KC106923,Aurangabad,MH,2023-10-23,Y
KC106924,Bhopal,MP,2025-12-10,N
KC106925,Chennai,TN,2024-01-18,N
KC106926,Indore,MP,2025-10-27,N
KC106927,Hyderabad,TS,2024-01-21,Y
KC106928,Bengaluru,KA,2024-07-21,Y
KC106929,Lucknow,UP,2024-04-08,N
KC106930,Hubballi,KA,2026-01-08,Y
KC106931,Warangal,TS,2024-08-29,N
KC106932,Kota,RJ,2024-05-27,N
KC106933,Chennai,TN,2026-07-02,N
KC106934,Delhi,DL,2025-08-26,N
KC106935,Nashik,MH,2024-07-06,N
KC106936,Hyderabad,TS,2024-08-22,Y
KC106937,Mysuru,KA,2025-06-05,N
KC106938,Mysuru,KA,2025-04-18,N
KC106939,Warangal,TS,2024-05-27,N
KC106940,Bengaluru,KA,2023-03-29,Y
KC106941,Bhopal,MP,2025-05-03,Y
KC106942,Kota,RJ,2026-03-29,N
KC106943,Chennai,TN,2026-07-15,N
KC106944,Pune,MH,2025-07-26,Y
KC106945,Mumbai,MH,2026-06-24,N
KC106946,Mysuru,KA,2024-01-21,N
KC106947,Lucknow,UP,2024-07-21,N
KC106948,Chennai,TN,2023-01-02,N
KC106949,Aurangabad,MH,2023-07-11,Y
KC106950,Mysuru,KA,2025-06-02,Y
KC106951,Mysuru,KA,2024-02-20,N
KC106952,Bengaluru,KA,2024-03-17,Y
KC106953,Mumbai,MH,2024-02-09,N
KC106954,Mumbai,MH,2023-01-18,N
KC106955,Bengaluru,KA,2024-01-10,N
KC106956,Chennai,TN,2025-12-23,Y
KC106957,Mysuru,KA,2025-09-16,Y
KC106958,Kota,RJ,2025-09-01,N
KC106959,Bengaluru,KA,2025-07-11,N
KC106960,Aurangabad,MH,2024-07-02,N
KC106961,Hubballi,KA,2023-12-28,N
KC106962,Hyderabad,TS,2023-11-18,N
KC106963,Bengaluru,KA,2022-10-19,N
KC106964,Coimbatore,TN,2025-05-10,Y
KC106965,Warangal,TS,2024-02-15,N
KC106966,Delhi,DL,2023-01-06,N
KC106967,Bhopal,MP,2023-03-10,N
KC106968,Mumbai,MH,2023-06-30,N
KC106969,Bhopal,MP,2025-07-01,N
KC106970,Hubballi,KA,2026-01-21,N
KC106971,Indore,MP,2025-04-16,N
KC106972,Bengaluru,KA,2023-03-25,N
KC106973,Hubballi,KA,2025-01-17,N
KC106974,Kota,RJ,2022-11-12,Y
KC106975,Bengaluru,KA,2025-08-10,N
KC106976,Indore,MP,2023-10-13,N
KC106977,Mysuru,KA,2025-10-16,N
KC106978,Bengaluru,KA,2023-07-28,N
KC106979,Pune,MH,2025-12-23,N
KC106980,Hubballi,KA,2023-05-08,N
KC106981,Pune,MH,2024-10-26,N
KC106982,Coimbatore,TN,2025-08-21,Y
KC106983,Mumbai,MH,2025-09-03,Y
KC106984,Bengaluru,KA,2023-02-27,N
KC106985,Mumbai,MH,2023-04-03,N
KC106986,Delhi,DL,2026-01-18,N
KC106987,Bengaluru,KA,2026-03-18,N
KC106988,Bhopal,MP,2024-11-10,Y
KC106989,Chennai,TN,2023-02-09,Y
KC106990,Mysuru,KA,2026-01-31,N
KC106991,Aurangabad,MH,2023-10-11,Y
KC106992,Hyderabad,TS,2026-06-12,N
KC106993,Kota,RJ,2024-05-30,Y
KC106994,Nashik,MH,2025-06-03,Y
KC106995,Nashik,MH,2023-11-25,Y
KC106996,Pune,MH,2023-03-05,N
KC106997,Lucknow,UP,2025-10-08,N
KC106998,Jaipur,RJ,2025-03-24,N
KC106999,Jaipur,RJ,2025-06-17,Y
KC107000,Hyderabad,TS,2023-11-20,N
KC107001,Kota,RJ,2022-12-16,N
KC107002,Bengaluru,KA,2024-05-08,N
KC107003,Nagpur,MH,2023-12-21,N
KC107004,Nashik,MH,2026-01-22,N
KC107005,Hubballi,KA,2024-06-06,Y
KC107006,Indore,MP,2025-02-01,N
KC107007,Bhopal,MP,2022-12-19,Y
KC107008,Nagpur,MH,2026-03-28,N
KC107009,Jaipur,RJ,2022-12-19,N
KC107010,Kota,RJ,2024-11-13,N
KC107011,Mumbai,MH,2023-07-31,Y
KC107012,Nagpur,MH,2025-09-13,N
KC107013,Pune,MH,2026-01-07,Y
KC107014,Chennai,TN,2025-02-10,Y
KC107015,Bengaluru,KA,2026-06-27,Y
KC107016,Coimbatore,TN,2025-03-09,N
KC107017,Hyderabad,TS,2023-05-21,Y
KC107018,Mysuru,KA,2025-02-04,N
KC107019,Bhopal,MP,2023-09-14,Y
KC107020,Nashik,MH,2022-11-07,N
KC107021,Chennai,TN,2023-06-27,N
KC107022,Kota,RJ,2024-07-24,Y
KC107023,Indore,MP,2022-10-16,N
KC107024,Lucknow,UP,2023-08-31,N
KC107025,Bhopal,MP,2024-02-04,N
KC107026,Jaipur,RJ,2024-04-20,N
KC107027,Aurangabad,MH,2025-10-03,N
KC107028,Mumbai,MH,2025-06-21,N
KC107029,Coimbatore,TN,2025-09-02,N
KC107030,Lucknow,UP,2025-06-21,N
KC107031,Warangal,TS,2025-02-21,N
KC107032,Warangal,TS,2026-07-26,N
KC107033,Hyderabad,TS,2024-07-05,N
KC107034,Bengaluru,KA,2025-12-26,Y
KC107035,Nagpur,MH,2023-09-08,N
KC107036,Pune,MH,2022-12-28,Y
KC107037,Nashik,MH,2024-02-21,N
KC107038,Hyderabad,TS,2023-09-14,N
KC107039,Mysuru,KA,2026-01-06,N
KC107040,Nagpur,MH,2023-08-16,Y
KC107041,Chennai,TN,2025-06-14,N
KC107042,Jaipur,RJ,2025-09-13,N
KC107043,Bhopal,MP,2024-07-27,N
KC107044,Delhi,DL,2023-08-19,N
KC107045,Mumbai,MH,2025-09-17,Y
KC107046,Lucknow,UP,2023-11-16,N
KC107047,Nagpur,MH,2024-06-08,Y
KC107048,Hyderabad,TS,2025-01-18,Y
KC107049,Nagpur,MH,2026-05-20,Y
KC107050,Indore,MP,2026-02-07,N
KC107051,Jaipur,RJ,2024-09-14,N
KC107052,Bhopal,MP,2023-01-21,Y
KC107053,Nagpur,MH,2024-02-28,N
KC107054,Hubballi,KA,2025-02-01,N
KC107055,Mumbai,MH,2025-06-15,N
KC107056,Jaipur,RJ,2026-05-10,N
KC107057,Hubballi,KA,2023-05-27,N
KC107058,Warangal,TS,2023-08-12,N
KC107059,Bengaluru,KA,2026-05-10,N
KC107060,Warangal,TS,2025-10-13,Y
KC107061,Warangal,TS,2024-08-06,N
KC107062,Nagpur,MH,2024-04-11,N
KC107063,Coimbatore,TN,2024-03-15,N
KC107064,Delhi,DL,2024-12-03,N
KC107065,Jaipur,RJ,2023-04-02,N
KC107066,Chennai,TN,2024-12-17,N
KC107067,Kota,RJ,2025-12-17,N
KC107068,Lucknow,UP,2024-07-25,Y
KC107069,Delhi,DL,2024-06-19,N
KC107070,Lucknow,UP,2025-07-01,N
KC107071,Indore,MP,2024-06-23,N
KC107072,Pune,MH,2023-08-31,Y
KC107073,Bhopal,MP,2022-12-14,Y
KC107074,Mysuru,KA,2024-05-18,N
KC107075,Bhopal,MP,2025-03-02,N
KC107076,Bengaluru,KA,2023-09-09,N
KC107077,Mumbai,MH,2023-11-28,N
KC107078,Mysuru,KA,2025-10-28,Y
KC107079,Nagpur,MH,2023-02-18,N
KC107080,Warangal,TS,2024-07-29,N
KC107081,Warangal,TS,2023-01-30,Y
KC107082,Kota,RJ,2024-10-21,N
KC107083,Bengaluru,KA,2022-11-11,N
KC107084,Mumbai,MH,2024-01-11,N
KC107085,Jaipur,RJ,2023-12-28,N
KC107086,Mysuru,KA,2023-09-13,N
KC107087,Aurangabad,MH,2024-03-26,N
KC107088,Aurangabad,MH,2025-10-01,Y
KC107089,Indore,MP,2024-07-23,Y
KC107090,Bengaluru,KA,2023-06-27,N
KC107091,Kota,RJ,2026-01-02,N
KC107092,Bhopal,MP,2023-08-18,N
KC107093,Indore,MP,2023-09-17,N
KC107094,Indore,MP,2022-10-29,N
KC107095,Hyderabad,TS,2024-12-22,Y
KC107096,Delhi,DL,2025-02-17,N
KC107097,Delhi,DL,2026-02-15,N
KC107098,Kota,RJ,2025-12-16,N
KC107099,Aurangabad,MH,2024-04-14,N
KC107100,Warangal,TS,2023-09-21,N
KC107101,Bhopal,MP,2024-09-28,N
KC107102,Hyderabad,TS,2025-06-02,N
KC107103,Aurangabad,MH,2025-01-22,Y
KC107104,Bengaluru,KA,2024-09-14,N
KC107105,Lucknow,UP,2025-12-06,N
KC107106,Delhi,DL,2024-10-22,N
KC107107,Pune,MH,2023-10-28,N
KC107108,Lucknow,UP,2022-11-02,N
KC107109,Kota,RJ,2025-12-31,Y
KC107110,Kota,RJ,2023-07-31,N
KC107111,Kota,RJ,2026-07-14,Y
KC107112,Coimbatore,TN,2023-03-06,N
KC107113,Bhopal,MP,2024-02-23,N
KC107114,Jaipur,RJ,2023-08-13,Y
KC107115,Mumbai,MH,2024-12-06,N
KC107116,Pune,MH,2025-07-20,Y
KC107117,Hyderabad,TS,2026-06-18,N
KC107118,Kota,RJ,2025-07-01,N
KC107119,Aurangabad,MH,2026-01-23,N
KC107120,Nashik,MH,2023-04-08,N
KC107121,Warangal,TS,2023-09-13,N
KC107122,Hubballi,KA,2024-02-05,N
KC107123,Mysuru,KA,2025-02-08,N
KC107124,Chennai,TN,2024-01-26,Y
KC107125,Bhopal,MP,2025-02-08,N
KC107126,Pune,MH,2026-06-24,N
KC107127,Bhopal,MP,2026-05-23,Y
KC107128,Coimbatore,TN,2026-02-11,N
KC107129,Indore,MP,2023-11-06,N
KC107130,Bhopal,MP,2025-06-14,Y
KC107131,Lucknow,UP,2024-12-04,Y
KC107132,Lucknow,UP,2023-03-19,N
KC107133,Kota,RJ,2025-09-06,Y
KC107134,Aurangabad,MH,2024-01-28,N
KC107135,Pune,MH,2023-11-14,N
KC107136,Nashik,MH,2024-03-20,N
KC107137,Coimbatore,TN,2024-03-29,N
KC107138,Aurangabad,MH,2023-07-20,Y
KC107139,Lucknow,UP,2025-05-08,N
KC107140,Pune,MH,2024-09-14,N
KC107141,Nashik,MH,2024-11-18,N
KC107142,Jaipur,RJ,2023-04-01,Y
KC107143,Jaipur,RJ,2023-02-14,N
KC107144,Pune,MH,2024-07-25,N
KC107145,Indore,MP,2025-11-01,N
KC107146,Bhopal,MP,2023-09-04,N
KC107147,Pune,MH,2024-10-10,N
KC107148,Bhopal,MP,2026-04-07,Y
KC107149,Lucknow,UP,2025-11-08,N
KC107150,Kota,RJ,2026-06-11,N
KC107151,Nashik,MH,2024-05-20,N
KC107152,Chennai,TN,2024-11-08,N
KC107153,Delhi,DL,2023-01-12,Y
KC107154,Aurangabad,MH,2022-10-15,Y
KC107155,Nagpur,MH,2026-05-29,N
KC107156,Warangal,TS,2024-11-11,N
KC107157,Mysuru,KA,2024-11-26,N
KC107158,Kota,RJ,2026-07-08,N
KC107159,Chennai,TN,2023-09-03,N
KC107160,Hubballi,KA,2022-11-24,N
KC107161,Jaipur,RJ,2026-05-15,N
KC107162,Mysuru,KA,2026-08-08,N
KC107163,Delhi,DL,2026-02-25,N
KC107164,Coimbatore,TN,2024-06-06,N
KC107165,Coimbatore,TN,2026-07-15,N
KC107166,Nagpur,MH,2026-03-05,Y
KC107167,Pune,MH,2025-07-13,Y
KC107168,Pune,MH,2023-02-26,N
KC107169,Kota,RJ,2024-08-29,N
KC107170,Mysuru,KA,2024-04-19,N
KC107171,Nashik,MH,2023-03-27,N
KC107172,Bengaluru,KA,2026-04-24,Y
KC107173,Kota,RJ,2024-06-15,N
KC107174,Lucknow,UP,2026-04-11,Y
KC107175,Pune,MH,2025-08-02,Y
KC107176,Coimbatore,TN,2024-12-27,Y
KC107177,Lucknow,UP,2023-07-05,N
KC107178,Aurangabad,MH,2022-11-12,N
KC107179,Hyderabad,TS,2025-03-23,N
KC107180,Chennai,TN,2025-04-03,N
KC107181,Nashik,MH,2026-06-30,Y
KC107182,Aurangabad,MH,2025-08-29,N
KC107183,Aurangabad,MH,2025-11-06,Y
KC107184,Nagpur,MH,2025-02-07,N
KC107185,Chennai,TN,2024-02-02,N
KC107186,Jaipur,RJ,2025-03-10,N
KC107187,Delhi,DL,2025-06-19,Y
KC107188,Jaipur,RJ,2024-04-02,N
KC107189,Bhopal,MP,2023-09-12,N
KC107190,Jaipur,RJ,2024-04-19,N
KC107191,Jaipur,RJ,2023-09-03,N
KC107192,Delhi,DL,2026-06-30,N
KC107193,Indore,MP,2024-07-05,N
KC107194,Pune,MH,2025-01-06,N
KC107195,Coimbatore,TN,2024-05-20,Y
KC107196,Indore,MP,2023-11-20,N
KC107197,Bhopal,MP,2024-08-08,N
KC107198,Hubballi,KA,2024-07-18,N
KC107199,Nashik,MH,2023-05-31,N
KC107200,Hubballi,KA,2023-11-08,N
KC107201,Bengaluru,KA,2025-05-11,Y
KC107202,Chennai,TN,2023-01-06,N
KC107203,Nashik,MH,2023-05-21,N
KC107204,Mumbai,MH,2024-02-10,N
KC107205,Hubballi,KA,2026-01-25,N
KC107206,Bhopal,MP,2024-06-22,N
KC107207,Jaipur,RJ,2023-12-04,N
KC107208,Bengaluru,KA,2023-11-04,N
KC107209,Mysuru,KA,2026-01-22,N
KC107210,Coimbatore,TN,2025-07-10,Y
KC107211,Nashik,MH,2026-07-26,N
KC107212,Indore,MP,2024-05-19,N
KC107213,Bhopal,MP,2024-07-15,Y
KC107214,Mysuru,KA,2023-06-24,N
KC107215,Lucknow,UP,2025-08-22,N
KC107216,Nashik,MH,2025-02-17,N
KC107217,Jaipur,RJ,2025-05-19,N
KC107218,Aurangabad,MH,2024-08-20,N
KC107219,Aurangabad,MH,2025-11-24,N
KC107220,Coimbatore,TN,2025-11-19,N
KC107221,Mysuru,KA,2025-02-04,Y
KC107222,Aurangabad,MH,2026-06-11,N
KC107223,Hubballi,KA,2025-04-02,Y
KC107224,Nashik,MH,2023-11-20,Y
KC107225,Mumbai,MH,2026-04-29,N
KC107226,Bhopal,MP,2023-04-22,Y
KC107227,Aurangabad,MH,2026-03-05,N
KC107228,Nashik,MH,2025-03-16,N
KC107229,Chennai,TN,2026-04-29,N
KC107230,Indore,MP,2025-09-15,N
KC107231,Bhopal,MP,2026-04-20,N
KC107232,Coimbatore,TN,2025-12-12,N
KC107233,Warangal,TS,2023-03-02,Y
KC107234,Bengaluru,KA,2026-05-18,Y
KC107235,Jaipur,RJ,2023-05-06,Y
KC107236,Pune,MH,2026-02-19,N
KC107237,Pune,MH,2023-03-24,N
KC107238,Aurangabad,MH,2026-02-11,N
KC107239,Delhi,DL,2023-09-16,N
KC107240,Warangal,TS,2023-02-28,Y
KC107241,Mysuru,KA,2025-02-05,N
KC107242,Aurangabad,MH,2024-06-12,N
KC107243,Bengaluru,KA,2024-09-30,N
KC107244,Kota,RJ,2022-12-03,N
KC107245,Mumbai,MH,2024-06-16,Y
KC107246,Nashik,MH,2023-10-04,N
KC107247,Lucknow,UP,2026-07-31,N
KC107248,Delhi,DL,2025-12-19,N
KC107249,Mumbai,MH,2026-04-25,N
KC107250,Delhi,DL,2026-06-17,N
KC107251,Bhopal,MP,2023-12-19,N
KC107252,Pune,MH,2023-04-17,N
KC107253,Jaipur,RJ,2023-01-07,N
KC107254,Hubballi,KA,2026-06-14,N
KC107255,Mysuru,KA,2025-07-15,N
KC107256,Mysuru,KA,2026-07-13,Y
KC107257,Coimbatore,TN,2024-10-25,Y
KC107258,Jaipur,RJ,2024-04-08,N
KC107259,Mysuru,KA,2023-11-29,N
KC107260,Nagpur,MH,2025-08-28,N
KC107261,Warangal,TS,2025-08-14,N
KC107262,Coimbatore,TN,2024-08-20,N
KC107263,Nagpur,MH,2024-11-23,Y
KC107264,Hyderabad,TS,2023-04-10,Y
KC107265,Warangal,TS,2022-10-23,N
KC107266,Pune,MH,2022-12-04,N
KC107267,Coimbatore,TN,2026-04-12,N
KC107268,Indore,MP,2022-11-26,N
KC107269,Indore,MP,2023-02-10,N
KC107270,Indore,MP,2026-01-22,Y
KC107271,Nashik,MH,2026-07-17,Y
KC107272,Kota,RJ,2023-10-26,N
KC107273,Kota,RJ,2025-10-28,N
KC107274,Chennai,TN,2024-04-17,N
KC107275,Mumbai,MH,2023-02-25,N
KC107276,Warangal,TS,2025-11-13,N
KC107277,Pune,MH,2024-01-13,N
KC107278,Jaipur,RJ,2023-01-30,N
KC107279,Pune,MH,2026-03-07,Y
KC107280,Bhopal,MP,2024-12-22,Y
KC107281,Jaipur,RJ,2023-02-17,N
KC107282,Jaipur,RJ,2026-03-20,N
KC107283,Warangal,TS,2023-05-21,Y
KC107284,Indore,MP,2023-05-28,N
KC107285,Hyderabad,TS,2025-02-24,N
KC107286,Kota,RJ,2026-08-09,N
KC107287,Mumbai,MH,2026-03-16,N
KC107288,Jaipur,RJ,2023-02-11,N
KC107289,Nagpur,MH,2026-07-05,N
KC107290,Delhi,DL,2025-11-14,N
KC107291,Warangal,TS,2025-05-03,N
KC107292,Warangal,TS,2024-06-11,N
KC107293,Aurangabad,MH,2024-09-15,N
KC107294,Hubballi,KA,2025-07-05,N
KC107295,Mysuru,KA,2025-05-03,N
KC107296,Nagpur,MH,2025-08-04,N
KC107297,Delhi,DL,2023-04-13,N
KC107298,Jaipur,RJ,2024-11-28,N
KC107299,Hyderabad,TS,2026-05-04,N
KC107300,Kota,RJ,2025-11-25,N
KC107301,Warangal,TS,2023-06-24,Y
KC107302,Mumbai,MH,2025-11-23,N
KC107303,Jaipur,RJ,2025-09-22,N
KC107304,Coimbatore,TN,2023-08-18,N
KC107305,Nagpur,MH,2025-04-30,N
KC107306,Nagpur,MH,2023-02-19,N
KC107307,Bhopal,MP,2023-12-16,N
KC107308,Bengaluru,KA,2024-05-06,N
KC107309,Mumbai,MH,2024-07-29,Y
KC107310,Aurangabad,MH,2025-02-03,N
KC107311,Hyderabad,TS,2023-03-25,N
KC107312,Indore,MP,2023-04-11,N
KC107313,Pune,MH,2023-05-20,N
KC107314,Warangal,TS,2024-06-26,N
KC107315,Lucknow,UP,2023-11-10,N
KC107316,Nagpur,MH,2024-01-29,N
KC107317,Nagpur,MH,2025-08-16,N
KC107318,Bhopal,MP,2023-11-06,N
KC107319,Hubballi,KA,2024-02-15,N
KC107320,Mumbai,MH,2023-05-11,Y
KC107321,Hyderabad,TS,2026-04-20,N
KC107322,Delhi,DL,2024-05-04,N
KC107323,Aurangabad,MH,2025-11-29,N
KC107324,Mumbai,MH,2023-08-19,N
KC107325,Hubballi,KA,2024-11-07,N
KC107326,Chennai,TN,2023-10-08,N
KC107327,Hyderabad,TS,2024-09-15,N
KC107328,Hyderabad,TS,2025-06-28,N
KC107329,Lucknow,UP,2023-01-12,N
KC107330,Nagpur,MH,2026-06-11,Y
KC107331,Nagpur,MH,2024-01-22,N
KC107332,Nashik,MH,2023-02-23,N
KC107333,Hyderabad,TS,2023-05-13,Y
KC107334,Lucknow,UP,2025-06-09,N
KC107335,Bengaluru,KA,2022-12-18,Y
KC107336,Mumbai,MH,2025-11-02,N
KC107337,Pune,MH,2025-08-20,Y
KC107338,Chennai,TN,2023-11-04,N
KC107339,Lucknow,UP,2026-06-14,Y
KC107340,Nagpur,MH,2024-05-04,N
KC107341,Delhi,DL,2024-03-25,Y
KC107342,Nagpur,MH,2023-04-25,N
KC107343,Indore,MP,2026-01-02,N
KC107344,Indore,MP,2026-08-09,N
KC107345,Aurangabad,MH,2024-07-02,N
KC107346,Jaipur,RJ,2026-05-15,N
KC107347,Jaipur,RJ,2024-10-13,N
KC107348,Hubballi,KA,2024-08-31,Y
KC107349,Mysuru,KA,2024-10-26,N
KC107350,Bhopal,MP,2025-05-14,N
KC107351,Warangal,TS,2025-09-14,N
KC107352,Bhopal,MP,2025-11-16,N
KC107353,Lucknow,UP,2025-06-09,N
KC107354,Mumbai,MH,2024-10-08,Y
KC107355,Nagpur,MH,2025-12-10,Y
KC107356,Indore,MP,2026-06-25,N
KC107357,Nashik,MH,2026-05-10,Y
KC107358,Jaipur,RJ,2025-11-07,Y
KC107359,Mumbai,MH,2023-07-28,N
KC107360,Delhi,DL,2023-10-21,N
KC107361,Aurangabad,MH,2025-04-07,N
KC107362,Pune,MH,2023-12-06,Y
KC107363,Nashik,MH,2026-06-04,N
KC107364,Hubballi,KA,2025-06-02,N
KC107365,Mysuru,KA,2024-05-02,N
KC107366,Coimbatore,TN,2024-12-11,N
KC107367,Nashik,MH,2025-04-17,N
KC107368,Lucknow,UP,2025-12-12,N
KC107369,Aurangabad,MH,2026-04-01,N
KC107370,Indore,MP,2023-07-26,N
KC107371,Bhopal,MP,2026-06-19,N
KC107372,Bengaluru,KA,2024-04-22,N
KC107373,Lucknow,UP,2026-07-19,N
KC107374,Lucknow,UP,2025-10-11,N
KC107375,Kota,RJ,2023-06-01,N
KC107376,Hubballi,KA,2022-12-19,N
KC107377,Bhopal,MP,2025-12-21,N
KC107378,Indore,MP,2026-08-03,N
KC107379,Chennai,TN,2025-05-01,Y
KC107380,Coimbatore,TN,2025-03-04,Y
KC107381,Mumbai,MH,2025-01-15,Y
KC107382,Jaipur,RJ,2024-05-28,N
KC107383,Mumbai,MH,2023-02-21,N
KC107384,Nagpur,MH,2024-12-16,N
KC107385,Coimbatore,TN,2024-05-08,N
KC107386,Mumbai,MH,2024-09-13,N
KC107387,Chennai,TN,2024-01-18,Y
KC107388,Aurangabad,MH,2025-09-24,N
KC107389,Kota,RJ,2024-03-23,N
KC107390,Mysuru,KA,2026-04-21,N
KC107391,Nagpur,MH,2024-05-07,N
KC107392,Aurangabad,MH,2024-09-17,Y
KC107393,Bengaluru,KA,2024-04-28,Y
KC107394,Delhi,DL,2024-08-08,N
KC107395,Delhi,DL,2024-05-30,Y
KC107396,Aurangabad,MH,2023-06-08,N
KC107397,Nashik,MH,2023-09-03,Y
KC107398,Aurangabad,MH,2025-06-20,N
KC107399,Bengaluru,KA,2024-12-16,N
KC107400,Indore,MP,2025-02-19,N
KC107401,Nashik,MH,2026-06-10,N
KC107402,Warangal,TS,2022-10-17,N
KC107403,Mumbai,MH,2025-07-11,N
KC107404,Mumbai,MH,2024-03-28,Y
KC107405,Bhopal,MP,2024-02-11,N
KC107406,Warangal,TS,2024-05-08,Y
KC107407,Bengaluru,KA,2023-06-11,N
KC107408,Hyderabad,TS,2025-11-09,N
KC107409,Warangal,TS,2023-11-12,N
KC107410,Hyderabad,TS,2024-12-14,N
KC107411,Warangal,TS,2025-09-04,N
KC107412,Mysuru,KA,2024-09-07,N
KC107413,Mumbai,MH,2024-11-15,N
KC107414,Kota,RJ,2023-07-21,N
KC107415,Nashik,MH,2023-09-26,N
KC107416,Indore,MP,2024-11-10,N
KC107417,Indore,MP,2024-03-13,Y
KC107418,Warangal,TS,2024-07-05,N
KC107419,Nashik,MH,2024-05-20,Y
KC107420,Nagpur,MH,2023-01-11,N
KC107421,Jaipur,RJ,2024-08-18,N
KC107422,Indore,MP,2026-03-09,N
KC107423,Hyderabad,TS,2024-08-16,Y
KC107424,Aurangabad,MH,2025-05-21,N
KC107425,Nashik,MH,2023-04-18,N
KC107426,Coimbatore,TN,2023-12-17,N
KC107427,Coimbatore,TN,2023-06-30,N
KC107428,Nagpur,MH,2026-07-05,N
KC107429,Mumbai,MH,2024-08-31,N
KC107430,Coimbatore,TN,2024-03-09,N
KC107431,Kota,RJ,2025-07-22,N
KC107432,Bengaluru,KA,2024-03-03,N
KC107433,Jaipur,RJ,2024-06-02,N
KC107434,Mumbai,MH,2024-07-22,N
KC107435,Delhi,DL,2024-06-10,N
KC107436,Delhi,DL,2025-08-10,Y
KC107437,Bengaluru,KA,2023-12-04,N
KC107438,Kota,RJ,2026-07-20,N
KC107439,Bengaluru,KA,2025-05-04,N
KC107440,Bhopal,MP,2025-11-22,N
KC107441,Hyderabad,TS,2025-08-19,N
KC107442,Warangal,TS,2025-09-12,N
KC107443,Warangal,TS,2024-07-26,N
KC107444,Jaipur,RJ,2024-03-01,N
KC107445,Warangal,TS,2025-10-12,Y
KC107446,Mysuru,KA,2025-10-11,N
KC107447,Kota,RJ,2024-07-03,N
KC107448,Aurangabad,MH,2024-05-11,N
KC107449,Nagpur,MH,2025-01-18,N
KC107450,Bhopal,MP,2023-01-25,Y
KC107451,Kota,RJ,2024-09-23,N
KC107452,Hubballi,KA,2023-12-16,N
KC107453,Pune,MH,2025-10-08,Y
KC107454,Nagpur,MH,2024-03-20,N
KC107455,Jaipur,RJ,2023-12-21,Y
KC107456,Chennai,TN,2025-08-08,N
KC107457,Hubballi,KA,2024-01-26,Y
KC107458,Aurangabad,MH,2025-12-03,Y
KC107459,Coimbatore,TN,2024-01-22,N
KC107460,Mumbai,MH,2023-12-21,Y
KC107461,Chennai,TN,2025-06-14,Y
KC107462,Hubballi,KA,2024-08-02,N
KC107463,Aurangabad,MH,2023-05-20,N
KC107464,Bhopal,MP,2025-10-09,N
KC107465,Lucknow,UP,2026-03-18,N
KC107466,Mysuru,KA,2022-12-15,N
KC107467,Mumbai,MH,2025-04-19,N
KC107468,Mysuru,KA,2026-07-12,N
KC107469,Kota,RJ,2025-06-12,N
KC107470,Aurangabad,MH,2024-03-11,N
KC107471,Nagpur,MH,2022-11-26,N
KC107472,Mysuru,KA,2023-10-18,N
KC107473,Indore,MP,2025-03-02,N
KC107474,Warangal,TS,2026-03-27,Y
KC107475,Bengaluru,KA,2024-06-17,N
KC107476,Bhopal,MP,2025-07-01,Y
KC107477,Chennai,TN,2026-01-03,N
KC107478,Kota,RJ,2026-04-26,Y
KC107479,Aurangabad,MH,2023-10-23,Y
KC107480,Delhi,DL,2026-06-24,N
KC107481,Pune,MH,2026-05-25,N
KC107482,Indore,MP,2024-10-04,N
KC107483,Hubballi,KA,2024-11-30,N
KC107484,Mysuru,KA,2023-02-06,N
KC107485,Kota,RJ,2024-04-13,N
KC107486,Kota,RJ,2025-11-23,N
KC107487,Warangal,TS,2022-10-17,N
KC107488,Warangal,TS,2025-08-02,N
KC107489,Mysuru,KA,2025-05-04,N
KC107490,Nagpur,MH,2024-01-27,N
KC107491,Bengaluru,KA,2024-02-03,N
KC107492,Hubballi,KA,2024-07-17,N
KC107493,Warangal,TS,2023-09-12,N
KC107494,Chennai,TN,2023-09-04,N
KC107495,Kota,RJ,2026-06-30,N
KC107496,Mumbai,MH,2024-01-03,N
KC107497,Mumbai,MH,2025-06-17,N
KC107498,Coimbatore,TN,2025-07-25,N
KC107499,Mysuru,KA,2022-11-28,N
KC107500,Hubballi,KA,2026-07-08,N
KC107501,Nagpur,MH,2023-02-20,Y
KC107502,Hubballi,KA,2025-02-24,N
KC107503,Hubballi,KA,2024-06-25,N
KC107504,Mysuru,KA,2024-01-31,N
KC107505,Nagpur,MH,2025-07-12,N
KC107506,Jaipur,RJ,2023-09-09,Y
KC107507,Indore,MP,2025-01-20,Y
KC107508,Kota,RJ,2023-04-19,N
KC107509,Bhopal,MP,2025-11-20,N
KC107510,Bengaluru,KA,2026-04-16,N
KC107511,Lucknow,UP,2025-04-22,N
KC107512,Kota,RJ,2025-10-11,N
KC107513,Aurangabad,MH,2024-04-22,N
KC107514,Jaipur,RJ,2023-03-10,N
KC107515,Coimbatore,TN,2024-11-05,N
KC107516,Hyderabad,TS,2023-08-04,Y
KC107517,Chennai,TN,2022-12-14,Y
KC107518,Hubballi,KA,2023-06-24,Y
KC107519,Chennai,TN,2026-06-18,N
KC107520,Lucknow,UP,2023-09-11,Y
KC107521,Nashik,MH,2026-03-04,Y
KC107522,Hubballi,KA,2024-06-25,Y
KC107523,Aurangabad,MH,2026-01-15,N
KC107524,Hubballi,KA,2025-11-19,N
KC107525,Lucknow,UP,2022-10-22,Y
KC107526,Mysuru,KA,2024-07-26,N
KC107527,Lucknow,UP,2024-04-22,N
KC107528,Pune,MH,2025-05-21,N
KC107529,Pune,MH,2024-10-16,N
KC107530,Indore,MP,2023-07-14,N
KC107531,Pune,MH,2024-12-24,Y
KC107532,Nashik,MH,2025-05-04,Y
KC107533,Coimbatore,TN,2024-03-20,Y
KC107534,Mumbai,MH,2024-05-27,N
KC107535,Lucknow,UP,2026-04-24,N
KC107536,Pune,MH,2023-10-28,N
KC107537,Bhopal,MP,2022-11-21,N
KC107538,Nagpur,MH,2023-01-08,Y
KC107539,Bhopal,MP,2025-06-23,Y
KC107540,Warangal,TS,2025-10-09,Y
KC107541,Bengaluru,KA,2025-04-04,Y
KC107542,Mysuru,KA,2026-05-23,Y
KC107543,Bengaluru,KA,2025-05-25,N
KC107544,Nashik,MH,2025-02-21,N
KC107545,Nashik,MH,2025-03-13,Y
KC107546,Hubballi,KA,2025-05-13,N
KC107547,Chennai,TN,2023-04-29,N
KC107548,Kota,RJ,2025-10-14,N
KC107549,Aurangabad,MH,2023-03-25,N
KC107550,Jaipur,RJ,2024-05-31,N
KC107551,Warangal,TS,2023-07-16,N
KC107552,Lucknow,UP,2024-09-01,N
KC107553,Kota,RJ,2025-11-02,N
KC107554,Coimbatore,TN,2023-08-25,Y
KC107555,Hubballi,KA,2024-06-01,N
KC107556,Nagpur,MH,2024-08-02,Y
KC107557,Delhi,DL,2024-10-24,N
KC107558,Bhopal,MP,2024-09-02,N
KC107559,Hyderabad,TS,2024-03-22,Y
KC107560,Delhi,DL,2025-03-17,N
KC107561,Nagpur,MH,2024-05-06,N
KC107562,Nashik,MH,2025-01-26,N
KC107563,Aurangabad,MH,2024-10-18,Y
KC107564,Aurangabad,MH,2025-07-01,N
KC107565,Nagpur,MH,2026-06-24,N
KC107566,Mumbai,MH,2024-05-31,N
KC107567,Mumbai,MH,2025-03-09,N
KC107568,Hubballi,KA,2025-09-19,N
KC107569,Nashik,MH,2025-02-26,N
KC107570,Lucknow,UP,2026-07-03,Y
KC107571,Jaipur,RJ,2025-02-05,N
KC107572,Kota,RJ,2024-03-02,N
KC107573,Jaipur,RJ,2024-01-25,N
KC107574,Pune,MH,2025-08-07,N
KC107575,Hyderabad,TS,2026-07-18,N
KC107576,Coimbatore,TN,2023-06-15,N
KC107577,Pune,MH,2023-09-08,N
KC107578,Bhopal,MP,2025-09-01,N
KC107579,Warangal,TS,2024-03-05,Y
KC107580,Kota,RJ,2025-12-03,N
KC107581,Mysuru,KA,2024-03-25,N
KC107582,Pune,MH,2025-08-26,Y
KC107583,Coimbatore,TN,2023-02-14,N
KC107584,Kota,RJ,2023-01-24,N
KC107585,Warangal,TS,2025-02-04,N
KC107586,Delhi,DL,2026-04-12,N
KC107587,Aurangabad,MH,2025-06-02,Y
KC107588,Hubballi,KA,2024-08-01,N
KC107589,Bengaluru,KA,2025-08-19,N
KC107590,Jaipur,RJ,2026-06-02,N
KC107591,Mysuru,KA,2026-06-29,N
KC107592,Bengaluru,KA,2026-04-21,Y
KC107593,Hubballi,KA,2025-12-20,N
KC107594,Warangal,TS,2026-06-27,N
KC107595,Nagpur,MH,2024-07-16,N
KC107596,Mysuru,KA,2026-05-20,N
KC107597,Lucknow,UP,2023-02-03,N
KC107598,Mysuru,KA,2023-11-19,N
KC107599,Coimbatore,TN,2026-03-23,N
KC107600,Indore,MP,2023-06-03,Y
KC107601,Pune,MH,2023-09-30,N
KC107602,Delhi,DL,2024-09-21,N
KC107603,Aurangabad,MH,2023-08-27,N
KC107604,Coimbatore,TN,2023-01-03,N
KC107605,Chennai,TN,2025-03-31,N
KC107606,Jaipur,RJ,2024-09-08,Y
KC107607,Bhopal,MP,2024-08-04,N
KC107608,Bengaluru,KA,2025-07-26,N
KC107609,Nagpur,MH,2024-07-05,N
KC107610,Delhi,DL,2023-06-25,Y
KC107611,Jaipur,RJ,2026-01-09,N
KC107612,Warangal,TS,2025-11-07,N
KC107613,Kota,RJ,2026-02-01,N
KC107614,Aurangabad,MH,2024-02-27,N
KC107615,Jaipur,RJ,2024-08-31,N
KC107616,Aurangabad,MH,2025-07-19,N
KC107617,Hyderabad,TS,2023-05-05,N
KC107618,Mysuru,KA,2023-07-09,N
KC107619,Pune,MH,2023-04-09,Y
KC107620,Lucknow,UP,2026-07-25,N
KC107621,Hyderabad,TS,2025-08-25,N
KC107622,Jaipur,RJ,2023-06-12,Y
KC107623,Indore,MP,2024-02-03,Y
KC107624,Lucknow,UP,2026-06-20,Y
KC107625,Indore,MP,2024-07-19,N
KC107626,Kota,RJ,2025-06-14,Y
KC107627,Indore,MP,2023-01-14,Y
KC107628,Hyderabad,TS,2023-11-05,N
KC107629,Nashik,MH,2026-04-23,N
KC107630,Kota,RJ,2023-08-27,N
KC107631,Hubballi,KA,2024-12-04,N
KC107632,Indore,MP,2023-02-05,N
KC107633,Kota,RJ,2025-11-22,Y
KC107634,Mysuru,KA,2023-02-15,N
KC107635,Mysuru,KA,2023-12-24,N
KC107636,Nagpur,MH,2023-09-25,N
KC107637,Nagpur,MH,2024-02-20,N
KC107638,Delhi,DL,2023-02-24,N
KC107639,Coimbatore,TN,2023-07-17,N
KC107640,Bengaluru,KA,2024-07-20,N
KC107641,Bhopal,MP,2024-04-06,N
KC107642,Jaipur,RJ,2025-11-15,N
KC107643,Nagpur,MH,2026-07-18,N
KC107644,Bengaluru,KA,2025-09-09,N
KC107645,Coimbatore,TN,2026-06-12,N
KC107646,Delhi,DL,2026-04-19,N
KC107647,Aurangabad,MH,2023-09-28,N
KC107648,Jaipur,RJ,2026-06-27,N
KC107649,Aurangabad,MH,2024-06-24,N
KC107650,Indore,MP,2025-10-10,N
KC107651,Bhopal,MP,2023-11-17,N
KC107652,Delhi,DL,2023-03-05,N
KC107653,Hyderabad,TS,2026-03-04,N
KC107654,Jaipur,RJ,2024-01-02,N
KC107655,Lucknow,UP,2023-03-03,N
KC107656,Hyderabad,TS,2023-08-25,N
KC107657,Lucknow,UP,2023-11-07,N
KC107658,Nagpur,MH,2024-07-21,Y
KC107659,Mumbai,MH,2023-01-31,N
KC107660,Bengaluru,KA,2023-01-10,N
KC107661,Delhi,DL,2025-07-13,N
KC107662,Chennai,TN,2024-09-25,Y
KC107663,Lucknow,UP,2023-03-08,N
KC107664,Coimbatore,TN,2024-02-22,N
KC107665,Pune,MH,2024-07-17,Y
KC107666,Warangal,TS,2025-08-30,N
KC107667,Lucknow,UP,2026-01-12,N
KC107668,Hubballi,KA,2024-06-05,N
KC107669,Bhopal,MP,2024-03-30,Y
KC107670,Nashik,MH,2023-04-17,N
KC107671,Chennai,TN,2023-01-08,N
KC107672,Mysuru,KA,2025-10-31,N
KC107673,Hyderabad,TS,2023-06-14,N
KC107674,Indore,MP,2023-10-19,Y
KC107675,Aurangabad,MH,2026-01-03,N
KC107676,Jaipur,RJ,2024-06-11,N
KC107677,Kota,RJ,2025-03-25,N
KC107678,Coimbatore,TN,2026-01-17,N
KC107679,Aurangabad,MH,2024-02-12,N
KC107680,Hyderabad,TS,2026-06-30,N
KC107681,Chennai,TN,2024-08-20,Y
KC107682,Mysuru,KA,2025-11-05,N
KC107683,Bengaluru,KA,2022-11-29,N
KC107684,Mysuru,KA,2025-09-05,N
KC107685,Hyderabad,TS,2025-12-05,Y
KC107686,Coimbatore,TN,2023-08-09,N
KC107687,Bengaluru,KA,2026-02-03,N
KC107688,Hyderabad,TS,2026-04-05,N
KC107689,Pune,MH,2024-06-01,Y
KC107690,Coimbatore,TN,2026-03-16,N
KC107691,Jaipur,RJ,2025-07-02,N
KC107692,Jaipur,RJ,2025-11-01,N
KC107693,Warangal,TS,2024-03-28,N
KC107694,Warangal,TS,2022-11-17,N
KC107695,Bengaluru,KA,2024-08-27,Y
KC107696,Mysuru,KA,2023-03-14,N
KC107697,Aurangabad,MH,2025-11-24,N
KC107698,Lucknow,UP,2026-01-13,N
KC107699,Hyderabad,TS,2023-01-22,N
KC107700,Nashik,MH,2025-06-03,N
KC107701,Bengaluru,KA,2023-11-18,Y
KC107702,Coimbatore,TN,2023-11-15,Y
KC107703,Pune,MH,2024-03-19,N
KC107704,Nagpur,MH,2024-01-15,N
KC107705,Mysuru,KA,2023-01-06,N
KC107706,Aurangabad,MH,2025-09-12,N
KC107707,Coimbatore,TN,2023-01-10,N
KC107708,Warangal,TS,2023-09-30,N
KC107709,Pune,MH,2025-07-06,N
KC107710,Hyderabad,TS,2024-02-15,N
KC107711,Lucknow,UP,2024-07-01,Y
KC107712,Mumbai,MH,2024-10-01,N
KC107713,Nagpur,MH,2026-03-08,Y
KC107714,Kota,RJ,2022-12-07,Y
KC107715,Hubballi,KA,2026-05-24,N
KC107716,Warangal,TS,2022-12-09,N
KC107717,Aurangabad,MH,2025-04-16,Y
KC107718,Bengaluru,KA,2026-04-09,N
KC107719,Mumbai,MH,2024-03-16,Y
KC107720,Nagpur,MH,2023-09-23,N
KC107721,Pune,MH,2024-01-11,Y
KC107722,Nagpur,MH,2023-04-29,N
KC107723,Coimbatore,TN,2023-07-07,Y
KC107724,Mumbai,MH,2024-02-05,Y
KC107725,Indore,MP,2025-04-23,Y
KC107726,Hyderabad,TS,2023-09-01,Y
KC107727,Bhopal,MP,2022-12-13,N
KC107728,Hyderabad,TS,2023-12-24,N
KC107729,Nagpur,MH,2024-08-29,N
KC107730,Jaipur,RJ,2022-11-05,N
KC107731,Coimbatore,TN,2023-03-10,N
KC107732,Kota,RJ,2024-05-06,N
KC107733,Pune,MH,2024-08-06,N
KC107734,Jaipur,RJ,2025-09-26,N
KC107735,Delhi,DL,2025-09-09,N
KC107736,Jaipur,RJ,2023-10-06,N
KC107737,Aurangabad,MH,2024-02-20,Y
KC107738,Nashik,MH,2025-08-31,N
KC107739,Aurangabad,MH,2022-11-06,Y
KC107740,Kota,RJ,2025-11-08,N
KC107741,Nagpur,MH,2022-11-13,N
KC107742,Aurangabad,MH,2025-06-08,N
KC107743,Indore,MP,2025-12-04,N
KC107744,Mysuru,KA,2024-09-14,N
KC107745,Pune,MH,2024-02-14,N
KC107746,Kota,RJ,2023-04-24,N
KC107747,Bhopal,MP,2023-07-21,N
KC107748,Nagpur,MH,2024-11-08,N
KC107749,Kota,RJ,2026-05-20,N
KC107750,Warangal,TS,2025-09-15,N
KC107751,Hyderabad,TS,2025-08-04,N
KC107752,Bhopal,MP,2025-03-12,N
KC107753,Kota,RJ,2024-04-02,N
KC107754,Delhi,DL,2026-02-03,N
KC107755,Kota,RJ,2025-09-03,N
KC107756,Mumbai,MH,2025-12-02,N
KC107757,Nashik,MH,2023-03-04,N
KC107758,Pune,MH,2026-03-21,N
KC107759,Mumbai,MH,2023-06-13,Y
KC107760,Hyderabad,TS,2025-11-25,N
KC107761,Mysuru,KA,2025-12-14,Y
KC107762,Mumbai,MH,2023-04-09,N
KC107763,Lucknow,UP,2024-04-04,Y
KC107764,Coimbatore,TN,2024-01-22,N
KC107765,Bhopal,MP,2024-10-22,N
KC107766,Coimbatore,TN,2023-07-24,N
KC107767,Nashik,MH,2025-09-16,N
KC107768,Bhopal,MP,2025-06-27,N
KC107769,Indore,MP,2024-03-14,Y
KC107770,Mysuru,KA,2025-05-18,N
KC107771,Coimbatore,TN,2024-08-28,N
KC107772,Nagpur,MH,2024-05-21,N
KC107773,Pune,MH,2023-07-30,N
KC107774,Aurangabad,MH,2026-02-20,N
KC107775,Coimbatore,TN,2025-08-21,N
KC107776,Hyderabad,TS,2025-12-13,N
KC107777,Nagpur,MH,2023-11-28,N
KC107778,Nagpur,MH,2025-10-03,N
KC107779,Hyderabad,TS,2026-04-24,N
KC107780,Pune,MH,2026-08-05,N
KC107781,Lucknow,UP,2024-05-25,N
KC107782,Jaipur,RJ,2024-06-24,N
KC107783,Lucknow,UP,2023-04-02,N
KC107784,Nashik,MH,2025-02-12,N
KC107785,Mumbai,MH,2024-04-07,N
KC107786,Aurangabad,MH,2024-10-28,N
KC107787,Chennai,TN,2024-01-28,N
KC107788,Coimbatore,TN,2025-10-05,N
KC107789,Kota,RJ,2025-05-17,N
KC107790,Warangal,TS,2025-07-07,N
KC107791,Mysuru,KA,2026-05-25,N
KC107792,Bhopal,MP,2022-12-06,Y
KC107793,Coimbatore,TN,2025-06-01,N
KC107794,Warangal,TS,2024-01-30,N
KC107795,Warangal,TS,2022-12-17,N
KC107796,Nashik,MH,2023-08-20,Y
KC107797,Hubballi,KA,2026-02-19,N
KC107798,Pune,MH,2023-01-16,N
KC107799,Kota,RJ,2023-01-15,N
KC107800,Nashik,MH,2023-02-26,N
KC107801,Coimbatore,TN,2023-11-18,Y
KC107802,Coimbatore,TN,2023-09-16,N
KC107803,Mumbai,MH,2022-12-14,N
KC107804,Lucknow,UP,2023-12-01,Y
KC107805,Hyderabad,TS,2024-06-03,N
KC107806,Bhopal,MP,2023-07-08,Y
KC107807,Indore,MP,2024-07-16,N
KC107808,Kota,RJ,2026-02-22,N
KC107809,Chennai,TN,2024-11-28,Y
KC107810,Hubballi,KA,2023-11-23,N
KC107811,Delhi,DL,2022-10-22,Y
KC107812,Hubballi,KA,2026-04-18,N
KC107813,Pune,MH,2024-03-13,N
KC107814,Lucknow,UP,2025-08-14,N
KC107815,Aurangabad,MH,2022-12-14,Y
KC107816,Mumbai,MH,2023-05-21,Y
KC107817,Nashik,MH,2023-09-02,N
KC107818,Chennai,TN,2024-01-22,Y
KC107819,Aurangabad,MH,2026-06-29,Y
KC107820,Indore,MP,2024-10-05,N
KC107821,Coimbatore,TN,2025-09-09,N
KC107822,Bhopal,MP,2024-08-25,N
KC107823,Pune,MH,2025-05-18,Y
KC107824,Nashik,MH,2023-09-15,N
KC107825,Delhi,DL,2023-02-25,N
KC107826,Hubballi,KA,2024-09-23,N
KC107827,Delhi,DL,2023-02-13,N
KC107828,Hyderabad,TS,2024-03-09,Y
KC107829,Kota,RJ,2024-11-21,N
KC107830,Bhopal,MP,2024-08-01,N
KC107831,Bhopal,MP,2025-10-25,N
KC107832,Pune,MH,2025-06-11,N
KC107833,Lucknow,UP,2025-06-30,N
KC107834,Mysuru,KA,2024-06-21,N
KC107835,Bengaluru,KA,2025-12-15,N
KC107836,Aurangabad,MH,2025-03-15,N
KC107837,Chennai,TN,2025-03-04,N
KC107838,Mumbai,MH,2026-03-19,N
KC107839,Mysuru,KA,2024-07-14,N
KC107840,Mumbai,MH,2023-10-09,N
KC107841,Chennai,TN,2026-07-22,N
KC107842,Delhi,DL,2025-12-18,N
KC107843,Delhi,DL,2025-04-22,N
KC107844,Pune,MH,2022-12-07,Y
KC107845,Aurangabad,MH,2023-03-17,N
KC107846,Indore,MP,2025-07-20,N
KC107847,Delhi,DL,2026-07-14,Y
KC107848,Coimbatore,TN,2022-10-22,N
KC107849,Hyderabad,TS,2023-07-08,N
KC107850,Warangal,TS,2026-07-23,N
KC107851,Hyderabad,TS,2026-01-05,N
KC107852,Hyderabad,TS,2022-12-14,N
KC107853,Mumbai,MH,2024-10-23,N
KC107854,Aurangabad,MH,2025-12-26,N
KC107855,Hubballi,KA,2025-07-30,N
KC107856,Indore,MP,2023-01-07,N
KC107857,Warangal,TS,2024-11-01,Y
KC107858,Aurangabad,MH,2026-08-14,N
KC107859,Nashik,MH,2023-10-26,N
KC107860,Delhi,DL,2023-12-12,N
KC107861,Jaipur,RJ,2023-02-21,N
KC107862,Mysuru,KA,2023-02-28,Y
KC107863,Bhopal,MP,2025-03-15,Y
KC107864,Bengaluru,KA,2024-07-29,N
KC107865,Warangal,TS,2024-10-21,N
KC107866,Indore,MP,2024-03-27,Y
KC107867,Nagpur,MH,2026-02-28,N
KC107868,Hubballi,KA,2023-10-13,N
KC107869,Bhopal,MP,2024-10-10,N
KC107870,Lucknow,UP,2024-04-20,N
KC107871,Kota,RJ,2026-07-24,N
KC107872,Delhi,DL,2022-12-14,N
KC107873,Bengaluru,KA,2023-07-16,Y
KC107874,Coimbatore,TN,2023-06-12,N
KC107875,Hyderabad,TS,2025-05-13,N
KC107876,Nashik,MH,2023-03-25,N
KC107877,Mumbai,MH,2025-04-28,N
KC107878,Pune,MH,2023-04-06,N
KC107879,Indore,MP,2025-11-26,Y
KC107880,Nashik,MH,2023-05-07,N
KC107881,Mysuru,KA,2023-11-29,N
KC107882,Pune,MH,2022-12-14,Y
KC107883,Bengaluru,KA,2024-08-03,N
KC107884,Indore,MP,2024-03-28,N
KC107885,Indore,MP,2026-02-22,N
KC107886,Bengaluru,KA,2024-02-02,N
KC107887,Chennai,TN,2026-02-11,N
KC107888,Lucknow,UP,2022-12-03,Y
KC107889,Bhopal,MP,2026-08-07,N
KC107890,Delhi,DL,2024-09-07,N
KC107891,Nashik,MH,2024-10-14,N
KC107892,Nagpur,MH,2023-06-02,N
KC107893,Kota,RJ,2025-08-27,N
KC107894,Hyderabad,TS,2024-06-27,N
KC107895,Bhopal,MP,2024-05-04,N
KC107896,Nashik,MH,2025-04-23,N
KC107897,Pune,MH,2022-12-17,N
KC107898,Lucknow,UP,2024-10-26,N
KC107899,Lucknow,UP,2023-04-16,N
KC107900,Delhi,DL,2026-08-06,N
KC107901,Nashik,MH,2025-03-18,Y
KC107902,Delhi,DL,2025-08-07,Y
KC107903,Nashik,MH,2025-03-06,Y
KC107904,Delhi,DL,2025-05-15,N
KC107905,Lucknow,UP,2025-09-16,N
KC107906,Jaipur,RJ,2024-05-15,N
KC107907,Mumbai,MH,2026-01-07,N
KC107908,Nagpur,MH,2023-07-04,Y
KC107909,Indore,MP,2024-04-10,N
KC107910,Hubballi,KA,2022-10-22,Y
KC107911,Mumbai,MH,2026-03-05,N
KC107912,Hyderabad,TS,2023-09-11,Y
KC107913,Lucknow,UP,2025-08-20,N
KC107914,Chennai,TN,2024-07-21,N
KC107915,Warangal,TS,2026-03-16,Y
KC107916,Indore,MP,2025-08-31,N
KC107917,Coimbatore,TN,2026-06-08,N
KC107918,Jaipur,RJ,2026-08-10,N
KC107919,Kota,RJ,2026-03-11,N
KC107920,Aurangabad,MH,2025-06-22,Y
KC107921,Coimbatore,TN,2023-05-20,N
KC107922,Hyderabad,TS,2023-07-01,N
KC107923,Delhi,DL,2023-01-06,Y
KC107924,Jaipur,RJ,2025-03-16,Y
KC107925,Kota,RJ,2025-04-01,N
KC107926,Coimbatore,TN,2025-04-09,Y
KC107927,Warangal,TS,2025-08-25,N
KC107928,Warangal,TS,2022-11-12,N
KC107929,Mumbai,MH,2024-05-24,Y
KC107930,Mysuru,KA,2026-06-02,N
KC107931,Jaipur,RJ,2025-03-15,N
KC107932,Kota,RJ,2024-10-01,N
KC107933,Delhi,DL,2023-05-22,N
KC107934,Bengaluru,KA,2025-10-26,N
KC107935,Hyderabad,TS,2025-07-24,N
KC107936,Indore,MP,2023-10-14,N
KC107937,Bhopal,MP,2024-01-21,N
KC107938,Lucknow,UP,2024-04-23,N
KC107939,Hubballi,KA,2025-04-02,Y
KC107940,Hyderabad,TS,2023-12-26,N
KC107941,Kota,RJ,2023-07-20,Y
KC107942,Aurangabad,MH,2023-11-07,Y
KC107943,Pune,MH,2024-05-20,N
KC107944,Bengaluru,KA,2025-10-02,Y
KC107945,Chennai,TN,2023-02-10,N
KC107946,Kota,RJ,2024-04-20,N
KC107947,Pune,MH,2022-10-27,N
KC107948,Indore,MP,2025-10-14,N
KC107949,Lucknow,UP,2025-07-14,N
KC107950,Chennai,TN,2025-03-10,Y
KC107951,Aurangabad,MH,2025-05-27,N
KC107952,Hubballi,KA,2026-02-10,N
KC107953,Pune,MH,2024-05-31,N
KC107954,Hyderabad,TS,2022-12-23,N
KC107955,Kota,RJ,2023-04-19,N
KC107956,Bhopal,MP,2024-08-24,N
KC107957,Chennai,TN,2025-04-26,N
KC107958,Pune,MH,2024-07-27,N
KC107959,Warangal,TS,2023-12-19,Y
KC107960,Nagpur,MH,2022-11-04,N
KC107961,Delhi,DL,2026-01-31,Y
KC107962,Lucknow,UP,2025-04-16,N
KC107963,Mumbai,MH,2025-01-31,Y
KC107964,Nashik,MH,2025-01-23,N
KC107965,Bengaluru,KA,2023-01-23,N
KC107966,Warangal,TS,2023-03-02,N
KC107967,Mysuru,KA,2023-08-20,N
KC107968,Pune,MH,2026-01-13,N
KC107969,Mumbai,MH,2024-12-07,Y
KC107970,Indore,MP,2023-08-13,Y
KC107971,Bhopal,MP,2023-10-12,N
KC107972,Hubballi,KA,2025-03-28,Y
KC107973,Aurangabad,MH,2025-01-09,N
KC107974,Hubballi,KA,2023-09-05,N
KC107975,Kota,RJ,2025-08-01,N
KC107976,Delhi,DL,2024-10-29,Y
KC107977,Lucknow,UP,2024-08-21,Y
KC107978,Jaipur,RJ,2024-06-17,N
KC107979,Jaipur,RJ,2024-09-05,N
KC107980,Chennai,TN,2024-10-06,N
KC107981,Pune,MH,2026-02-21,N
KC107982,Indore,MP,2023-12-23,N
KC107983,Nagpur,MH,2026-06-16,Y
KC107984,Jaipur,RJ,2024-03-25,N
KC107985,Mumbai,MH,2022-11-08,N
KC107986,Aurangabad,MH,2025-03-17,N
KC107987,Nagpur,MH,2026-07-09,Y
KC107988,Mysuru,KA,2025-10-03,Y
KC107989,Jaipur,RJ,2026-01-16,N
KC107990,Hyderabad,TS,2024-12-01,Y
KC107991,Hubballi,KA,2024-01-20,N
KC107992,Pune,MH,2024-06-12,N
KC107993,Coimbatore,TN,2025-05-22,Y
KC107994,Jaipur,RJ,2024-07-31,N
KC107995,Delhi,DL,2025-10-24,N
KC107996,Hyderabad,TS,2025-10-30,Y
KC107997,Chennai,TN,2023-11-09,N
KC107998,Pune,MH,2023-02-08,N
KC107999,Jaipur,RJ,2023-05-10,N
KC108000,Nashik,MH,2024-06-02,N
KC108001,Nashik,MH,2023-04-13,N
KC108002,Pune,MH,2023-07-30,N
KC108003,Bengaluru,KA,2024-09-19,N
KC108004,Kota,RJ,2025-08-20,N
KC108005,Chennai,TN,2025-03-13,N
KC108006,Mysuru,KA,2023-11-18,N
KC108007,Bengaluru,KA,2025-04-22,N
KC108008,Mysuru,KA,2024-11-05,Y
KC108009,Kota,RJ,2024-02-11,N
KC108010,Delhi,DL,2024-07-26,Y
KC108011,Pune,MH,2025-06-17,N
KC108012,Nagpur,MH,2025-08-11,N
KC108013,Aurangabad,MH,2025-11-04,N
KC108014,Jaipur,RJ,2025-09-29,N
KC108015,Mysuru,KA,2023-12-14,Y
KC108016,Hubballi,KA,2025-06-05,Y
KC108017,Mumbai,MH,2023-12-11,N
KC108018,Kota,RJ,2025-11-19,Y
KC108019,Delhi,DL,2023-08-23,N
KC108020,Mysuru,KA,2024-07-29,N
KC108021,Warangal,TS,2025-01-28,N
KC108022,Mysuru,KA,2026-01-07,N
KC108023,Indore,MP,2026-04-29,N
KC108024,Chennai,TN,2025-01-19,N
KC108025,Nashik,MH,2023-08-27,Y
KC108026,Hubballi,KA,2026-08-11,Y
KC108027,Kota,RJ,2024-09-04,Y
KC108028,Hyderabad,TS,2026-03-29,N
KC108029,Jaipur,RJ,2026-08-10,N
KC108030,Delhi,DL,2023-02-03,N
KC108031,Bengaluru,KA,2023-08-20,N
KC108032,Bengaluru,KA,2026-02-24,Y
KC108033,Coimbatore,TN,2023-09-06,N
KC108034,Mysuru,KA,2024-08-19,N
KC108035,Chennai,TN,2023-06-11,N
KC108036,Nashik,MH,2023-09-16,N
KC108037,Nashik,MH,2025-09-16,N
KC108038,Nagpur,MH,2026-05-07,N
KC108039,Mysuru,KA,2025-04-20,N
KC108040,Indore,MP,2024-10-26,N
KC108041,Pune,MH,2024-06-04,N
KC108042,Nagpur,MH,2026-03-08,N
KC108043,Kota,RJ,2023-02-28,N
KC108044,Delhi,DL,2025-09-09,N
KC108045,Coimbatore,TN,2026-06-09,N
KC108046,Bengaluru,KA,2024-08-14,N
KC108047,Aurangabad,MH,2024-07-01,N
KC108048,Aurangabad,MH,2024-10-11,Y
KC108049,Coimbatore,TN,2024-07-21,N
KC108050,Mumbai,MH,2023-06-14,N
KC108051,Bhopal,MP,2024-04-12,N
KC108052,Kota,RJ,2026-03-05,N
KC108053,Hubballi,KA,2026-08-09,N
KC108054,Mysuru,KA,2024-01-18,N
KC108055,Mysuru,KA,2024-11-09,Y
KC108056,Kota,RJ,2025-03-05,N
KC108057,Pune,MH,2023-03-27,Y
KC108058,Bhopal,MP,2024-12-21,N
KC108059,Hyderabad,TS,2026-04-04,N
KC108060,Jaipur,RJ,2024-02-26,N
KC108061,Bhopal,MP,2024-10-03,N
KC108062,Hyderabad,TS,2025-12-03,N
KC108063,Mumbai,MH,2023-02-15,N
KC108064,Mumbai,MH,2024-11-13,N
KC108065,Bhopal,MP,2026-03-24,N
KC108066,Bengaluru,KA,2024-06-29,Y
KC108067,Kota,RJ,2024-07-31,N
KC108068,Lucknow,UP,2025-01-12,Y
KC108069,Mysuru,KA,2025-11-16,N
KC108070,Nashik,MH,2023-06-25,N
KC108071,Nagpur,MH,2025-03-05,N
KC108072,Nagpur,MH,2024-12-21,Y
KC108073,Kota,RJ,2024-04-12,N
KC108074,Nashik,MH,2025-03-29,Y
KC108075,Coimbatore,TN,2023-02-03,N
KC108076,Bengaluru,KA,2025-05-25,N
KC108077,Aurangabad,MH,2024-11-12,N
KC108078,Hyderabad,TS,2023-03-04,N
KC108079,Nagpur,MH,2025-06-09,N
KC108080,Indore,MP,2023-03-05,Y
KC108081,Mysuru,KA,2026-01-08,N
KC108082,Jaipur,RJ,2024-10-01,Y
KC108083,Delhi,DL,2024-12-24,N
KC108084,Kota,RJ,2023-10-07,N
KC108085,Lucknow,UP,2024-04-17,Y
KC108086,Delhi,DL,2023-05-28,N
KC108087,Bhopal,MP,2023-03-07,N
KC108088,Nashik,MH,2023-05-13,N
KC108089,Mumbai,MH,2024-02-12,N
KC108090,Hyderabad,TS,2025-03-30,N
KC108091,Bhopal,MP,2023-04-23,N
KC108092,Coimbatore,TN,2024-04-26,N
KC108093,Kota,RJ,2025-10-10,Y
KC108094,Mumbai,MH,2025-07-21,N
KC108095,Bengaluru,KA,2024-04-22,N
KC108096,Aurangabad,MH,2022-10-26,N
KC108097,Coimbatore,TN,2023-10-31,N
KC108098,Chennai,TN,2023-02-13,N
KC108099,Bengaluru,KA,2025-01-03,N
KC108100,Nashik,MH,2022-10-31,N
KC108101,Hubballi,KA,2024-08-28,N
KC108102,Lucknow,UP,2023-07-16,N
KC108103,Warangal,TS,2023-12-07,N
KC108104,Bengaluru,KA,2022-12-02,Y
KC108105,Nagpur,MH,2025-10-01,N
KC108106,Hubballi,KA,2024-05-02,N
KC108107,Mumbai,MH,2025-02-28,N
KC108108,Jaipur,RJ,2024-05-02,N
KC108109,Bengaluru,KA,2024-09-19,N
KC108110,Aurangabad,MH,2023-08-30,N
KC108111,Mysuru,KA,2025-11-19,N
KC108112,Coimbatore,TN,2026-05-26,N
KC108113,Chennai,TN,2023-05-21,Y
KC108114,Warangal,TS,2025-10-20,Y
KC108115,Indore,MP,2025-02-02,N
KC108116,Pune,MH,2023-03-21,N
KC108117,Lucknow,UP,2026-05-26,N
KC108118,Aurangabad,MH,2023-02-12,N
KC108119,Jaipur,RJ,2024-03-18,N
KC108120,Nagpur,MH,2023-09-16,Y
KC108121,Aurangabad,MH,2024-02-14,N
KC108122,Coimbatore,TN,2024-06-26,N
KC108123,Mumbai,MH,2025-06-13,N
KC108124,Nagpur,MH,2026-07-22,N
KC108125,Kota,RJ,2024-07-19,N
KC108126,Kota,RJ,2023-06-17,N
KC108127,Lucknow,UP,2023-03-10,N
KC108128,Hubballi,KA,2026-02-25,N
KC108129,Mumbai,MH,2026-04-18,N
KC108130,Pune,MH,2025-10-24,N
KC108131,Delhi,DL,2023-07-05,N
KC108132,Pune,MH,2025-06-14,N
KC108133,Lucknow,UP,2024-08-03,Y
KC108134,Jaipur,RJ,2026-04-19,N
KC108135,Kota,RJ,2026-07-24,N
KC108136,Mumbai,MH,2023-09-27,N
KC108137,Hubballi,KA,2022-11-05,N
KC108138,Warangal,TS,2026-06-04,Y
KC108139,Nashik,MH,2025-01-25,N
KC108140,Mumbai,MH,2024-10-01,Y
KC108141,Bhopal,MP,2024-09-06,N
KC108142,Hyderabad,TS,2024-12-19,N
KC108143,Hyderabad,TS,2024-12-23,Y
KC108144,Nagpur,MH,2024-11-07,N
KC108145,Indore,MP,2025-03-19,N
KC108146,Hubballi,KA,2025-02-16,N
KC108147,Coimbatore,TN,2024-01-13,Y
KC108148,Coimbatore,TN,2025-08-09,N
KC108149,Warangal,TS,2025-01-02,Y
KC108150,Bengaluru,KA,2024-11-27,N
KC108151,Bengaluru,KA,2023-01-12,Y
KC108152,Lucknow,UP,2025-06-18,N
KC108153,Nagpur,MH,2024-12-21,N
KC108154,Nagpur,MH,2022-11-17,N
KC108155,Nagpur,MH,2025-12-18,N
KC108156,Bhopal,MP,2024-02-22,N
KC108157,Warangal,TS,2024-03-12,N
KC108158,Warangal,TS,2023-11-19,Y
KC108159,Nagpur,MH,2024-08-03,N
KC108160,Bengaluru,KA,2025-07-31,N
KC108161,Hubballi,KA,2023-02-22,N
KC108162,Mysuru,KA,2022-12-20,Y
KC108163,Indore,MP,2025-05-19,Y
KC108164,Nagpur,MH,2024-07-11,Y
KC108165,Hubballi,KA,2023-10-21,N
KC108166,Bengaluru,KA,2025-06-12,N
KC108167,Hubballi,KA,2023-05-12,Y
KC108168,Pune,MH,2025-04-25,N
KC108169,Kota,RJ,2025-10-22,N
KC108170,Jaipur,RJ,2024-09-03,N
KC108171,Kota,RJ,2022-11-26,Y
KC108172,Indore,MP,2024-12-25,N
KC108173,Delhi,DL,2024-02-26,N
KC108174,Hubballi,KA,2023-02-09,N
KC108175,Hyderabad,TS,2023-11-30,N
KC108176,Lucknow,UP,2025-04-09,N
KC108177,Mysuru,KA,2025-04-05,Y
KC108178,Indore,MP,2025-05-06,N
KC108179,Coimbatore,TN,2023-08-08,Y
KC108180,Aurangabad,MH,2024-03-18,N
KC108181,Nagpur,MH,2026-03-11,Y
KC108182,Mumbai,MH,2024-08-14,Y
KC108183,Kota,RJ,2023-11-25,N
KC108184,Hubballi,KA,2026-01-11,N
KC108185,Bhopal,MP,2022-11-22,N
KC108186,Indore,MP,2024-02-11,N
KC108187,Warangal,TS,2024-12-04,Y
KC108188,Kota,RJ,2024-11-03,N
KC108189,Warangal,TS,2024-09-23,N
KC108190,Bhopal,MP,2023-10-21,Y
KC108191,Nagpur,MH,2024-09-06,N
KC108192,Coimbatore,TN,2025-11-24,N
KC108193,Warangal,TS,2024-10-21,Y
KC108194,Hyderabad,TS,2024-04-15,N
KC108195,Bhopal,MP,2023-07-05,Y
KC108196,Jaipur,RJ,2025-11-18,N
KC108197,Delhi,DL,2025-03-03,N
KC108198,Coimbatore,TN,2025-03-15,Y
KC108199,Hubballi,KA,2023-03-11,N
KC108200,Hubballi,KA,2022-12-15,N
KC108201,Hubballi,KA,2024-08-30,Y
KC108202,Hubballi,KA,2025-09-01,N
KC108203,Coimbatore,TN,2023-05-14,N
KC108204,Bhopal,MP,2023-04-04,N
KC108205,Jaipur,RJ,2023-07-05,N
KC108206,Nashik,MH,2025-01-18,N
KC108207,Kota,RJ,2024-03-22,N
KC108208,Bengaluru,KA,2023-01-10,N
KC108209,Aurangabad,MH,2022-11-19,N
KC108210,Nashik,MH,2024-04-03,Y
KC108211,Bengaluru,KA,2025-03-28,N
KC108212,Coimbatore,TN,2024-12-29,N
KC108213,Delhi,DL,2025-12-06,N
KC108214,Chennai,TN,2025-10-29,N
KC108215,Mumbai,MH,2024-01-20,N
KC108216,Delhi,DL,2024-09-21,N
KC108217,Bengaluru,KA,2023-06-13,N
KC108218,Jaipur,RJ,2023-12-14,N
KC108219,Delhi,DL,2023-05-01,N
KC108220,Hyderabad,TS,2023-09-03,N
KC108221,Pune,MH,2025-09-12,Y
KC108222,Hyderabad,TS,2024-01-09,N
KC108223,Nagpur,MH,2026-01-02,N
KC108224,Lucknow,UP,2022-10-23,N
KC108225,Mumbai,MH,2022-10-19,N
KC108226,Chennai,TN,2024-05-14,N
KC108227,Warangal,TS,2022-12-04,N
KC108228,Jaipur,RJ,2025-06-10,N
KC108229,Delhi,DL,2025-06-11,N
KC108230,Aurangabad,MH,2026-01-03,N
KC108231,Nashik,MH,2026-08-09,N
KC108232,Kota,RJ,2025-10-07,N
KC108233,Kota,RJ,2023-08-26,N
KC108234,Mumbai,MH,2023-12-21,N
KC108235,Mumbai,MH,2023-03-16,N
KC108236,Aurangabad,MH,2024-03-12,N
KC108237,Delhi,DL,2024-07-10,N
KC108238,Aurangabad,MH,2025-11-24,N
KC108239,Nagpur,MH,2026-06-15,N
KC108240,Pune,MH,2026-01-10,Y
KC108241,Chennai,TN,2023-07-28,N
KC108242,Chennai,TN,2025-02-03,Y
KC108243,Pune,MH,2025-11-02,N
KC108244,Mumbai,MH,2023-10-01,N
KC108245,Pune,MH,2024-05-31,N
KC108246,Hubballi,KA,2026-05-10,N
KC108247,Delhi,DL,2025-08-21,N
KC108248,Mysuru,KA,2024-12-24,N
KC108249,Jaipur,RJ,2024-11-04,N
KC108250,Nashik,MH,2025-08-27,N
KC108251,Hyderabad,TS,2024-10-22,Y
KC108252,Mumbai,MH,2023-12-06,N
KC108253,Mumbai,MH,2025-11-27,N
KC108254,Coimbatore,TN,2023-07-26,Y
KC108255,Chennai,TN,2026-03-25,N
KC108256,Coimbatore,TN,2024-02-19,N
KC108257,Kota,RJ,2022-10-16,N
KC108258,Kota,RJ,2025-09-27,N
KC108259,Kota,RJ,2022-11-15,Y
KC108260,Aurangabad,MH,2022-12-09,N
KC108261,Chennai,TN,2025-04-30,N
KC108262,Hubballi,KA,2025-10-16,N
KC108263,Chennai,TN,2024-11-13,N
KC108264,Coimbatore,TN,2022-12-07,Y
KC108265,Pune,MH,2022-11-03,N
KC108266,Aurangabad,MH,2025-09-30,N
KC108267,Nagpur,MH,2025-03-16,N
KC108268,Lucknow,UP,2024-05-13,N
KC108269,Nagpur,MH,2026-01-22,N
KC108270,Indore,MP,2022-12-15,N
KC108271,Indore,MP,2025-03-03,N
KC108272,Bhopal,MP,2026-04-01,N
KC108273,Nagpur,MH,2023-12-20,N
KC108274,Warangal,TS,2023-06-27,N
KC108275,Lucknow,UP,2023-01-24,N
KC108276,Aurangabad,MH,2023-10-06,N
KC108277,Nashik,MH,2024-07-01,N
KC108278,Jaipur,RJ,2024-07-02,N
KC108279,Coimbatore,TN,2022-12-07,N
KC108280,Kota,RJ,2024-09-27,N
KC108281,Indore,MP,2026-04-07,N
KC108282,Nagpur,MH,2026-01-16,N
KC108283,Nashik,MH,2026-07-25,N
KC108284,Pune,MH,2022-11-03,Y
KC108285,Aurangabad,MH,2023-08-22,N
KC108286,Bengaluru,KA,2023-11-21,N
KC108287,Aurangabad,MH,2022-10-24,Y
KC108288,Nashik,MH,2024-11-11,N
KC108289,Indore,MP,2023-09-12,Y
KC108290,Hubballi,KA,2026-02-18,N
KC108291,Jaipur,RJ,2026-07-08,N
KC108292,Nagpur,MH,2022-10-16,N
KC108293,Bhopal,MP,2026-05-05,N
KC108294,Warangal,TS,2026-06-30,Y
KC108295,Mumbai,MH,2026-05-06,N
KC108296,Pune,MH,2023-05-07,N
KC108297,Indore,MP,2025-10-26,N
KC108298,Pune,MH,2026-04-28,N
KC108299,Mumbai,MH,2023-09-12,N
KC108300,Pune,MH,2024-10-16,N
KC108301,Chennai,TN,2025-08-19,N
KC108302,Pune,MH,2026-04-03,Y
KC108303,Indore,MP,2024-06-11,N
KC108304,Coimbatore,TN,2025-08-11,N
KC108305,Kota,RJ,2024-11-07,Y
KC108306,Warangal,TS,2024-12-29,N
KC108307,Lucknow,UP,2023-11-02,N
KC108308,Lucknow,UP,2026-06-03,N
KC108309,Lucknow,UP,2024-01-19,N
KC108310,Chennai,TN,2024-04-27,N
KC108311,Nagpur,MH,2025-03-10,N
KC108312,Mumbai,MH,2025-10-24,N
KC108313,Kota,RJ,2023-01-07,Y
KC108314,Mysuru,KA,2025-10-07,N
KC108315,Jaipur,RJ,2025-06-13,N
KC108316,Lucknow,UP,2026-07-24,N
KC108317,Pune,MH,2024-11-01,N
KC108318,Nashik,MH,2026-07-25,N
KC108319,Nashik,MH,2025-03-21,N
KC108320,Bhopal,MP,2025-10-03,N
KC108321,Coimbatore,TN,2023-01-10,N
KC108322,Chennai,TN,2024-06-22,N
KC108323,Nashik,MH,2023-06-18,N
KC108324,Nashik,MH,2023-09-25,Y
KC108325,Indore,MP,2023-03-10,N
KC108326,Bhopal,MP,2026-06-23,N
KC108327,Aurangabad,MH,2023-09-11,N
KC108328,Coimbatore,TN,2025-07-03,N
KC108329,Delhi,DL,2022-10-22,N
KC108330,Kota,RJ,2024-02-25,N
KC108331,Nashik,MH,2023-03-13,N
KC108332,Warangal,TS,2025-05-16,N
KC108333,Aurangabad,MH,2024-03-08,N
KC108334,Bhopal,MP,2025-11-23,N
KC108335,Coimbatore,TN,2025-05-03,N
KC108336,Jaipur,RJ,2024-03-18,N
KC108337,Coimbatore,TN,2026-02-21,N
KC108338,Nagpur,MH,2023-10-06,Y
KC108339,Delhi,DL,2025-09-15,N
KC108340,Indore,MP,2026-07-09,N
KC108341,Bhopal,MP,2025-12-11,N
KC108342,Delhi,DL,2025-10-19,N
KC108343,Hyderabad,TS,2025-10-02,Y
KC108344,Nashik,MH,2026-03-25,N
KC108345,Pune,MH,2023-05-30,N
KC108346,Nashik,MH,2025-12-05,Y
KC108347,Kota,RJ,2024-06-18,Y
KC108348,Hubballi,KA,2025-07-03,N
KC108349,Warangal,TS,2024-12-07,N
KC108350,Pune,MH,2023-09-27,N
KC108351,Nashik,MH,2025-03-28,Y
KC108352,Nashik,MH,2023-12-31,N
KC108353,Warangal,TS,2024-08-10,N
KC108354,Pune,MH,2026-02-02,Y
KC108355,Chennai,TN,2025-05-12,N
KC108356,Pune,MH,2023-07-22,N
KC108357,Lucknow,UP,2025-08-26,Y
KC108358,Kota,RJ,2023-10-08,N
KC108359,Aurangabad,MH,2025-02-07,N
KC108360,Pune,MH,2025-01-17,N
KC108361,Coimbatore,TN,2023-02-03,Y
KC108362,Chennai,TN,2023-11-05,Y
KC108363,Chennai,TN,2024-02-24,N
KC108364,Jaipur,RJ,2024-10-06,N
KC108365,Bengaluru,KA,2023-05-14,Y
KC108366,Nashik,MH,2023-08-24,N
KC108367,Mumbai,MH,2024-11-03,N
KC108368,Mysuru,KA,2023-12-28,N
KC108369,Coimbatore,TN,2025-05-22,N
KC108370,Mumbai,MH,2026-06-13,N
KC108371,Jaipur,RJ,2026-03-26,N
KC108372,Coimbatore,TN,2023-07-11,N
KC108373,Bhopal,MP,2024-06-04,N
KC108374,Aurangabad,MH,2026-06-16,N
KC108375,Delhi,DL,2025-01-15,N
KC108376,Delhi,DL,2024-02-17,Y
KC108377,Lucknow,UP,2025-09-20,Y
KC108378,Lucknow,UP,2023-07-01,N
KC108379,Nagpur,MH,2026-07-17,N
KC108380,Mysuru,KA,2024-06-01,N
KC108381,Nashik,MH,2023-10-11,N
KC108382,Chennai,TN,2025-03-29,N
KC108383,Kota,RJ,2023-06-29,N
KC108384,Nagpur,MH,2023-11-19,N
KC108385,Mumbai,MH,2023-12-17,N
KC108386,Lucknow,UP,2024-07-25,N
KC108387,Nashik,MH,2025-09-08,Y
KC108388,Aurangabad,MH,2025-06-27,Y
KC108389,Bhopal,MP,2024-06-16,N
KC108390,Hyderabad,TS,2024-03-26,N
KC108391,Mumbai,MH,2024-01-07,N
KC108392,Bhopal,MP,2023-09-19,N
KC108393,Kota,RJ,2025-09-14,Y
KC108394,Pune,MH,2024-11-20,N
KC108395,Nashik,MH,2026-01-22,N
KC108396,Bhopal,MP,2024-10-17,N
KC108397,Coimbatore,TN,2023-11-23,N
KC108398,Hubballi,KA,2025-06-24,N
KC108399,Mumbai,MH,2024-10-04,N
KC108400,Hubballi,KA,2023-02-04,N
KC108401,Bhopal,MP,2024-06-10,N
KC108402,Mumbai,MH,2025-08-23,N
KC108403,Indore,MP,2024-06-19,N
KC108404,Kota,RJ,2026-01-29,N
KC108405,Nashik,MH,2025-12-04,Y
KC108406,Warangal,TS,2024-07-21,N
KC108407,Nagpur,MH,2024-08-02,N
KC108408,Mysuru,KA,2026-05-07,N
KC108409,Delhi,DL,2026-03-10,N
KC108410,Kota,RJ,2025-09-25,N
KC108411,Chennai,TN,2022-10-19,N
KC108412,Coimbatore,TN,2023-03-27,N
KC108413,Indore,MP,2022-12-31,N
KC108414,Lucknow,UP,2024-09-28,N
KC108415,Coimbatore,TN,2025-10-02,N
KC108416,Bhopal,MP,2025-12-26,N
KC108417,Lucknow,UP,2024-08-10,N
KC108418,Nashik,MH,2025-07-25,N
KC108419,Nagpur,MH,2026-01-10,N
KC108420,Indore,MP,2026-07-16,N
KC108421,Pune,MH,2025-02-01,N
KC108422,Jaipur,RJ,2025-02-11,Y
KC108423,Jaipur,RJ,2023-06-22,Y
KC108424,Warangal,TS,2023-12-06,N
KC108425,Jaipur,RJ,2026-07-13,Y
KC108426,Coimbatore,TN,2024-11-30,N
KC108427,Nashik,MH,2026-02-27,N
KC108428,Coimbatore,TN,2023-04-12,Y
KC108429,Nashik,MH,2023-12-19,Y
KC108430,Mysuru,KA,2025-01-26,N
KC108431,Hubballi,KA,2025-05-20,N
KC108432,Pune,MH,2024-12-14,N
KC108433,Nagpur,MH,2026-08-10,N
KC108434,Kota,RJ,2024-07-28,N
KC108435,Kota,RJ,2024-10-18,N
KC108436,Delhi,DL,2023-02-22,N
KC108437,Bhopal,MP,2024-01-15,N
KC108438,Mysuru,KA,2024-01-01,Y
KC108439,Jaipur,RJ,2026-04-04,N
KC108440,Coimbatore,TN,2023-09-19,N
KC108441,Mumbai,MH,2025-01-03,N
KC108442,Chennai,TN,2026-02-23,N
KC108443,Mumbai,MH,2024-07-04,N
KC108444,Chennai,TN,2026-06-13,N
KC108445,Delhi,DL,2023-03-10,N
KC108446,Pune,MH,2025-08-31,Y
KC108447,Kota,RJ,2025-10-06,N
KC108448,Hyderabad,TS,2026-03-21,N
KC108449,Warangal,TS,2024-05-23,Y
KC108450,Bengaluru,KA,2025-09-19,N
KC108451,Delhi,DL,2025-05-03,Y
KC108452,Lucknow,UP,2025-09-06,N
KC108453,Pune,MH,2024-12-13,Y
KC108454,Bhopal,MP,2025-08-28,N
KC108455,Coimbatore,TN,2024-01-08,N
KC108456,Bhopal,MP,2022-10-15,N
KC108457,Chennai,TN,2024-11-28,N
KC108458,Hyderabad,TS,2023-04-25,N
KC108459,Hubballi,KA,2025-02-05,N
KC108460,Kota,RJ,2024-09-20,N
KC108461,Hyderabad,TS,2023-02-27,N
KC108462,Warangal,TS,2026-05-03,Y
KC108463,Hyderabad,TS,2024-01-26,N
KC108464,Chennai,TN,2025-01-20,N
KC108465,Hubballi,KA,2024-12-11,N
KC108466,Nashik,MH,2024-01-07,N
KC108467,Pune,MH,2024-09-03,N
KC108468,Mumbai,MH,2024-08-19,Y
KC108469,Hyderabad,TS,2024-02-02,N
KC108470,Warangal,TS,2024-01-22,N
KC108471,Mumbai,MH,2023-06-24,Y
KC108472,Mysuru,KA,2024-01-10,N
KC108473,Indore,MP,2024-06-29,N
KC108474,Indore,MP,2026-06-22,N
KC108475,Mumbai,MH,2024-08-18,N
KC108476,Aurangabad,MH,2024-01-05,N
KC108477,Indore,MP,2025-04-10,N
KC108478,Nagpur,MH,2025-03-26,N
KC108479,Indore,MP,2026-02-08,N
KC108480,Hubballi,KA,2022-11-11,N
KC108481,Mumbai,MH,2025-07-15,N
KC108482,Lucknow,UP,2023-09-26,Y
KC108483,Mysuru,KA,2026-04-11,N
KC108484,Aurangabad,MH,2024-04-01,N
KC108485,Bengaluru,KA,2025-10-28,N
KC108486,Delhi,DL,2023-05-03,N
KC108487,Hyderabad,TS,2026-05-19,Y
KC108488,Bhopal,MP,2023-03-25,N
KC108489,Jaipur,RJ,2024-12-01,N
KC108490,Lucknow,UP,2023-02-14,N
KC108491,Mysuru,KA,2023-07-16,N
KC108492,Nashik,MH,2024-10-27,N
KC108493,Chennai,TN,2026-01-24,N
KC108494,Chennai,TN,2026-01-15,N
KC108495,Hubballi,KA,2025-01-29,N
KC108496,Coimbatore,TN,2024-10-31,Y
KC108497,Bengaluru,KA,2025-12-16,N
KC108498,Jaipur,RJ,2022-11-18,Y
KC108499,Mysuru,KA,2025-03-13,N
KC108500,Hyderabad,TS,2025-05-26,N
KC108501,Warangal,TS,2023-03-11,N
KC108502,Pune,MH,2026-06-07,N
KC108503,Hubballi,KA,2024-09-03,N
KC108504,Nagpur,MH,2024-01-31,N
KC108505,Nagpur,MH,2024-10-14,N
KC108506,Aurangabad,MH,2024-12-30,N
KC108507,Delhi,DL,2024-02-17,N
KC108508,Lucknow,UP,2023-01-31,N
KC108509,Chennai,TN,2025-06-03,N
KC108510,Kota,RJ,2026-06-20,N
KC108511,Warangal,TS,2025-03-23,N
KC108512,Aurangabad,MH,2024-06-14,Y
KC108513,Bhopal,MP,2023-01-21,N
KC108514,Coimbatore,TN,2023-07-12,Y
KC108515,Hubballi,KA,2024-03-05,N
KC108516,Nagpur,MH,2023-08-29,N
KC108517,Delhi,DL,2025-10-07,N
KC108518,Coimbatore,TN,2025-03-01,Y
KC108519,Chennai,TN,2022-11-28,N
KC108520,Nashik,MH,2024-11-05,N
KC108521,Lucknow,UP,2025-03-02,N
KC108522,Hyderabad,TS,2023-09-14,N
KC108523,Pune,MH,2025-05-01,N
KC108524,Delhi,DL,2026-01-19,N
KC108525,Jaipur,RJ,2023-12-09,N
KC108526,Mumbai,MH,2026-02-23,Y
KC108527,Pune,MH,2023-08-01,N
KC108528,Aurangabad,MH,2023-01-04,Y
KC108529,Delhi,DL,2025-09-19,N
KC108530,Chennai,TN,2025-11-28,N
KC108531,Jaipur,RJ,2023-02-21,N
KC108532,Nashik,MH,2023-01-09,N
KC108533,Chennai,TN,2023-12-11,N
KC108534,Bhopal,MP,2026-03-16,N
KC108535,Mumbai,MH,2024-05-31,N
KC108536,Delhi,DL,2024-05-17,N
KC108537,Hubballi,KA,2024-06-01,N
KC108538,Pune,MH,2025-03-03,N
KC108539,Indore,MP,2025-03-25,N
KC108540,Delhi,DL,2025-11-08,N
KC108541,Warangal,TS,2022-10-27,N
KC108542,Delhi,DL,2025-01-28,Y
KC108543,Kota,RJ,2023-11-23,N
KC108544,Nagpur,MH,2026-04-10,Y
KC108545,Kota,RJ,2023-12-25,N
KC108546,Coimbatore,TN,2023-09-28,N
KC108547,Nashik,MH,2024-11-02,Y
KC108548,Lucknow,UP,2026-01-26,N
KC108549,Bengaluru,KA,2024-05-19,N
KC108550,Warangal,TS,2023-02-18,Y
KC108551,Kota,RJ,2025-12-02,N
KC108552,Warangal,TS,2024-01-20,N
KC108553,Lucknow,UP,2026-06-12,N
KC108554,Nashik,MH,2025-03-08,N
KC108555,Pune,MH,2025-01-30,N
KC108556,Indore,MP,2023-08-24,Y
KC108557,Mumbai,MH,2023-09-25,N
KC108558,Jaipur,RJ,2025-05-20,N
KC108559,Mumbai,MH,2024-03-07,Y
KC108560,Pune,MH,2023-01-07,N
KC108561,Coimbatore,TN,2023-11-23,N
KC108562,Kota,RJ,2024-01-25,N
KC108563,Coimbatore,TN,2023-05-18,N
KC108564,Chennai,TN,2024-05-16,N
KC108565,Coimbatore,TN,2024-03-20,N
KC108566,Aurangabad,MH,2024-03-21,N
KC108567,Jaipur,RJ,2023-04-17,Y
KC108568,Indore,MP,2025-07-18,Y
KC108569,Indore,MP,2023-10-05,N
KC108570,Kota,RJ,2024-01-25,N
KC108571,Coimbatore,TN,2025-06-09,N
KC108572,Mysuru,KA,2023-04-02,N
KC108573,Mumbai,MH,2024-12-14,N
KC108574,Indore,MP,2024-02-24,N
KC108575,Hubballi,KA,2024-09-14,N
KC108576,Warangal,TS,2024-12-30,Y
KC108577,Hubballi,KA,2023-02-14,Y
KC108578,Pune,MH,2023-02-24,N
KC108579,Jaipur,RJ,2025-08-29,N
KC108580,Nashik,MH,2024-05-27,N
KC108581,Nagpur,MH,2026-03-06,N
KC108582,Indore,MP,2023-11-06,N
KC108583,Aurangabad,MH,2024-05-29,N
KC108584,Kota,RJ,2024-03-15,Y
KC108585,Aurangabad,MH,2023-01-24,N
KC108586,Warangal,TS,2023-10-21,N
KC108587,Hubballi,KA,2024-07-16,Y
KC108588,Bengaluru,KA,2025-07-13,N
KC108589,Lucknow,UP,2023-06-20,N
KC108590,Coimbatore,TN,2024-01-05,N
KC108591,Bhopal,MP,2024-07-30,N
KC108592,Chennai,TN,2023-08-02,Y
KC108593,Nagpur,MH,2023-06-16,N
KC108594,Warangal,TS,2025-01-09,N
KC108595,Mysuru,KA,2024-07-27,N
KC108596,Lucknow,UP,2026-01-23,N
KC108597,Jaipur,RJ,2025-04-16,Y
KC108598,Warangal,TS,2025-12-27,N
KC108599,Nagpur,MH,2024-07-05,Y
KC108600,Warangal,TS,2025-08-20,N
KC108601,Nashik,MH,2026-06-06,N
KC108602,Warangal,TS,2025-08-12,N
KC108603,Bengaluru,KA,2024-10-07,N
KC108604,Warangal,TS,2024-01-26,N
KC108605,Hubballi,KA,2024-01-02,N
KC108606,Bengaluru,KA,2023-03-11,N
KC108607,Chennai,TN,2023-08-15,Y
KC108608,Coimbatore,TN,2024-03-25,N
KC108609,Mumbai,MH,2023-09-05,N
KC108610,Mysuru,KA,2025-03-03,N
KC108611,Chennai,TN,2023-11-22,Y
KC108612,Hyderabad,TS,2024-12-14,N
KC108613,Bhopal,MP,2026-01-08,N
KC108614,Mysuru,KA,2023-03-29,N
KC108615,Pune,MH,2025-01-09,N
KC108616,Coimbatore,TN,2026-02-01,Y
KC108617,Mysuru,KA,2025-09-26,N
KC108618,Mumbai,MH,2025-06-19,N
KC108619,Lucknow,UP,2026-05-27,N
KC108620,Kota,RJ,2025-01-22,N
KC108621,Nagpur,MH,2025-06-09,N
KC108622,Delhi,DL,2024-01-25,N
KC108623,Bhopal,MP,2023-10-29,Y
KC108624,Lucknow,UP,2024-11-02,Y
KC108625,Hubballi,KA,2024-12-18,N
KC108626,Hyderabad,TS,2026-01-10,N
KC108627,Hubballi,KA,2026-01-25,N
KC108628,Chennai,TN,2024-06-10,N
KC108629,Jaipur,RJ,2024-11-14,N
KC108630,Hubballi,KA,2025-12-25,N
KC108631,Jaipur,RJ,2023-04-21,N
KC108632,Lucknow,UP,2023-07-25,Y
KC108633,Aurangabad,MH,2024-04-11,N
KC108634,Mysuru,KA,2025-03-07,Y
KC108635,Indore,MP,2026-03-29,N
KC108636,Nashik,MH,2023-12-17,N
KC108637,Indore,MP,2025-04-02,Y
KC108638,Coimbatore,TN,2025-04-20,N
KC108639,Mumbai,MH,2026-06-28,N
KC108640,Kota,RJ,2025-03-07,N
KC108641,Bhopal,MP,2026-05-23,N
KC108642,Indore,MP,2023-04-23,N
KC108643,Mumbai,MH,2024-01-08,N
KC108644,Delhi,DL,2025-04-06,N
KC108645,Delhi,DL,2022-11-03,N
KC108646,Mysuru,KA,2024-12-03,N
KC108647,Bengaluru,KA,2025-01-31,N
KC108648,Indore,MP,2025-01-02,N
KC108649,Nagpur,MH,2024-07-13,Y
KC108650,Indore,MP,2023-10-22,N
KC108651,Bengaluru,KA,2026-06-14,N
KC108652,Nashik,MH,2023-11-08,Y
KC108653,Nagpur,MH,2025-11-15,N
KC108654,Delhi,DL,2026-01-11,N
KC108655,Kota,RJ,2025-09-02,Y
KC108656,Delhi,DL,2025-06-03,N
KC108657,Jaipur,RJ,2024-01-19,Y
KC108658,Nagpur,MH,2023-10-14,N
KC108659,Bhopal,MP,2023-03-16,Y
KC108660,Bhopal,MP,2025-12-28,N
KC108661,Indore,MP,2024-09-24,Y
KC108662,Bengaluru,KA,2025-11-21,N
KC108663,Coimbatore,TN,2025-10-26,N
KC108664,Nagpur,MH,2024-10-22,N
KC108665,Kota,RJ,2024-05-10,Y
KC108666,Mumbai,MH,2023-03-20,N
KC108667,Mumbai,MH,2023-11-21,N
KC108668,Hyderabad,TS,2025-04-29,N
KC108669,Warangal,TS,2024-03-25,Y
KC108670,Pune,MH,2024-08-20,N
KC108671,Lucknow,UP,2022-12-25,Y
KC108672,Mysuru,KA,2026-06-14,N
KC108673,Warangal,TS,2025-03-20,N
KC108674,Hyderabad,TS,2023-03-31,N
KC108675,Aurangabad,MH,2024-03-27,N
KC108676,Bhopal,MP,2026-04-02,N
KC108677,Warangal,TS,2026-02-11,N
KC108678,Nagpur,MH,2026-06-22,Y
KC108679,Pune,MH,2023-10-22,Y
KC108680,Warangal,TS,2023-05-12,N
KC108681,Coimbatore,TN,2023-08-24,N
KC108682,Hyderabad,TS,2026-08-08,N
KC108683,Delhi,DL,2024-10-25,N
KC108684,Indore,MP,2023-02-27,N
KC108685,Jaipur,RJ,2025-04-03,N
KC108686,Nashik,MH,2023-03-03,N
KC108687,Nagpur,MH,2025-06-07,N
KC108688,Warangal,TS,2024-05-04,N
KC108689,Coimbatore,TN,2024-07-03,N
KC108690,Coimbatore,TN,2026-08-13,N
KC108691,Hyderabad,TS,2025-09-06,N
KC108692,Warangal,TS,2024-09-29,N
KC108693,Jaipur,RJ,2024-02-13,N
KC108694,Aurangabad,MH,2025-02-19,N
KC108695,Nagpur,MH,2022-11-26,N
KC108696,Nagpur,MH,2024-09-04,N
KC108697,Nashik,MH,2026-03-18,N
KC108698,Indore,MP,2025-03-24,N
KC108699,Jaipur,RJ,2023-12-21,Y
KC108700,Delhi,DL,2025-07-16,Y
KC108701,Delhi,DL,2023-11-05,N
KC108702,Nagpur,MH,2023-06-06,N
KC108703,Delhi,DL,2023-02-26,N
KC108704,Chennai,TN,2023-10-13,N
KC108705,Jaipur,RJ,2024-06-04,Y
KC108706,Mysuru,KA,2026-06-03,N
KC108707,Indore,MP,2024-03-07,N
KC108708,Mumbai,MH,2023-12-31,Y
KC108709,Bengaluru,KA,2023-07-30,N
KC108710,Hubballi,KA,2023-12-03,N
KC108711,Pune,MH,2025-03-07,N
KC108712,Hubballi,KA,2024-02-14,N
KC108713,Lucknow,UP,2026-02-04,Y
KC108714,Hyderabad,TS,2023-08-20,Y
KC108715,Nashik,MH,2023-12-23,N
KC108716,Nagpur,MH,2026-02-10,N
KC108717,Hubballi,KA,2024-03-21,N
KC108718,Kota,RJ,2025-08-04,N
KC108719,Warangal,TS,2025-04-07,N
KC108720,Delhi,DL,2026-03-10,N
KC108721,Nashik,MH,2023-09-21,N
KC108722,Coimbatore,TN,2026-02-04,N
KC108723,Hubballi,KA,2022-10-24,N
KC108724,Mumbai,MH,2023-05-26,N
KC108725,Warangal,TS,2024-02-25,Y
KC108726,Bhopal,MP,2023-01-25,N
KC108727,Bhopal,MP,2024-02-14,N
KC108728,Mumbai,MH,2025-08-27,Y
KC108729,Mumbai,MH,2024-02-19,N
KC108730,Aurangabad,MH,2024-05-03,Y
KC108731,Aurangabad,MH,2024-01-24,N
KC108732,Hyderabad,TS,2026-02-14,N
KC108733,Hyderabad,TS,2025-11-02,N
KC108734,Pune,MH,2023-11-03,N
KC108735,Chennai,TN,2024-08-27,N
KC108736,Delhi,DL,2025-03-19,N
KC108737,Hubballi,KA,2024-08-17,Y
KC108738,Mumbai,MH,2026-02-04,N
KC108739,Indore,MP,2025-08-06,N
KC108740,Bhopal,MP,2024-10-07,N
KC108741,Coimbatore,TN,2023-03-25,N
KC108742,Coimbatore,TN,2023-03-11,Y
KC108743,Warangal,TS,2025-09-02,N
KC108744,Mumbai,MH,2024-07-10,Y
KC108745,Lucknow,UP,2025-01-26,N
KC108746,Chennai,TN,2023-01-03,N
KC108747,Mysuru,KA,2022-12-09,N
KC108748,Delhi,DL,2023-12-08,N
KC108749,Hubballi,KA,2023-01-22,N
KC108750,Pune,MH,2022-10-16,Y
KC108751,Pune,MH,2025-03-09,N
KC108752,Aurangabad,MH,2025-12-11,N
KC108753,Delhi,DL,2025-11-16,N
KC108754,Aurangabad,MH,2022-11-28,N
KC108755,Kota,RJ,2026-03-31,N
KC108756,Warangal,TS,2026-05-27,N
KC108757,Chennai,TN,2025-11-12,N
KC108758,Mumbai,MH,2023-08-11,N
KC108759,Mysuru,KA,2025-09-23,N
KC108760,Kota,RJ,2024-07-16,N
KC108761,Coimbatore,TN,2026-01-07,N
KC108762,Lucknow,UP,2024-02-14,N
KC108763,Nashik,MH,2022-11-03,N
KC108764,Hubballi,KA,2024-09-18,N
KC108765,Hubballi,KA,2023-07-12,N
KC108766,Warangal,TS,2023-04-01,N
KC108767,Mumbai,MH,2023-06-17,N
KC108768,Mysuru,KA,2024-08-05,N
KC108769,Mumbai,MH,2024-04-13,N
KC108770,Indore,MP,2025-07-20,N
KC108771,Indore,MP,2023-05-11,N
KC108772,Hyderabad,TS,2026-03-11,N
KC108773,Lucknow,UP,2025-04-16,Y
KC108774,Coimbatore,TN,2024-12-27,N
KC108775,Chennai,TN,2022-11-21,Y
KC108776,Lucknow,UP,2023-04-29,N
KC108777,Nagpur,MH,2023-02-11,Y
KC108778,Chennai,TN,2026-08-06,N
KC108779,Bengaluru,KA,2025-10-02,N
KC108780,Kota,RJ,2024-03-15,N
KC108781,Delhi,DL,2023-05-02,N
KC108782,Hyderabad,TS,2025-12-14,Y
KC108783,Indore,MP,2024-03-27,N
KC108784,Kota,RJ,2026-07-09,N
KC108785,Hyderabad,TS,2022-10-24,N
KC108786,Coimbatore,TN,2023-03-18,N
KC108787,Coimbatore,TN,2024-04-07,N
KC108788,Jaipur,RJ,2026-07-19,N
KC108789,Jaipur,RJ,2025-11-02,N
KC108790,Kota,RJ,2023-08-20,Y
KC108791,Aurangabad,MH,2025-01-16,N
KC108792,Warangal,TS,2022-11-15,Y
KC108793,Nagpur,MH,2024-06-09,N
KC108794,Kota,RJ,2025-04-08,N
KC108795,Hyderabad,TS,2025-05-10,N
KC108796,Mysuru,KA,2025-07-13,N
KC108797,Lucknow,UP,2023-03-08,Y
KC108798,Kota,RJ,2024-12-26,Y
KC108799,Mysuru,KA,2025-11-15,N
KC108800,Mysuru,KA,2023-02-11,Y
KC108801,Indore,MP,2024-04-16,Y
KC108802,Lucknow,UP,2022-11-24,N
KC108803,Chennai,TN,2026-05-21,N
KC108804,Hyderabad,TS,2023-12-06,Y
KC108805,Chennai,TN,2025-02-20,N
KC108806,Lucknow,UP,2023-11-29,N
KC108807,Lucknow,UP,2023-12-29,Y
KC108808,Pune,MH,2024-05-17,N
KC108809,Indore,MP,2025-03-23,N
KC108810,Lucknow,UP,2023-10-28,N
KC108811,Nagpur,MH,2024-01-02,N
KC108812,Pune,MH,2024-02-07,N
KC108813,Delhi,DL,2024-12-10,Y
KC108814,Nagpur,MH,2026-08-14,N
KC108815,Pune,MH,2023-11-10,N
KC108816,Nagpur,MH,2023-05-03,N
KC108817,Delhi,DL,2025-08-19,N
KC108818,Coimbatore,TN,2026-07-16,Y
KC108819,Mysuru,KA,2025-04-04,N
KC108820,Nagpur,MH,2026-01-06,N
KC108821,Chennai,TN,2025-01-16,Y
KC108822,Mumbai,MH,2023-07-31,N
KC108823,Hubballi,KA,2024-02-08,N
KC108824,Pune,MH,2022-12-25,N
KC108825,Nagpur,MH,2025-07-13,N
KC108826,Delhi,DL,2024-09-21,N
KC108827,Kota,RJ,2022-12-08,N
KC108828,Indore,MP,2025-03-15,N
KC108829,Kota,RJ,2025-04-16,Y
KC108830,Indore,MP,2025-12-05,Y
KC108831,Nagpur,MH,2024-08-31,N
KC108832,Bengaluru,KA,2023-03-29,Y
KC108833,Pune,MH,2023-12-30,N
KC108834,Nagpur,MH,2024-11-08,N
KC108835,Hyderabad,TS,2026-03-10,N
KC108836,Mumbai,MH,2024-10-16,N
KC108837,Hyderabad,TS,2024-01-29,Y
KC108838,Bengaluru,KA,2024-09-16,Y
KC108839,Jaipur,RJ,2023-09-01,N
KC108840,Nagpur,MH,2026-07-22,N
KC108841,Delhi,DL,2024-04-28,N
KC108842,Coimbatore,TN,2026-06-29,N
KC108843,Hubballi,KA,2025-07-08,N
KC108844,Delhi,DL,2023-08-21,N
KC108845,Bengaluru,KA,2025-11-04,N
KC108846,Pune,MH,2024-10-24,N
KC108847,Chennai,TN,2024-01-28,N
KC108848,Delhi,DL,2024-08-14,N
KC108849,Delhi,DL,2023-07-23,N
KC108850,Mysuru,KA,2024-06-01,N
KC108851,Delhi,DL,2024-06-12,N
KC108852,Bhopal,MP,2024-12-28,N
KC108853,Nagpur,MH,2026-02-19,N
KC108854,Hyderabad,TS,2025-04-02,N
KC108855,Bhopal,MP,2023-05-26,N
KC108856,Jaipur,RJ,2023-11-20,N
KC108857,Pune,MH,2024-07-05,N
KC108858,Kota,RJ,2024-11-21,N
KC108859,Aurangabad,MH,2025-09-18,Y
KC108860,Bhopal,MP,2023-10-30,N
KC108861,Bhopal,MP,2023-01-09,N
KC108862,Mysuru,KA,2025-12-05,N
KC108863,Delhi,DL,2024-10-23,N
KC108864,Nashik,MH,2026-04-14,N
KC108865,Chennai,TN,2025-01-29,Y
KC108866,Indore,MP,2022-11-24,Y
KC108867,Mumbai,MH,2025-05-15,N
KC108868,Mumbai,MH,2025-01-25,N
KC108869,Hubballi,KA,2026-02-12,N
KC108870,Pune,MH,2026-05-30,N
KC108871,Aurangabad,MH,2025-02-14,N
KC108872,Hyderabad,TS,2024-07-13,N
KC108873,Mumbai,MH,2023-08-05,N
KC108874,Chennai,TN,2023-03-15,N
KC108875,Jaipur,RJ,2025-12-03,Y
KC108876,Pune,MH,2023-09-10,Y
KC108877,Aurangabad,MH,2025-01-21,N
KC108878,Nagpur,MH,2023-06-13,N
KC108879,Kota,RJ,2023-08-05,Y
KC108880,Bengaluru,KA,2023-10-02,N
KC108881,Nashik,MH,2025-02-09,N
KC108882,Indore,MP,2025-01-09,N
KC108883,Mysuru,KA,2026-03-17,N
KC108884,Mysuru,KA,2024-01-13,Y
KC108885,Chennai,TN,2025-03-18,N
KC108886,Mumbai,MH,2023-01-21,Y
KC108887,Indore,MP,2024-12-03,N
KC108888,Delhi,DL,2025-03-24,N
KC108889,Hyderabad,TS,2025-08-21,Y
KC108890,Indore,MP,2023-11-04,Y
KC108891,Hyderabad,TS,2024-10-23,Y
KC108892,Warangal,TS,2025-04-12,N
KC108893,Hubballi,KA,2023-09-16,Y
KC108894,Kota,RJ,2025-09-07,N
KC108895,Kota,RJ,2024-09-03,N
KC108896,Lucknow,UP,2024-10-08,N
KC108897,Warangal,TS,2022-11-10,N
KC108898,Nashik,MH,2026-02-14,N
KC108899,Nashik,MH,2024-03-02,Y
KC108900,Coimbatore,TN,2024-09-29,Y
KC108901,Nagpur,MH,2023-04-27,N
KC108902,Lucknow,UP,2022-12-01,N
KC108903,Nashik,MH,2025-10-19,N
KC108904,Lucknow,UP,2025-06-28,N
KC108905,Chennai,TN,2025-11-08,Y
KC108906,Hubballi,KA,2024-10-01,N
KC108907,Indore,MP,2026-03-09,N
KC108908,Bhopal,MP,2023-02-21,N
KC108909,Lucknow,UP,2025-03-06,N
KC108910,Bengaluru,KA,2024-06-10,N
KC108911,Mumbai,MH,2024-01-04,Y
KC108912,Aurangabad,MH,2025-11-02,Y
KC108913,Indore,MP,2023-08-21,N
KC108914,Mysuru,KA,2026-01-04,N
KC108915,Bhopal,MP,2024-04-18,N
KC108916,Nashik,MH,2026-01-07,N
KC108917,Bhopal,MP,2024-10-18,Y
KC108918,Coimbatore,TN,2022-10-16,N
KC108919,Indore,MP,2023-03-29,N
KC108920,Bengaluru,KA,2024-09-14,N
KC108921,Mysuru,KA,2025-05-16,N
KC108922,Chennai,TN,2024-04-02,N
KC108923,Jaipur,RJ,2023-02-02,N
KC108924,Bengaluru,KA,2024-01-03,N
KC108925,Warangal,TS,2022-12-06,N
KC108926,Coimbatore,TN,2024-01-06,N
KC108927,Delhi,DL,2023-11-08,N
KC108928,Mumbai,MH,2023-11-03,N
KC108929,Hubballi,KA,2025-11-28,Y
KC108930,Nashik,MH,2023-05-07,N
KC108931,Hubballi,KA,2023-08-26,N
KC108932,Aurangabad,MH,2026-01-22,N
KC108933,Hubballi,KA,2025-05-31,N
KC108934,Nashik,MH,2024-06-21,N
KC108935,Warangal,TS,2024-03-11,Y
KC108936,Mumbai,MH,2024-03-27,N
KC108937,Delhi,DL,2023-06-10,Y
KC108938,Jaipur,RJ,2025-01-03,N
KC108939,Pune,MH,2024-07-26,N
KC108940,Hubballi,KA,2023-08-23,N
KC108941,Bhopal,MP,2022-12-12,Y
KC108942,Indore,MP,2025-03-30,N
KC108943,Delhi,DL,2026-02-23,N
KC108944,Chennai,TN,2022-11-02,N
KC108945,Hubballi,KA,2026-03-27,N
KC108946,Mysuru,KA,2022-10-20,N
KC108947,Hyderabad,TS,2024-11-04,N
KC108948,Kota,RJ,2024-05-18,N
KC108949,Nashik,MH,2025-05-04,Y
KC108950,Indore,MP,2026-04-07,Y
KC108951,Kota,RJ,2024-11-27,N
KC108952,Kota,RJ,2024-07-06,N
KC108953,Kota,RJ,2023-10-27,N
KC108954,Nashik,MH,2024-11-16,N
KC108955,Bengaluru,KA,2026-04-25,N
KC108956,Warangal,TS,2023-06-20,Y
KC108957,Pune,MH,2026-03-30,Y
KC108958,Hyderabad,TS,2024-09-02,N
KC108959,Hubballi,KA,2023-06-21,N
KC108960,Nashik,MH,2025-08-24,Y
KC108961,Mumbai,MH,2023-10-02,N
KC108962,Pune,MH,2025-10-19,N
KC108963,Mumbai,MH,2024-10-27,N
KC108964,Jaipur,RJ,2026-06-21,Y
KC108965,Warangal,TS,2022-11-01,N
KC108966,Aurangabad,MH,2023-01-07,N
KC108967,Pune,MH,2023-10-19,N
KC108968,Bengaluru,KA,2024-10-31,N
KC108969,Aurangabad,MH,2023-03-11,N
KC108970,Mumbai,MH,2026-05-23,N
KC108971,Mysuru,KA,2025-09-27,N
KC108972,Aurangabad,MH,2022-10-24,N
KC108973,Chennai,TN,2023-11-16,Y
KC108974,Bhopal,MP,2024-09-14,N
KC108975,Delhi,DL,2024-01-08,Y
KC108976,Kota,RJ,2024-12-17,Y
KC108977,Mysuru,KA,2025-03-18,N
KC108978,Hyderabad,TS,2024-08-07,N
KC108979,Indore,MP,2023-01-19,N
KC108980,Jaipur,RJ,2023-01-19,N
KC108981,Bhopal,MP,2025-01-03,N
KC108982,Indore,MP,2025-08-15,N
KC108983,Delhi,DL,2023-03-17,N
KC108984,Nashik,MH,2022-11-24,N
KC108985,Warangal,TS,2026-06-07,N
KC108986,Indore,MP,2024-09-29,N
KC108987,Pune,MH,2023-04-02,N
KC108988,Bengaluru,KA,2026-08-08,N
KC108989,Nashik,MH,2025-03-30,N
KC108990,Bhopal,MP,2023-08-07,Y
KC108991,Nagpur,MH,2025-02-06,N
KC108992,Bhopal,MP,2024-12-05,Y
KC108993,Kota,RJ,2026-05-22,N
KC108994,Bhopal,MP,2024-10-15,N
KC108995,Hyderabad,TS,2025-12-23,N
KC108996,Hubballi,KA,2023-06-24,Y
KC108997,Aurangabad,MH,2023-01-02,N
KC108998,Aurangabad,MH,2025-06-15,N
KC108999,Aurangabad,MH,2023-01-26,N
